Order_ID,Order_Date,Region,Product_ID,Product,Category,Order_Value,Quantity
ORD778000,2025-10-04,East,P002,Smartphone,Electronics,746,5
ORD778001,2025-11-25,North,P011,Car Seat,Automotive,134,1
ORD778002,2025-02-19,East,P001,Laptop,Electronics,2081,4
ORD778003,2025-09-27,East,P003,Headphones,Electronics,863,9
ORD778004,2025-06-06,West,P002,Smartphone,Electronics,2436,5
ORD778005,2025-08-19,East,P015,Other Product,Others,1670,1
ORD778006,2025-08-15,North,P012,Engine Oil,Automotive,963,7
ORD778007,2025-08-29,South,P009,Sofa,Home & Living,1697,9
ORD778008,2025-05-14,South,P013,Face Cream,Health & Beauty,1072,9
ORD778009,2025-09-16,North,P013,Face Cream,Health & Beauty,1620,4
ORD778010,2025-09-25,North,P010,Dining Table,Home & Living,1859,1
ORD778011,2025-05-06,North,P014,Shampoo,Health & Beauty,2030,1
ORD778012,2025-07-20,South,P001,Laptop,Electronics,588,1
ORD778013,2025-05-08,South,P014,Shampoo,Health & Beauty,2291,9
ORD778014,2025-03-01,North,P008,Jacket,Apparel,1796,8
ORD778015,2025-04-26,North,P007,Jeans,Apparel,1056,9
ORD778016,2025-06-10,North,P006,T-Shirt,Apparel,1145,6
ORD778017,2025-08-18,South,P003,Headphones,Electronics,758,4
ORD778018,2025-02-04,West,P011,Car Seat,Automotive,1092,4
ORD778019,2025-07-10,South,P014,Shampoo,Health & Beauty,1786,2
ORD778020,2025-05-07,South,P004,Monitor,Electronics,1941,9
ORD778021,2025-01-13,North,P006,T-Shirt,Apparel,953,3
ORD778022,2025-06-02,North,P007,Jeans,Apparel,2411,5
ORD778023,2025-03-01,North,P001,Laptop,Electronics,1782,1
ORD778024,2025-04-30,North,P003,Headphones,Electronics,733,1
ORD778025,2025-08-27,North,P010,Dining Table,Home & Living,253,3
ORD778026,2025-03-27,North,P006,T-Shirt,Apparel,1881,5
ORD778027,2025-04-10,North,P006,T-Shirt,Apparel,1787,2
ORD778028,2025-06-12,East,P006,T-Shirt,Apparel,1730,2
ORD778029,2025-09-10,North,P011,Car Seat,Automotive,512,8
ORD778030,2025-08-05,West,P006,T-Shirt,Apparel,1787,7
ORD778031,2025-07-09,East,P010,Dining Table,Home & Living,496,3
ORD778032,2025-06-26,North,P011,Car Seat,Automotive,1592,4
ORD778033,2025-02-22,West,P008,Jacket,Apparel,334,2
ORD778034,2025-08-27,North,P005,Keyboard,Electronics,2176,5
ORD778035,2025-12-05,East,P002,Smartphone,Electronics,1305,7
ORD778036,2025-04-01,North,P011,Car Seat,Automotive,289,9
ORD778037,2025-07-10,South,P007,Jeans,Apparel,1350,3
ORD778038,2025-01-20,North,P014,Shampoo,Health & Beauty,1067,6
ORD778039,2025-06-05,South,P006,T-Shirt,Apparel,1324,1
ORD778040,2025-07-31,East,P008,Jacket,Apparel,976,5
ORD778041,2025-04-29,South,P008,Jacket,Apparel,2252,3
ORD778042,2025-11-07,West,P004,Monitor,Electronics,2001,1
ORD778043,2025-02-20,North,P003,Headphones,Electronics,367,1
ORD778044,2025-02-23,West,P013,Face Cream,Health & Beauty,863,2
ORD778045,2025-10-21,East,P005,Keyboard,Electronics,896,4
ORD778046,2025-05-18,West,P013,Face Cream,Health & Beauty,2006,9
ORD778047,2025-05-31,North,P009,Sofa,Home & Living,2069,3
ORD778048,2025-10-04,North,P003,Headphones,Electronics,1201,9
ORD778049,2025-10-09,West,P002,Smartphone,Electronics,738,8
ORD778050,2025-08-02,North,P004,Monitor,Electronics,2006,9
ORD778051,2025-04-29,South,P003,Headphones,Electronics,332,2
ORD778052,2025-04-21,East,P010,Dining Table,Home & Living,2075,6
ORD778053,2025-08-17,West,P002,Smartphone,Electronics,1163,5
ORD778054,2025-02-05,West,P005,Keyboard,Electronics,946,8
ORD778055,2025-01-26,North,P002,Smartphone,Electronics,2237,6
ORD778056,2025-10-20,South,P012,Engine Oil,Automotive,1291,2
ORD778057,2025-03-25,North,P004,Monitor,Electronics,335,2
ORD778058,2025-11-30,West,P013,Face Cream,Health & Beauty,1352,3
ORD778059,2025-08-01,North,P005,Keyboard,Electronics,1146,1
ORD778060,2025-06-02,South,P001,Laptop,Electronics,1571,4
ORD778061,2025-01-15,West,P012,Engine Oil,Automotive,2343,6
ORD778062,2025-11-18,West,P009,Sofa,Home & Living,229,3
ORD778063,2025-08-31,East,P012,Engine Oil,Automotive,1084,1
ORD778064,2025-04-21,East,P009,Sofa,Home & Living,2028,6
ORD778065,2025-02-20,East,P015,Other Product,Others,1954,6
ORD778066,2025-02-24,North,P007,Jeans,Apparel,636,6
ORD778067,2025-07-29,South,P002,Smartphone,Electronics,384,6
ORD778068,2025-06-03,North,P015,Other Product,Others,426,1
ORD778069,2025-08-12,North,P006,T-Shirt,Apparel,1087,1
ORD778070,2025-04-24,South,P013,Face Cream,Health & Beauty,2234,7
ORD778071,2025-10-15,East,P002,Smartphone,Electronics,1387,2
ORD778072,2025-10-18,North,P015,Other Product,Others,246,3
ORD778073,2025-02-05,East,P008,Jacket,Apparel,1379,9
ORD778074,2025-08-14,West,P014,Shampoo,Health & Beauty,620,8
ORD778075,2025-08-25,South,P013,Face Cream,Health & Beauty,1479,9
ORD778076,2025-02-03,East,P015,Other Product,Others,1872,9
ORD778077,2025-11-05,North,P007,Jeans,Apparel,128,5
ORD778078,2025-09-24,North,P010,Dining Table,Home & Living,850,4
ORD778079,2025-08-15,West,P010,Dining Table,Home & Living,1038,8
ORD778080,2025-02-11,South,P009,Sofa,Home & Living,1140,9
ORD778081,2025-11-07,South,P015,Other Product,Others,588,7
ORD778082,2025-10-09,East,P001,Laptop,Electronics,1034,3
ORD778083,2025-04-13,North,P014,Shampoo,Health & Beauty,1020,2
ORD778084,2025-06-10,West,P004,Monitor,Electronics,913,4
ORD778085,2025-01-29,West,P003,Headphones,Electronics,2150,8
ORD778086,2025-06-07,West,P006,T-Shirt,Apparel,1928,5
ORD778087,2025-07-17,West,P005,Keyboard,Electronics,984,3
ORD778088,2025-11-26,North,P004,Monitor,Electronics,2013,1
ORD778089,2025-03-02,North,P009,Sofa,Home & Living,1390,9
ORD778090,2025-11-19,North,P008,Jacket,Apparel,1074,6
ORD778091,2025-11-24,East,P004,Monitor,Electronics,1691,8
ORD778092,2025-12-20,South,P002,Smartphone,Electronics,462,9
ORD778093,2025-06-30,East,P010,Dining Table,Home & Living,1674,2
ORD778094,2025-12-22,East,P006,T-Shirt,Apparel,1107,6
ORD778095,2025-03-15,South,P013,Face Cream,Health & Beauty,1017,1
ORD778096,2025-07-12,North,P006,T-Shirt,Apparel,2226,3
ORD778097,2025-02-27,North,P012,Engine Oil,Automotive,1073,4
ORD778098,2025-01-22,North,P002,Smartphone,Electronics,669,6
ORD778099,2025-01-15,East,P010,Dining Table,Home & Living,2346,3
ORD778100,2025-12-15,North,P011,Car Seat,Automotive,1116,6
ORD778101,2025-04-27,East,P007,Jeans,Apparel,2143,6
ORD778102,2025-09-24,South,P011,Car Seat,Automotive,101,1
ORD778103,2025-10-16,West,P015,Other Product,Others,205,7
ORD778104,2025-11-01,West,P010,Dining Table,Home & Living,1207,7
ORD778105,2025-03-25,East,P012,Engine Oil,Automotive,2269,3
ORD778106,2025-02-24,South,P014,Shampoo,Health & Beauty,411,9
ORD778107,2025-02-28,East,P013,Face Cream,Health & Beauty,1487,4
ORD778108,2025-06-01,South,P001,Laptop,Electronics,854,3
ORD778109,2025-07-05,West,P009,Sofa,Home & Living,101,7
ORD778110,2025-10-20,West,P010,Dining Table,Home & Living,127,2
ORD778111,2025-06-12,East,P014,Shampoo,Health & Beauty,2093,9
ORD778112,2025-09-14,South,P015,Other Product,Others,2312,1
ORD778113,2025-04-30,West,P014,Shampoo,Health & Beauty,2266,3
ORD778114,2025-07-17,North,P008,Jacket,Apparel,1308,7
ORD778115,2025-08-11,North,P001,Laptop,Electronics,991,7
ORD778116,2025-01-08,West,P013,Face Cream,Health & Beauty,402,8
ORD778117,2025-03-17,North,P006,T-Shirt,Apparel,803,6
ORD778118,2025-03-04,West,P001,Laptop,Electronics,1100,7
ORD778119,2025-12-05,West,P012,Engine Oil,Automotive,1540,1
ORD778120,2025-08-12,South,P007,Jeans,Apparel,2047,5
ORD778121,2025-08-09,South,P010,Dining Table,Home & Living,506,7
ORD778122,2025-12-02,East,P007,Jeans,Apparel,472,4
ORD778123,2025-01-27,West,P014,Shampoo,Health & Beauty,1386,7
ORD778124,2025-06-08,East,P003,Headphones,Electronics,2288,7
ORD778125,2025-04-28,South,P004,Monitor,Electronics,149,8
ORD778126,2025-01-19,West,P014,Shampoo,Health & Beauty,730,5
ORD778127,2025-05-30,North,P014,Shampoo,Health & Beauty,1443,3
ORD778128,2025-09-20,East,P014,Shampoo,Health & Beauty,2435,7
ORD778129,2025-04-19,North,P002,Smartphone,Electronics,1055,5
ORD778130,2025-01-27,East,P009,Sofa,Home & Living,1594,4
ORD778131,2025-09-21,East,P006,T-Shirt,Apparel,336,7
ORD778132,2025-12-14,West,P010,Dining Table,Home & Living,1284,5
ORD778133,2025-09-29,South,P012,Engine Oil,Automotive,1966,3
ORD778134,2025-06-29,North,P005,Keyboard,Electronics,660,6
ORD778135,2025-03-23,East,P013,Face Cream,Health & Beauty,1911,2
ORD778136,2025-09-13,West,P015,Other Product,Others,2060,6
ORD778137,2025-01-25,East,P014,Shampoo,Health & Beauty,1781,6
ORD778138,2025-06-09,North,P008,Jacket,Apparel,789,8
ORD778139,2025-03-24,North,P008,Jacket,Apparel,519,6
ORD778140,2025-08-19,East,P001,Laptop,Electronics,1697,5
ORD778141,2025-09-03,West,P004,Monitor,Electronics,2485,5
ORD778142,2025-06-22,North,P013,Face Cream,Health & Beauty,723,2
ORD778143,2025-08-20,West,P014,Shampoo,Health & Beauty,2176,1
ORD778144,2025-01-10,West,P004,Monitor,Electronics,955,3
ORD778145,2025-03-10,East,P010,Dining Table,Home & Living,1768,4
ORD778146,2025-10-04,South,P009,Sofa,Home & Living,2497,6
ORD778147,2025-12-18,North,P004,Monitor,Electronics,1713,9
ORD778148,2025-06-18,West,P001,Laptop,Electronics,1411,2
ORD778149,2025-01-11,North,P012,Engine Oil,Automotive,2103,5
ORD778150,2025-06-21,North,P006,T-Shirt,Apparel,2027,8
ORD778151,2025-08-26,West,P008,Jacket,Apparel,562,4
ORD778152,2025-10-10,West,P004,Monitor,Electronics,1930,9
ORD778153,2025-05-08,South,P007,Jeans,Apparel,1528,7
ORD778154,2025-08-07,North,P008,Jacket,Apparel,1878,7
ORD778155,2025-03-11,West,P007,Jeans,Apparel,2123,7
ORD778156,2025-07-21,East,P013,Face Cream,Health & Beauty,1178,4
ORD778157,2025-09-11,South,P008,Jacket,Apparel,967,3
ORD778158,2025-06-22,North,P005,Keyboard,Electronics,260,1
ORD778159,2025-07-17,East,P010,Dining Table,Home & Living,1894,1
ORD778160,2025-12-16,West,P010,Dining Table,Home & Living,2056,4
ORD778161,2025-02-18,South,P009,Sofa,Home & Living,1305,9
ORD778162,2025-01-31,West,P012,Engine Oil,Automotive,1741,9
ORD778163,2025-07-24,North,P007,Jeans,Apparel,2110,7
ORD778164,2025-03-11,West,P003,Headphones,Electronics,1205,5
ORD778165,2025-05-11,East,P011,Car Seat,Automotive,728,4
ORD778166,2025-11-23,East,P013,Face Cream,Health & Beauty,952,5
ORD778167,2025-01-02,East,P005,Keyboard,Electronics,1827,3
ORD778168,2025-11-15,South,P003,Headphones,Electronics,2205,1
ORD778169,2025-03-07,North,P007,Jeans,Apparel,406,8
ORD778170,2025-09-25,South,P006,T-Shirt,Apparel,947,3
ORD778171,2025-12-31,West,P012,Engine Oil,Automotive,1881,3
ORD778172,2025-02-01,North,P012,Engine Oil,Automotive,1858,7
ORD778173,2025-05-08,North,P010,Dining Table,Home & Living,364,4
ORD778174,2025-05-14,East,P001,Laptop,Electronics,2303,8
ORD778175,2025-08-06,North,P013,Face Cream,Health & Beauty,1030,1
ORD778176,2025-07-31,East,P014,Shampoo,Health & Beauty,739,3
ORD778177,2025-01-04,West,P002,Smartphone,Electronics,492,3
ORD778178,2025-09-09,East,P014,Shampoo,Health & Beauty,1782,4
ORD778179,2025-10-08,South,P004,Monitor,Electronics,1079,7
ORD778180,2025-07-25,East,P015,Other Product,Others,364,1
ORD778181,2025-11-04,South,P008,Jacket,Apparel,1721,9
ORD778182,2025-04-30,North,P006,T-Shirt,Apparel,2144,9
ORD778183,2025-11-20,West,P005,Keyboard,Electronics,2379,5
ORD778184,2025-11-03,South,P001,Laptop,Electronics,1285,7
ORD778185,2025-12-27,South,P011,Car Seat,Automotive,461,1
ORD778186,2025-04-03,South,P005,Keyboard,Electronics,1930,5
ORD778187,2025-09-02,East,P002,Smartphone,Electronics,282,9
ORD778188,2025-02-08,South,P009,Sofa,Home & Living,2052,7
ORD778189,2025-09-07,East,P006,T-Shirt,Apparel,1874,8
ORD778190,2025-03-25,West,P004,Monitor,Electronics,309,3
ORD778191,2025-04-28,North,P015,Other Product,Others,367,3
ORD778192,2025-08-23,South,P003,Headphones,Electronics,1781,4
ORD778193,2025-04-09,North,P014,Shampoo,Health & Beauty,1241,4
ORD778194,2025-06-16,South,P006,T-Shirt,Apparel,1013,3
ORD778195,2025-05-06,East,P003,Headphones,Electronics,1499,8
ORD778196,2025-03-08,West,P015,Other Product,Others,2269,5
ORD778197,2025-06-19,South,P013,Face Cream,Health & Beauty,1401,4
ORD778198,2025-03-10,North,P004,Monitor,Electronics,440,5
ORD778199,2025-10-27,West,P007,Jeans,Apparel,2251,6
ORD778200,2025-09-06,West,P002,Smartphone,Electronics,1989,6
ORD778201,2025-06-22,South,P003,Headphones,Electronics,982,3
ORD778202,2025-06-03,West,P002,Smartphone,Electronics,1814,5
ORD778203,2025-08-07,South,P002,Smartphone,Electronics,1446,5
ORD778204,2025-01-13,West,P010,Dining Table,Home & Living,795,9
ORD778205,2025-08-10,North,P014,Shampoo,Health & Beauty,2148,5
ORD778206,2025-05-21,West,P006,T-Shirt,Apparel,513,6
ORD778207,2025-03-16,South,P007,Jeans,Apparel,2469,2
ORD778208,2025-01-13,East,P013,Face Cream,Health & Beauty,2468,1
ORD778209,2025-08-21,North,P008,Jacket,Apparel,759,2
ORD778210,2025-01-14,South,P003,Headphones,Electronics,1198,9
ORD778211,2025-07-23,South,P003,Headphones,Electronics,988,9
ORD778212,2025-03-06,North,P010,Dining Table,Home & Living,2095,3
ORD778213,2025-07-05,North,P010,Dining Table,Home & Living,1028,8
ORD778214,2025-12-30,North,P008,Jacket,Apparel,1123,9
ORD778215,2025-12-21,South,P001,Laptop,Electronics,748,9
ORD778216,2025-06-15,South,P013,Face Cream,Health & Beauty,1039,5
ORD778217,2025-01-28,East,P012,Engine Oil,Automotive,657,5
ORD778218,2025-04-12,South,P005,Keyboard,Electronics,839,6
ORD778219,2025-11-17,South,P007,Jeans,Apparel,1859,5
ORD778220,2025-06-02,West,P006,T-Shirt,Apparel,324,7
ORD778221,2025-08-05,South,P015,Other Product,Others,1341,4
ORD778222,2025-03-31,West,P014,Shampoo,Health & Beauty,125,9
ORD778223,2025-10-28,North,P002,Smartphone,Electronics,785,2
ORD778224,2025-10-09,North,P010,Dining Table,Home & Living,1245,5
ORD778225,2025-02-15,North,P012,Engine Oil,Automotive,2478,2
ORD778226,2025-01-11,South,P010,Dining Table,Home & Living,2458,6
ORD778227,2025-06-03,North,P010,Dining Table,Home & Living,2119,1
ORD778228,2025-02-08,West,P003,Headphones,Electronics,2318,5
ORD778229,2025-08-04,West,P014,Shampoo,Health & Beauty,109,4
ORD778230,2025-09-22,North,P010,Dining Table,Home & Living,373,4
ORD778231,2025-12-15,East,P006,T-Shirt,Apparel,2024,1
ORD778232,2025-10-05,West,P010,Dining Table,Home & Living,799,7
ORD778233,2025-10-30,West,P003,Headphones,Electronics,211,7
ORD778234,2025-02-15,North,P006,T-Shirt,Apparel,389,9
ORD778235,2025-06-30,North,P008,Jacket,Apparel,1738,6
ORD778236,2025-03-26,South,P008,Jacket,Apparel,968,9
ORD778237,2025-04-22,West,P003,Headphones,Electronics,1922,2
ORD778238,2025-09-12,South,P005,Keyboard,Electronics,1956,9
ORD778239,2025-02-20,South,P004,Monitor,Electronics,862,9
ORD778240,2025-03-14,South,P008,Jacket,Apparel,1667,4
ORD778241,2025-12-05,West,P009,Sofa,Home & Living,1291,3
ORD778242,2025-07-12,South,P001,Laptop,Electronics,982,9
ORD778243,2025-11-24,North,P009,Sofa,Home & Living,2478,5
ORD778244,2025-10-10,South,P011,Car Seat,Automotive,825,5
ORD778245,2025-02-16,South,P008,Jacket,Apparel,460,9
ORD778246,2025-08-06,South,P012,Engine Oil,Automotive,1812,7
ORD778247,2025-09-23,South,P001,Laptop,Electronics,1049,4
ORD778248,2025-04-18,South,P008,Jacket,Apparel,1566,4
ORD778249,2025-02-28,East,P002,Smartphone,Electronics,1371,6
ORD778250,2025-12-22,East,P006,T-Shirt,Apparel,2193,6
ORD778251,2025-06-25,East,P012,Engine Oil,Automotive,172,3
ORD778252,2025-09-05,North,P015,Other Product,Others,2140,5
ORD778253,2025-10-26,North,P015,Other Product,Others,374,4
ORD778254,2025-11-15,South,P005,Keyboard,Electronics,489,9
ORD778255,2025-10-22,North,P004,Monitor,Electronics,1311,6
ORD778256,2025-06-17,South,P004,Monitor,Electronics,234,6
ORD778257,2025-03-29,West,P010,Dining Table,Home & Living,2132,5
ORD778258,2025-08-30,West,P010,Dining Table,Home & Living,1788,5
ORD778259,2025-03-02,South,P014,Shampoo,Health & Beauty,2244,1
ORD778260,2025-08-01,West,P011,Car Seat,Automotive,1408,5
ORD778261,2025-03-28,North,P012,Engine Oil,Automotive,857,1
ORD778262,2025-07-28,South,P006,T-Shirt,Apparel,246,6
ORD778263,2025-06-01,East,P010,Dining Table,Home & Living,240,6
ORD778264,2025-04-03,South,P006,T-Shirt,Apparel,1437,1
ORD778265,2025-04-13,South,P008,Jacket,Apparel,1947,1
ORD778266,2025-04-03,West,P004,Monitor,Electronics,998,5
ORD778267,2025-01-30,East,P013,Face Cream,Health & Beauty,181,2
ORD778268,2025-11-29,West,P001,Laptop,Electronics,1630,4
ORD778269,2025-11-27,East,P003,Headphones,Electronics,2461,5
ORD778270,2025-11-14,West,P015,Other Product,Others,1090,3
ORD778271,2025-10-04,East,P009,Sofa,Home & Living,749,1
ORD778272,2025-08-06,East,P004,Monitor,Electronics,2115,5
ORD778273,2025-04-20,North,P003,Headphones,Electronics,303,1
ORD778274,2025-01-28,North,P011,Car Seat,Automotive,554,8
ORD778275,2025-03-18,West,P010,Dining Table,Home & Living,1574,3
ORD778276,2025-12-17,North,P002,Smartphone,Electronics,265,8
ORD778277,2025-04-24,East,P006,T-Shirt,Apparel,482,3
ORD778278,2025-06-20,East,P010,Dining Table,Home & Living,1000,3
ORD778279,2025-05-29,West,P011,Car Seat,Automotive,1845,8
ORD778280,2025-03-16,North,P015,Other Product,Others,2340,8
ORD778281,2025-08-02,East,P009,Sofa,Home & Living,189,2
ORD778282,2025-10-20,West,P001,Laptop,Electronics,739,4
ORD778283,2025-04-26,North,P004,Monitor,Electronics,564,7
ORD778284,2025-11-09,South,P008,Jacket,Apparel,593,2
ORD778285,2025-03-12,North,P010,Dining Table,Home & Living,1931,8
ORD778286,2025-10-23,North,P003,Headphones,Electronics,1461,6
ORD778287,2025-12-10,North,P012,Engine Oil,Automotive,1090,9
ORD778288,2025-04-16,North,P010,Dining Table,Home & Living,1205,9
ORD778289,2025-11-28,South,P005,Keyboard,Electronics,2032,1
ORD778290,2025-08-17,South,P014,Shampoo,Health & Beauty,2267,5
ORD778291,2025-08-10,West,P009,Sofa,Home & Living,798,1
ORD778292,2025-11-11,West,P002,Smartphone,Electronics,375,4
ORD778293,2025-07-24,North,P015,Other Product,Others,880,7
ORD778294,2025-08-17,South,P004,Monitor,Electronics,1294,5
ORD778295,2025-04-04,North,P006,T-Shirt,Apparel,2455,9
ORD778296,2025-07-01,West,P005,Keyboard,Electronics,982,7
ORD778297,2025-06-20,East,P004,Monitor,Electronics,291,3
ORD778298,2025-11-06,North,P009,Sofa,Home & Living,2331,6
ORD778299,2025-01-28,West,P009,Sofa,Home & Living,1076,9
ORD778300,2025-08-16,East,P007,Jeans,Apparel,1067,8
ORD778301,2025-07-27,South,P010,Dining Table,Home & Living,1196,4
ORD778302,2025-12-26,East,P007,Jeans,Apparel,2498,2
ORD778303,2025-12-06,West,P013,Face Cream,Health & Beauty,1592,1
ORD778304,2025-10-21,East,P014,Shampoo,Health & Beauty,2087,2
ORD778305,2025-05-29,West,P015,Other Product,Others,1816,7
ORD778306,2025-02-06,North,P011,Car Seat,Automotive,990,8
ORD778307,2025-08-08,West,P012,Engine Oil,Automotive,651,5
ORD778308,2025-04-21,East,P004,Monitor,Electronics,1776,1
ORD778309,2025-06-15,South,P010,Dining Table,Home & Living,506,9
ORD778310,2025-01-26,West,P009,Sofa,Home & Living,118,3
ORD778311,2025-12-03,East,P014,Shampoo,Health & Beauty,1251,5
ORD778312,2025-08-27,North,P013,Face Cream,Health & Beauty,975,3
ORD778313,2025-04-13,East,P012,Engine Oil,Automotive,552,6
ORD778314,2025-05-02,North,P011,Car Seat,Automotive,546,3
ORD778315,2025-04-16,North,P011,Car Seat,Automotive,2297,7
ORD778316,2025-09-24,South,P004,Monitor,Electronics,224,5
ORD778317,2025-02-16,South,P005,Keyboard,Electronics,474,9
ORD778318,2025-01-25,East,P012,Engine Oil,Automotive,1077,6
ORD778319,2025-11-27,South,P009,Sofa,Home & Living,1881,2
ORD778320,2025-11-11,South,P003,Headphones,Electronics,175,5
ORD778321,2025-05-31,North,P011,Car Seat,Automotive,163,5
ORD778322,2025-01-27,West,P015,Other Product,Others,570,2
ORD778323,2025-05-21,North,P008,Jacket,Apparel,2386,9
ORD778324,2025-05-28,East,P003,Headphones,Electronics,1933,9
ORD778325,2025-04-16,South,P001,Laptop,Electronics,2341,8
ORD778326,2025-09-30,South,P012,Engine Oil,Automotive,1471,1
ORD778327,2025-02-16,North,P006,T-Shirt,Apparel,111,3
ORD778328,2025-10-10,East,P007,Jeans,Apparel,1860,8
ORD778329,2025-12-27,East,P007,Jeans,Apparel,2159,8
ORD778330,2025-03-14,South,P014,Shampoo,Health & Beauty,1509,9
ORD778331,2025-03-19,South,P001,Laptop,Electronics,1251,6
ORD778332,2025-02-05,West,P015,Other Product,Others,579,5
ORD778333,2025-05-29,East,P003,Headphones,Electronics,655,2
ORD778334,2025-09-18,North,P006,T-Shirt,Apparel,2337,7
ORD778335,2025-10-15,West,P008,Jacket,Apparel,2219,7
ORD778336,2025-05-09,South,P014,Shampoo,Health & Beauty,228,1
ORD778337,2025-07-13,East,P007,Jeans,Apparel,1802,4
ORD778338,2025-08-31,South,P001,Laptop,Electronics,1149,7
ORD778339,2025-10-26,North,P001,Laptop,Electronics,526,3
ORD778340,2025-08-18,East,P009,Sofa,Home & Living,1993,3
ORD778341,2025-04-27,South,P002,Smartphone,Electronics,465,6
ORD778342,2025-08-03,West,P007,Jeans,Apparel,897,1
ORD778343,2025-07-27,North,P001,Laptop,Electronics,2364,7
ORD778344,2025-10-05,North,P012,Engine Oil,Automotive,1029,4
ORD778345,2025-05-12,North,P012,Engine Oil,Automotive,1406,9
ORD778346,2025-05-26,North,P010,Dining Table,Home & Living,1401,2
ORD778347,2025-04-18,West,P003,Headphones,Electronics,1224,2
ORD778348,2025-04-05,West,P002,Smartphone,Electronics,1284,5
ORD778349,2025-09-28,East,P008,Jacket,Apparel,679,2
ORD778350,2025-07-15,South,P014,Shampoo,Health & Beauty,1802,3
ORD778351,2025-04-29,South,P004,Monitor,Electronics,1024,3
ORD778352,2025-12-05,East,P011,Car Seat,Automotive,550,8
ORD778353,2025-12-09,South,P015,Other Product,Others,1614,8
ORD778354,2025-11-02,North,P011,Car Seat,Automotive,1264,2
ORD778355,2025-11-11,North,P013,Face Cream,Health & Beauty,1093,3
ORD778356,2025-01-06,East,P010,Dining Table,Home & Living,274,2
ORD778357,2025-04-21,South,P002,Smartphone,Electronics,1973,7
ORD778358,2025-08-08,South,P009,Sofa,Home & Living,393,7
ORD778359,2025-11-06,North,P014,Shampoo,Health & Beauty,762,3
ORD778360,2025-03-05,East,P010,Dining Table,Home & Living,1426,8
ORD778361,2025-06-19,South,P013,Face Cream,Health & Beauty,2248,6
ORD778362,2025-04-27,North,P007,Jeans,Apparel,1198,2
ORD778363,2025-06-17,North,P006,T-Shirt,Apparel,252,1
ORD778364,2025-05-06,East,P011,Car Seat,Automotive,580,2
ORD778365,2025-12-02,North,P012,Engine Oil,Automotive,373,8
ORD778366,2025-09-01,South,P002,Smartphone,Electronics,887,2
ORD778367,2025-04-21,East,P014,Shampoo,Health & Beauty,1734,5
ORD778368,2025-10-25,West,P001,Laptop,Electronics,1955,7
ORD778369,2025-12-07,West,P011,Car Seat,Automotive,1757,7
ORD778370,2025-08-08,North,P001,Laptop,Electronics,1490,8
ORD778371,2025-12-27,South,P005,Keyboard,Electronics,210,6
ORD778372,2025-08-20,West,P005,Keyboard,Electronics,1013,7
ORD778373,2025-05-14,East,P012,Engine Oil,Automotive,2225,3
ORD778374,2025-03-31,North,P002,Smartphone,Electronics,290,8
ORD778375,2025-11-08,East,P005,Keyboard,Electronics,2008,1
ORD778376,2025-06-27,South,P010,Dining Table,Home & Living,1491,1
ORD778377,2025-01-24,North,P009,Sofa,Home & Living,1611,4
ORD778378,2025-08-29,North,P013,Face Cream,Health & Beauty,2457,2
ORD778379,2025-07-28,South,P007,Jeans,Apparel,947,7
ORD778380,2025-05-10,West,P014,Shampoo,Health & Beauty,1549,9
ORD778381,2025-11-18,North,P005,Keyboard,Electronics,2244,1
ORD778382,2025-08-04,South,P010,Dining Table,Home & Living,571,8
ORD778383,2025-04-23,South,P009,Sofa,Home & Living,925,4
ORD778384,2025-11-19,West,P005,Keyboard,Electronics,1969,9
ORD778385,2025-09-08,South,P002,Smartphone,Electronics,182,6
ORD778386,2025-11-15,North,P005,Keyboard,Electronics,221,1
ORD778387,2025-10-21,South,P012,Engine Oil,Automotive,919,5
ORD778388,2025-07-17,North,P013,Face Cream,Health & Beauty,634,7
ORD778389,2025-06-30,North,P012,Engine Oil,Automotive,228,6
ORD778390,2025-08-27,South,P012,Engine Oil,Automotive,647,7
ORD778391,2025-07-11,North,P004,Monitor,Electronics,1978,2
ORD778392,2025-04-07,West,P013,Face Cream,Health & Beauty,325,4
ORD778393,2025-05-06,North,P005,Keyboard,Electronics,2334,2
ORD778394,2025-05-10,South,P011,Car Seat,Automotive,140,8
ORD778395,2025-04-30,South,P006,T-Shirt,Apparel,1838,5
ORD778396,2025-05-29,South,P003,Headphones,Electronics,256,4
ORD778397,2025-12-04,South,P006,T-Shirt,Apparel,191,1
ORD778398,2025-12-04,West,P008,Jacket,Apparel,1431,4
ORD778399,2025-04-28,East,P010,Dining Table,Home & Living,247,7
ORD778400,2025-08-21,North,P008,Jacket,Apparel,1637,1
ORD778401,2025-05-20,West,P006,T-Shirt,Apparel,2451,2
ORD778402,2025-03-25,West,P005,Keyboard,Electronics,2096,4
ORD778403,2025-10-05,North,P002,Smartphone,Electronics,915,7
ORD778404,2025-03-10,North,P008,Jacket,Apparel,1272,9
ORD778405,2025-09-24,East,P014,Shampoo,Health & Beauty,2036,1
ORD778406,2025-08-11,South,P008,Jacket,Apparel,1204,2
ORD778407,2025-09-19,North,P007,Jeans,Apparel,2359,8
ORD778408,2025-10-19,North,P007,Jeans,Apparel,1252,6
ORD778409,2025-10-21,North,P005,Keyboard,Electronics,169,5
ORD778410,2025-02-26,North,P005,Keyboard,Electronics,2061,9
ORD778411,2025-11-27,West,P014,Shampoo,Health & Beauty,534,2
ORD778412,2025-09-03,East,P009,Sofa,Home & Living,1284,8
ORD778413,2025-03-30,North,P012,Engine Oil,Automotive,1653,9
ORD778414,2025-04-22,East,P001,Laptop,Electronics,767,2
ORD778415,2025-03-18,West,P014,Shampoo,Health & Beauty,1520,5
ORD778416,2025-11-26,East,P012,Engine Oil,Automotive,2158,5
ORD778417,2025-05-31,South,P002,Smartphone,Electronics,973,9
ORD778418,2025-10-27,South,P014,Shampoo,Health & Beauty,1968,7
ORD778419,2025-04-16,South,P013,Face Cream,Health & Beauty,1806,9
ORD778420,2025-05-23,East,P015,Other Product,Others,1543,5
ORD778421,2025-01-09,West,P014,Shampoo,Health & Beauty,1330,4
ORD778422,2025-03-10,North,P004,Monitor,Electronics,1018,6
ORD778423,2025-05-12,East,P014,Shampoo,Health & Beauty,788,9
ORD778424,2025-01-27,South,P009,Sofa,Home & Living,1947,4
ORD778425,2025-12-17,West,P008,Jacket,Apparel,513,2
ORD778426,2025-07-25,North,P008,Jacket,Apparel,141,9
ORD778427,2025-08-19,West,P007,Jeans,Apparel,1268,5
ORD778428,2025-02-27,North,P009,Sofa,Home & Living,1501,6
ORD778429,2025-11-09,West,P003,Headphones,Electronics,1912,2
ORD778430,2025-07-17,West,P004,Monitor,Electronics,2103,4
ORD778431,2025-06-21,North,P010,Dining Table,Home & Living,2358,8
ORD778432,2025-04-28,North,P008,Jacket,Apparel,1204,7
ORD778433,2025-02-05,North,P007,Jeans,Apparel,822,2
ORD778434,2025-01-17,West,P010,Dining Table,Home & Living,2256,1
ORD778435,2025-01-10,North,P008,Jacket,Apparel,1889,2
ORD778436,2025-11-23,South,P004,Monitor,Electronics,2305,4
ORD778437,2025-06-16,West,P013,Face Cream,Health & Beauty,1258,9
ORD778438,2025-12-17,South,P003,Headphones,Electronics,2474,9
ORD778439,2025-09-09,South,P008,Jacket,Apparel,2086,3
ORD778440,2025-08-02,East,P014,Shampoo,Health & Beauty,424,9
ORD778441,2025-08-07,South,P011,Car Seat,Automotive,913,6
ORD778442,2025-09-30,North,P013,Face Cream,Health & Beauty,1490,7
ORD778443,2025-11-19,South,P003,Headphones,Electronics,1069,1
ORD778444,2025-02-26,West,P001,Laptop,Electronics,938,2
ORD778445,2025-03-11,North,P008,Jacket,Apparel,1193,6
ORD778446,2025-05-10,West,P010,Dining Table,Home & Living,1289,6
ORD778447,2025-10-20,South,P009,Sofa,Home & Living,2032,9
ORD778448,2025-11-11,West,P015,Other Product,Others,1087,2
ORD778449,2025-02-22,West,P002,Smartphone,Electronics,1993,1
ORD778450,2025-01-21,South,P010,Dining Table,Home & Living,695,3
ORD778451,2025-07-10,South,P001,Laptop,Electronics,601,5
ORD778452,2025-02-18,South,P008,Jacket,Apparel,1380,5
ORD778453,2025-09-16,West,P012,Engine Oil,Automotive,457,9
ORD778454,2025-09-21,South,P011,Car Seat,Automotive,1789,6
ORD778455,2025-03-21,West,P003,Headphones,Electronics,2161,5
ORD778456,2025-08-13,South,P012,Engine Oil,Automotive,382,2
ORD778457,2025-01-25,West,P008,Jacket,Apparel,1701,2
ORD778458,2025-03-28,West,P015,Other Product,Others,204,3
ORD778459,2025-02-15,West,P014,Shampoo,Health & Beauty,1011,9
ORD778460,2025-09-24,West,P013,Face Cream,Health & Beauty,2462,7
ORD778461,2025-09-16,North,P012,Engine Oil,Automotive,2203,3
ORD778462,2025-04-22,West,P002,Smartphone,Electronics,1479,4
ORD778463,2025-03-09,West,P003,Headphones,Electronics,884,3
ORD778464,2025-03-14,South,P014,Shampoo,Health & Beauty,2358,5
ORD778465,2025-03-23,South,P006,T-Shirt,Apparel,461,9
ORD778466,2025-04-10,West,P003,Headphones,Electronics,819,3
ORD778467,2025-04-24,East,P007,Jeans,Apparel,1215,4
ORD778468,2025-10-20,North,P011,Car Seat,Automotive,573,9
ORD778469,2025-09-10,North,P011,Car Seat,Automotive,271,2
ORD778470,2025-12-18,South,P004,Monitor,Electronics,412,8
ORD778471,2025-02-22,South,P008,Jacket,Apparel,715,4
ORD778472,2025-02-15,East,P010,Dining Table,Home & Living,872,8
ORD778473,2025-07-30,North,P013,Face Cream,Health & Beauty,466,7
ORD778474,2025-05-15,East,P014,Shampoo,Health & Beauty,1988,2
ORD778475,2025-08-30,North,P008,Jacket,Apparel,757,9
ORD778476,2025-03-13,East,P005,Keyboard,Electronics,1786,7
ORD778477,2025-04-14,North,P003,Headphones,Electronics,1309,2
ORD778478,2025-10-18,South,P012,Engine Oil,Automotive,220,4
ORD778479,2025-05-09,East,P001,Laptop,Electronics,1297,3
ORD778480,2025-05-23,South,P005,Keyboard,Electronics,1318,9
ORD778481,2025-10-31,North,P004,Monitor,Electronics,297,7
ORD778482,2025-02-13,South,P014,Shampoo,Health & Beauty,2362,5
ORD778483,2025-03-26,West,P012,Engine Oil,Automotive,1466,9
ORD778484,2025-05-10,East,P013,Face Cream,Health & Beauty,137,4
ORD778485,2025-01-25,South,P002,Smartphone,Electronics,1414,5
ORD778486,2025-10-05,North,P007,Jeans,Apparel,431,7
ORD778487,2025-03-30,North,P006,T-Shirt,Apparel,903,1
ORD778488,2025-11-15,North,P011,Car Seat,Automotive,1664,7
ORD778489,2025-09-02,North,P008,Jacket,Apparel,1563,2
ORD778490,2025-05-31,South,P005,Keyboard,Electronics,695,9
ORD778491,2025-07-15,West,P006,T-Shirt,Apparel,2375,1
ORD778492,2025-10-15,North,P015,Other Product,Others,868,5
ORD778493,2025-07-17,West,P004,Monitor,Electronics,1859,1
ORD778494,2025-08-20,North,P003,Headphones,Electronics,2374,8
ORD778495,2025-07-01,East,P002,Smartphone,Electronics,1736,5
ORD778496,2025-01-29,South,P001,Laptop,Electronics,1627,2
ORD778497,2025-05-03,East,P015,Other Product,Others,1034,8
ORD778498,2025-03-16,North,P001,Laptop,Electronics,620,9
ORD778499,2025-04-11,East,P005,Keyboard,Electronics,869,7
ORD778500,2025-12-03,South,P013,Face Cream,Health & Beauty,1170,6
ORD778501,2025-09-03,North,P010,Dining Table,Home & Living,2263,2
ORD778502,2025-07-25,South,P007,Jeans,Apparel,2475,7
ORD778503,2025-03-04,South,P001,Laptop,Electronics,1613,2
ORD778504,2025-12-30,South,P002,Smartphone,Electronics,1824,7
ORD778505,2025-10-17,South,P012,Engine Oil,Automotive,434,8
ORD778506,2025-03-15,South,P007,Jeans,Apparel,1555,2
ORD778507,2025-07-23,West,P006,T-Shirt,Apparel,282,8
ORD778508,2025-12-23,East,P011,Car Seat,Automotive,236,8
ORD778509,2025-03-28,South,P010,Dining Table,Home & Living,1811,8
ORD778510,2025-10-22,South,P011,Car Seat,Automotive,2455,6
ORD778511,2025-08-09,North,P007,Jeans,Apparel,924,8
ORD778512,2025-01-10,East,P005,Keyboard,Electronics,923,8
ORD778513,2025-02-25,West,P001,Laptop,Electronics,1600,8
ORD778514,2025-08-13,North,P003,Headphones,Electronics,1456,7
ORD778515,2025-10-19,West,P006,T-Shirt,Apparel,764,7
ORD778516,2025-03-26,East,P004,Monitor,Electronics,697,8
ORD778517,2025-02-21,West,P006,T-Shirt,Apparel,2167,1
ORD778518,2025-07-27,West,P014,Shampoo,Health & Beauty,2226,9
ORD778519,2025-06-25,South,P015,Other Product,Others,1515,9
ORD778520,2025-04-06,South,P002,Smartphone,Electronics,2368,6
ORD778521,2025-02-15,East,P010,Dining Table,Home & Living,2063,2
ORD778522,2025-08-30,West,P010,Dining Table,Home & Living,227,1
ORD778523,2025-11-11,North,P005,Keyboard,Electronics,588,2
ORD778524,2025-12-23,East,P001,Laptop,Electronics,1323,2
ORD778525,2025-06-29,South,P002,Smartphone,Electronics,2026,1
ORD778526,2025-04-03,North,P002,Smartphone,Electronics,694,5
ORD778527,2025-12-10,West,P005,Keyboard,Electronics,2163,7
ORD778528,2025-03-18,West,P011,Car Seat,Automotive,672,7
ORD778529,2025-04-13,West,P010,Dining Table,Home & Living,1276,1
ORD778530,2025-05-07,East,P007,Jeans,Apparel,898,1
ORD778531,2025-04-03,North,P011,Car Seat,Automotive,1241,5
ORD778532,2025-03-30,East,P002,Smartphone,Electronics,2422,1
ORD778533,2025-03-07,East,P007,Jeans,Apparel,850,3
ORD778534,2025-11-15,South,P002,Smartphone,Electronics,1756,2
ORD778535,2025-07-21,North,P015,Other Product,Others,533,6
ORD778536,2025-12-27,North,P005,Keyboard,Electronics,2077,6
ORD778537,2025-09-24,South,P003,Headphones,Electronics,1410,7
ORD778538,2025-09-10,North,P001,Laptop,Electronics,1180,2
ORD778539,2025-03-12,North,P005,Keyboard,Electronics,389,8
ORD778540,2025-09-14,West,P003,Headphones,Electronics,964,8
ORD778541,2025-09-27,West,P013,Face Cream,Health & Beauty,1286,5
ORD778542,2025-12-03,North,P009,Sofa,Home & Living,475,7
ORD778543,2025-11-04,North,P014,Shampoo,Health & Beauty,2147,6
ORD778544,2025-05-26,West,P010,Dining Table,Home & Living,2312,1
ORD778545,2025-07-11,North,P006,T-Shirt,Apparel,2096,2
ORD778546,2025-09-10,North,P004,Monitor,Electronics,799,3
ORD778547,2025-11-21,North,P004,Monitor,Electronics,1940,1
ORD778548,2025-11-03,East,P001,Laptop,Electronics,815,3
ORD778549,2025-04-14,North,P004,Monitor,Electronics,2252,2
ORD778550,2025-04-20,West,P015,Other Product,Others,1619,1
ORD778551,2025-12-20,North,P006,T-Shirt,Apparel,2036,4
ORD778552,2025-02-17,South,P008,Jacket,Apparel,1709,6
ORD778553,2025-11-22,North,P011,Car Seat,Automotive,1448,2
ORD778554,2025-05-27,South,P007,Jeans,Apparel,977,3
ORD778555,2025-06-08,South,P012,Engine Oil,Automotive,1966,9
ORD778556,2025-04-14,East,P012,Engine Oil,Automotive,767,3
ORD778557,2025-06-18,North,P007,Jeans,Apparel,2124,7
ORD778558,2025-05-12,South,P004,Monitor,Electronics,2386,2
ORD778559,2025-11-06,North,P001,Laptop,Electronics,1588,4
ORD778560,2025-05-22,West,P001,Laptop,Electronics,969,5
ORD778561,2025-12-06,West,P007,Jeans,Apparel,1565,5
ORD778562,2025-03-07,South,P014,Shampoo,Health & Beauty,723,2
ORD778563,2025-07-28,South,P011,Car Seat,Automotive,1921,2
ORD778564,2025-09-12,South,P002,Smartphone,Electronics,1825,9
ORD778565,2025-02-21,West,P005,Keyboard,Electronics,160,9
ORD778566,2025-01-08,North,P007,Jeans,Apparel,109,1
ORD778567,2025-04-21,North,P008,Jacket,Apparel,2056,3
ORD778568,2025-11-25,West,P008,Jacket,Apparel,1314,3
ORD778569,2025-05-21,East,P010,Dining Table,Home & Living,1488,2
ORD778570,2025-04-04,South,P014,Shampoo,Health & Beauty,1380,1
ORD778571,2025-10-08,South,P014,Shampoo,Health & Beauty,356,9
ORD778572,2025-07-26,South,P005,Keyboard,Electronics,1087,7
ORD778573,2025-03-09,West,P007,Jeans,Apparel,1526,8
ORD778574,2025-08-25,East,P007,Jeans,Apparel,1889,2
ORD778575,2025-10-21,North,P013,Face Cream,Health & Beauty,352,7
ORD778576,2025-06-05,East,P006,T-Shirt,Apparel,191,7
ORD778577,2025-04-19,North,P015,Other Product,Others,938,2
ORD778578,2025-03-31,East,P004,Monitor,Electronics,1955,4
ORD778579,2025-10-17,West,P014,Shampoo,Health & Beauty,206,6
ORD778580,2025-09-01,North,P008,Jacket,Apparel,1979,3
ORD778581,2025-10-02,West,P011,Car Seat,Automotive,222,4
ORD778582,2025-11-26,South,P004,Monitor,Electronics,970,3
ORD778583,2025-07-15,North,P004,Monitor,Electronics,1384,7
ORD778584,2025-08-11,South,P013,Face Cream,Health & Beauty,424,9
ORD778585,2025-09-30,West,P014,Shampoo,Health & Beauty,373,1
ORD778586,2025-12-15,West,P005,Keyboard,Electronics,1841,7
ORD778587,2025-12-22,South,P012,Engine Oil,Automotive,2001,6
ORD778588,2025-03-15,South,P013,Face Cream,Health & Beauty,904,2
ORD778589,2025-05-08,South,P009,Sofa,Home & Living,2386,1
ORD778590,2025-02-07,North,P003,Headphones,Electronics,356,3
ORD778591,2025-02-18,East,P003,Headphones,Electronics,1567,4
ORD778592,2025-05-11,East,P009,Sofa,Home & Living,837,1
ORD778593,2025-03-29,West,P010,Dining Table,Home & Living,1581,7
ORD778594,2025-09-17,North,P013,Face Cream,Health & Beauty,1996,6
ORD778595,2025-04-27,East,P006,T-Shirt,Apparel,2210,8
ORD778596,2025-06-05,South,P015,Other Product,Others,1011,2
ORD778597,2025-04-16,East,P002,Smartphone,Electronics,2128,6
ORD778598,2025-04-14,West,P008,Jacket,Apparel,1972,6
ORD778599,2025-04-17,North,P014,Shampoo,Health & Beauty,756,7
ORD778600,2025-03-31,South,P010,Dining Table,Home & Living,771,8
ORD778601,2025-11-21,North,P009,Sofa,Home & Living,2276,3
ORD778602,2025-11-16,North,P002,Smartphone,Electronics,1981,4
ORD778603,2025-08-29,North,P002,Smartphone,Electronics,140,3
ORD778604,2025-10-21,East,P014,Shampoo,Health & Beauty,2191,1
ORD778605,2025-11-29,West,P013,Face Cream,Health & Beauty,1687,8
ORD778606,2025-03-15,South,P007,Jeans,Apparel,2395,5
ORD778607,2025-04-30,East,P003,Headphones,Electronics,1586,4
ORD778608,2025-05-12,West,P003,Headphones,Electronics,1911,5
ORD778609,2025-06-22,North,P005,Keyboard,Electronics,2253,3
ORD778610,2025-01-16,East,P006,T-Shirt,Apparel,1017,1
ORD778611,2025-03-26,West,P006,T-Shirt,Apparel,1856,6
ORD778612,2025-01-17,West,P008,Jacket,Apparel,272,4
ORD778613,2025-12-08,East,P015,Other Product,Others,1142,4
ORD778614,2025-07-03,North,P002,Smartphone,Electronics,372,9
ORD778615,2025-10-28,South,P010,Dining Table,Home & Living,2486,6
ORD778616,2025-05-16,North,P012,Engine Oil,Automotive,883,6
ORD778617,2025-05-15,East,P007,Jeans,Apparel,2316,3
ORD778618,2025-08-15,South,P015,Other Product,Others,2373,3
ORD778619,2025-07-16,East,P004,Monitor,Electronics,2071,2
ORD778620,2025-06-27,North,P002,Smartphone,Electronics,2014,7
ORD778621,2025-08-04,West,P007,Jeans,Apparel,721,8
ORD778622,2025-07-29,South,P002,Smartphone,Electronics,641,7
ORD778623,2025-12-04,East,P002,Smartphone,Electronics,726,4
ORD778624,2025-03-25,East,P014,Shampoo,Health & Beauty,322,9
ORD778625,2025-02-22,South,P004,Monitor,Electronics,1247,3
ORD778626,2025-09-14,North,P009,Sofa,Home & Living,1966,8
ORD778627,2025-05-17,West,P001,Laptop,Electronics,2060,2
ORD778628,2025-10-08,North,P003,Headphones,Electronics,2492,2
ORD778629,2025-03-11,East,P010,Dining Table,Home & Living,186,6
ORD778630,2025-01-29,West,P008,Jacket,Apparel,677,6
ORD778631,2025-11-24,North,P002,Smartphone,Electronics,543,1
ORD778632,2025-09-17,East,P005,Keyboard,Electronics,1298,5
ORD778633,2025-12-23,West,P005,Keyboard,Electronics,130,5
ORD778634,2025-02-28,North,P009,Sofa,Home & Living,646,9
ORD778635,2025-11-20,North,P008,Jacket,Apparel,1926,3
ORD778636,2025-02-12,South,P005,Keyboard,Electronics,1419,3
ORD778637,2025-08-23,North,P015,Other Product,Others,2293,4
ORD778638,2025-05-07,South,P010,Dining Table,Home & Living,2140,4
ORD778639,2025-06-15,East,P004,Monitor,Electronics,929,1
ORD778640,2025-09-04,North,P010,Dining Table,Home & Living,406,3
ORD778641,2025-02-24,West,P002,Smartphone,Electronics,746,1
ORD778642,2025-02-18,North,P002,Smartphone,Electronics,2183,3
ORD778643,2025-05-09,North,P002,Smartphone,Electronics,2352,6
ORD778644,2025-07-26,South,P003,Headphones,Electronics,1526,2
ORD778645,2025-06-13,North,P005,Keyboard,Electronics,1763,5
ORD778646,2025-02-24,North,P004,Monitor,Electronics,660,9
ORD778647,2025-11-25,West,P009,Sofa,Home & Living,1387,9
ORD778648,2025-05-29,North,P013,Face Cream,Health & Beauty,1997,1
ORD778649,2025-06-03,North,P015,Other Product,Others,1113,7
ORD778650,2025-07-19,South,P009,Sofa,Home & Living,2309,5
ORD778651,2025-12-06,North,P014,Shampoo,Health & Beauty,1645,7
ORD778652,2025-05-25,South,P014,Shampoo,Health & Beauty,1155,1
ORD778653,2025-11-22,North,P015,Other Product,Others,677,7
ORD778654,2025-02-18,West,P006,T-Shirt,Apparel,946,9
ORD778655,2025-08-03,South,P008,Jacket,Apparel,307,4
ORD778656,2025-09-11,East,P007,Jeans,Apparel,935,7
ORD778657,2025-04-25,South,P012,Engine Oil,Automotive,1708,3
ORD778658,2025-11-06,South,P008,Jacket,Apparel,1184,4
ORD778659,2025-11-03,South,P007,Jeans,Apparel,1534,3
ORD778660,2025-09-23,South,P015,Other Product,Others,1499,3
ORD778661,2025-06-29,South,P014,Shampoo,Health & Beauty,1738,6
ORD778662,2025-07-02,West,P007,Jeans,Apparel,2116,3
ORD778663,2025-12-07,North,P013,Face Cream,Health & Beauty,2157,6
ORD778664,2025-09-30,East,P004,Monitor,Electronics,1288,5
ORD778665,2025-12-12,North,P003,Headphones,Electronics,823,3
ORD778666,2025-08-27,South,P005,Keyboard,Electronics,1374,6
ORD778667,2025-09-08,South,P012,Engine Oil,Automotive,1749,8
ORD778668,2025-10-07,East,P001,Laptop,Electronics,2391,4
ORD778669,2025-06-03,North,P015,Other Product,Others,310,7
ORD778670,2025-12-23,East,P012,Engine Oil,Automotive,1040,8
ORD778671,2025-09-22,North,P013,Face Cream,Health & Beauty,1887,3
ORD778672,2025-06-17,East,P008,Jacket,Apparel,2390,3
ORD778673,2025-07-27,South,P014,Shampoo,Health & Beauty,1615,4
ORD778674,2025-10-07,North,P010,Dining Table,Home & Living,2317,2
ORD778675,2025-07-08,South,P012,Engine Oil,Automotive,516,6
ORD778676,2025-04-18,West,P015,Other Product,Others,1577,9
ORD778677,2025-09-06,West,P003,Headphones,Electronics,1700,4
ORD778678,2025-10-13,East,P006,T-Shirt,Apparel,833,6
ORD778679,2025-06-21,East,P010,Dining Table,Home & Living,1803,8
ORD778680,2025-10-31,West,P001,Laptop,Electronics,1319,3
ORD778681,2025-10-27,South,P013,Face Cream,Health & Beauty,1577,4
ORD778682,2025-06-17,North,P002,Smartphone,Electronics,306,5
ORD778683,2025-02-14,East,P007,Jeans,Apparel,1179,9
ORD778684,2025-11-10,South,P004,Monitor,Electronics,254,3
ORD778685,2025-11-07,North,P013,Face Cream,Health & Beauty,123,4
ORD778686,2025-01-13,North,P003,Headphones,Electronics,356,4
ORD778687,2025-06-11,West,P004,Monitor,Electronics,286,6
ORD778688,2025-09-30,East,P015,Other Product,Others,1400,2
ORD778689,2025-04-09,South,P009,Sofa,Home & Living,1639,5
ORD778690,2025-05-29,East,P013,Face Cream,Health & Beauty,2223,1
ORD778691,2025-07-16,North,P002,Smartphone,Electronics,2128,1
ORD778692,2025-10-04,North,P002,Smartphone,Electronics,746,5
ORD778693,2025-09-17,West,P010,Dining Table,Home & Living,2359,2
ORD778694,2025-03-24,South,P008,Jacket,Apparel,1794,5
ORD778695,2025-07-12,South,P013,Face Cream,Health & Beauty,2014,9
ORD778696,2025-07-03,East,P011,Car Seat,Automotive,370,5
ORD778697,2025-09-10,West,P015,Other Product,Others,1067,3
ORD778698,2025-09-03,East,P004,Monitor,Electronics,2279,9
ORD778699,2025-04-08,South,P015,Other Product,Others,1779,2
ORD778700,2025-02-04,West,P001,Laptop,Electronics,274,4
ORD778701,2025-11-07,North,P011,Car Seat,Automotive,1010,1
ORD778702,2025-11-02,East,P003,Headphones,Electronics,1279,6
ORD778703,2025-03-31,West,P013,Face Cream,Health & Beauty,1072,6
ORD778704,2025-08-10,North,P006,T-Shirt,Apparel,1288,9
ORD778705,2025-10-19,South,P006,T-Shirt,Apparel,1891,8
ORD778706,2025-10-03,South,P010,Dining Table,Home & Living,1031,3
ORD778707,2025-11-21,North,P009,Sofa,Home & Living,802,9
ORD778708,2025-10-31,East,P003,Headphones,Electronics,1694,6
ORD778709,2025-12-08,South,P003,Headphones,Electronics,640,3
ORD778710,2025-10-30,South,P007,Jeans,Apparel,1636,3
ORD778711,2025-08-20,South,P015,Other Product,Others,691,7
ORD778712,2025-06-04,North,P013,Face Cream,Health & Beauty,2192,6
ORD778713,2025-08-04,North,P015,Other Product,Others,1940,9
ORD778714,2025-04-26,South,P007,Jeans,Apparel,760,5
ORD778715,2025-06-26,South,P006,T-Shirt,Apparel,893,8
ORD778716,2025-02-15,East,P006,T-Shirt,Apparel,1610,1
ORD778717,2025-04-19,South,P003,Headphones,Electronics,706,8
ORD778718,2025-02-01,South,P003,Headphones,Electronics,1719,2
ORD778719,2025-02-17,East,P003,Headphones,Electronics,1696,1
ORD778720,2025-01-13,East,P013,Face Cream,Health & Beauty,2031,4
ORD778721,2025-04-13,North,P014,Shampoo,Health & Beauty,442,8
ORD778722,2025-06-22,West,P011,Car Seat,Automotive,1703,2
ORD778723,2025-06-19,East,P015,Other Product,Others,2297,7
ORD778724,2025-03-09,East,P002,Smartphone,Electronics,316,8
ORD778725,2025-07-27,South,P006,T-Shirt,Apparel,2047,5
ORD778726,2025-12-07,West,P006,T-Shirt,Apparel,1192,7
ORD778727,2025-06-10,North,P004,Monitor,Electronics,1599,7
ORD778728,2025-03-09,South,P001,Laptop,Electronics,857,3
ORD778729,2025-09-22,North,P004,Monitor,Electronics,1149,5
ORD778730,2025-12-16,South,P003,Headphones,Electronics,1169,7
ORD778731,2025-04-09,West,P013,Face Cream,Health & Beauty,308,5
ORD778732,2025-12-08,East,P004,Monitor,Electronics,925,5
ORD778733,2025-04-28,West,P013,Face Cream,Health & Beauty,2019,7
ORD778734,2025-05-30,South,P013,Face Cream,Health & Beauty,1756,7
ORD778735,2025-04-03,West,P010,Dining Table,Home & Living,2064,1
ORD778736,2025-06-15,West,P012,Engine Oil,Automotive,1297,1
ORD778737,2025-06-20,East,P001,Laptop,Electronics,1352,2
ORD778738,2025-11-18,West,P007,Jeans,Apparel,2364,1
ORD778739,2025-05-04,South,P007,Jeans,Apparel,920,4
ORD778740,2025-05-15,South,P007,Jeans,Apparel,1708,9
ORD778741,2025-04-28,North,P006,T-Shirt,Apparel,621,9
ORD778742,2025-05-06,North,P005,Keyboard,Electronics,469,3
ORD778743,2025-03-27,West,P015,Other Product,Others,1049,3
ORD778744,2025-07-15,South,P015,Other Product,Others,806,8
ORD778745,2025-04-17,North,P013,Face Cream,Health & Beauty,258,5
ORD778746,2025-10-04,South,P005,Keyboard,Electronics,1338,3
ORD778747,2025-09-23,East,P014,Shampoo,Health & Beauty,2119,8
ORD778748,2025-09-30,North,P003,Headphones,Electronics,213,2
ORD778749,2025-10-04,South,P011,Car Seat,Automotive,2395,5
ORD778750,2025-07-09,North,P015,Other Product,Others,792,8
ORD778751,2025-11-15,South,P008,Jacket,Apparel,1705,3
ORD778752,2025-09-20,North,P013,Face Cream,Health & Beauty,2112,9
ORD778753,2025-05-17,West,P015,Other Product,Others,1981,5
ORD778754,2025-11-25,West,P009,Sofa,Home & Living,1189,5
ORD778755,2025-04-16,East,P011,Car Seat,Automotive,214,9
ORD778756,2025-06-16,South,P009,Sofa,Home & Living,2395,6
ORD778757,2025-12-25,North,P015,Other Product,Others,1026,1
ORD778758,2025-12-16,North,P012,Engine Oil,Automotive,1683,3
ORD778759,2025-09-15,North,P004,Monitor,Electronics,415,5
ORD778760,2025-06-05,East,P008,Jacket,Apparel,403,6
ORD778761,2025-10-31,South,P008,Jacket,Apparel,2163,8
ORD778762,2025-09-10,North,P015,Other Product,Others,129,3
ORD778763,2025-10-28,West,P011,Car Seat,Automotive,2410,3
ORD778764,2025-03-06,North,P011,Car Seat,Automotive,967,4
ORD778765,2025-08-27,South,P008,Jacket,Apparel,693,6
ORD778766,2025-08-28,West,P009,Sofa,Home & Living,1844,1
ORD778767,2025-03-25,South,P003,Headphones,Electronics,924,9
ORD778768,2025-10-17,North,P002,Smartphone,Electronics,1287,7
ORD778769,2025-08-08,South,P010,Dining Table,Home & Living,1505,2
ORD778770,2025-01-05,West,P003,Headphones,Electronics,847,1
ORD778771,2025-12-22,South,P008,Jacket,Apparel,1409,3
ORD778772,2025-07-05,West,P007,Jeans,Apparel,779,6
ORD778773,2025-10-01,South,P006,T-Shirt,Apparel,946,2
ORD778774,2025-02-20,North,P009,Sofa,Home & Living,1185,6
ORD778775,2025-10-09,East,P004,Monitor,Electronics,1910,5
ORD778776,2025-11-18,North,P014,Shampoo,Health & Beauty,379,8
ORD778777,2025-01-17,East,P011,Car Seat,Automotive,2223,5
ORD778778,2025-10-07,East,P013,Face Cream,Health & Beauty,2105,1
ORD778779,2025-07-25,North,P013,Face Cream,Health & Beauty,120,4
ORD778780,2025-05-10,West,P015,Other Product,Others,1073,3
ORD778781,2025-03-31,North,P006,T-Shirt,Apparel,594,1
ORD778782,2025-04-26,East,P004,Monitor,Electronics,1008,2
ORD778783,2025-12-23,North,P015,Other Product,Others,873,4
ORD778784,2025-09-25,North,P014,Shampoo,Health & Beauty,1673,4
ORD778785,2025-07-23,West,P001,Laptop,Electronics,1993,3
ORD778786,2025-11-14,West,P006,T-Shirt,Apparel,2281,5
ORD778787,2025-12-21,South,P014,Shampoo,Health & Beauty,1332,5
ORD778788,2025-11-10,South,P008,Jacket,Apparel,1665,4
ORD778789,2025-06-15,West,P015,Other Product,Others,1114,7
ORD778790,2025-08-22,East,P001,Laptop,Electronics,189,4
ORD778791,2025-12-28,South,P009,Sofa,Home & Living,1179,7
ORD778792,2025-10-11,North,P013,Face Cream,Health & Beauty,2223,1
ORD778793,2025-03-22,North,P001,Laptop,Electronics,1762,7
ORD778794,2025-12-23,South,P001,Laptop,Electronics,1053,2
ORD778795,2025-11-09,North,P005,Keyboard,Electronics,1849,5
ORD778796,2025-10-23,East,P014,Shampoo,Health & Beauty,832,9
ORD778797,2025-10-09,West,P014,Shampoo,Health & Beauty,1779,4
ORD778798,2025-02-25,North,P007,Jeans,Apparel,2352,5
ORD778799,2025-04-23,East,P015,Other Product,Others,1845,7
ORD778800,2025-09-12,South,P011,Car Seat,Automotive,1941,2
ORD778801,2025-09-06,South,P006,T-Shirt,Apparel,1431,3
ORD778802,2025-12-04,East,P001,Laptop,Electronics,158,2
ORD778803,2025-01-15,North,P001,Laptop,Electronics,793,7
ORD778804,2025-05-27,East,P008,Jacket,Apparel,1312,8
ORD778805,2025-10-22,South,P014,Shampoo,Health & Beauty,1255,1
ORD778806,2025-10-29,South,P001,Laptop,Electronics,2155,8
ORD778807,2025-10-17,North,P010,Dining Table,Home & Living,1343,3
ORD778808,2025-04-17,South,P009,Sofa,Home & Living,1162,3
ORD778809,2025-01-04,West,P011,Car Seat,Automotive,1029,3
ORD778810,2025-12-11,East,P010,Dining Table,Home & Living,409,6
ORD778811,2025-01-14,South,P009,Sofa,Home & Living,1074,8
ORD778812,2025-09-28,West,P011,Car Seat,Automotive,2327,1
ORD778813,2025-07-10,East,P006,T-Shirt,Apparel,594,4
ORD778814,2025-01-23,South,P011,Car Seat,Automotive,2424,8
ORD778815,2025-01-27,West,P005,Keyboard,Electronics,2188,4
ORD778816,2025-09-17,East,P003,Headphones,Electronics,689,2
ORD778817,2025-01-27,West,P001,Laptop,Electronics,1524,9
ORD778818,2025-09-06,South,P011,Car Seat,Automotive,549,3
ORD778819,2025-07-17,South,P014,Shampoo,Health & Beauty,473,8
ORD778820,2025-02-08,South,P007,Jeans,Apparel,696,3
ORD778821,2025-01-23,North,P002,Smartphone,Electronics,1426,8
ORD778822,2025-09-20,East,P012,Engine Oil,Automotive,2008,2
ORD778823,2025-08-21,East,P008,Jacket,Apparel,864,2
ORD778824,2025-04-30,West,P005,Keyboard,Electronics,995,2
ORD778825,2025-03-26,North,P013,Face Cream,Health & Beauty,1648,7
ORD778826,2025-01-16,East,P010,Dining Table,Home & Living,2088,5
ORD778827,2025-12-27,West,P014,Shampoo,Health & Beauty,2173,4
ORD778828,2025-03-18,West,P011,Car Seat,Automotive,2137,2
ORD778829,2025-02-22,West,P010,Dining Table,Home & Living,1420,2
ORD778830,2025-11-03,North,P007,Jeans,Apparel,1368,1
ORD778831,2025-01-23,South,P011,Car Seat,Automotive,989,8
ORD778832,2025-10-13,East,P003,Headphones,Electronics,668,4
ORD778833,2025-11-16,West,P011,Car Seat,Automotive,1225,6
ORD778834,2025-10-09,West,P014,Shampoo,Health & Beauty,1417,5
ORD778835,2025-04-02,West,P008,Jacket,Apparel,1926,6
ORD778836,2025-08-21,South,P004,Monitor,Electronics,268,9
ORD778837,2025-10-07,South,P004,Monitor,Electronics,1759,6
ORD778838,2025-02-12,East,P003,Headphones,Electronics,1031,6
ORD778839,2025-12-25,South,P008,Jacket,Apparel,435,9
ORD778840,2025-09-24,West,P001,Laptop,Electronics,1259,7
ORD778841,2025-04-30,West,P010,Dining Table,Home & Living,921,6
ORD778842,2025-05-17,South,P012,Engine Oil,Automotive,1633,8
ORD778843,2025-07-04,North,P002,Smartphone,Electronics,2138,5
ORD778844,2025-04-04,East,P013,Face Cream,Health & Beauty,1629,2
ORD778845,2025-06-22,South,P002,Smartphone,Electronics,1690,5
ORD778846,2025-07-27,North,P006,T-Shirt,Apparel,893,8
ORD778847,2025-05-14,West,P001,Laptop,Electronics,1778,2
ORD778848,2025-06-29,South,P008,Jacket,Apparel,2461,3
ORD778849,2025-09-12,West,P002,Smartphone,Electronics,900,2
ORD778850,2025-05-28,North,P003,Headphones,Electronics,2441,2
ORD778851,2025-05-16,North,P005,Keyboard,Electronics,911,1
ORD778852,2025-02-07,North,P013,Face Cream,Health & Beauty,385,4
ORD778853,2025-12-22,North,P015,Other Product,Others,1945,7
ORD778854,2025-03-04,North,P006,T-Shirt,Apparel,2225,7
ORD778855,2025-03-31,East,P003,Headphones,Electronics,2019,4
ORD778856,2025-12-14,East,P015,Other Product,Others,889,9
ORD778857,2025-11-28,West,P001,Laptop,Electronics,2171,1
ORD778858,2025-09-02,South,P002,Smartphone,Electronics,2346,8
ORD778859,2025-09-20,South,P014,Shampoo,Health & Beauty,2489,2
ORD778860,2025-03-03,North,P004,Monitor,Electronics,1340,4
ORD778861,2025-02-05,South,P004,Monitor,Electronics,277,9
ORD778862,2025-02-25,North,P015,Other Product,Others,2437,8
ORD778863,2025-07-12,North,P010,Dining Table,Home & Living,2134,1
ORD778864,2025-06-14,South,P002,Smartphone,Electronics,867,6
ORD778865,2025-02-11,East,P007,Jeans,Apparel,312,5
ORD778866,2025-12-27,East,P011,Car Seat,Automotive,1884,6
ORD778867,2025-10-20,North,P005,Keyboard,Electronics,1809,9
ORD778868,2025-03-25,West,P003,Headphones,Electronics,1896,1
ORD778869,2025-03-11,South,P009,Sofa,Home & Living,1913,5
ORD778870,2025-07-22,East,P006,T-Shirt,Apparel,691,6
ORD778871,2025-01-25,North,P001,Laptop,Electronics,1874,7
ORD778872,2025-05-14,East,P013,Face Cream,Health & Beauty,485,2
ORD778873,2025-07-08,South,P013,Face Cream,Health & Beauty,1084,8
ORD778874,2025-01-17,South,P012,Engine Oil,Automotive,1976,3
ORD778875,2025-03-24,West,P001,Laptop,Electronics,1959,1
ORD778876,2025-03-07,East,P007,Jeans,Apparel,949,3
ORD778877,2025-03-12,South,P015,Other Product,Others,2264,5
ORD778878,2025-11-27,North,P001,Laptop,Electronics,1265,2
ORD778879,2025-06-07,East,P014,Shampoo,Health & Beauty,2202,3
ORD778880,2025-01-08,East,P009,Sofa,Home & Living,2478,1
ORD778881,2025-05-10,East,P015,Other Product,Others,1351,2
ORD778882,2025-01-18,South,P008,Jacket,Apparel,861,4
ORD778883,2025-11-30,East,P012,Engine Oil,Automotive,1896,3
ORD778884,2025-12-13,East,P014,Shampoo,Health & Beauty,1460,3
ORD778885,2025-05-07,North,P006,T-Shirt,Apparel,586,5
ORD778886,2025-09-04,South,P005,Keyboard,Electronics,292,9
ORD778887,2025-04-07,West,P013,Face Cream,Health & Beauty,1312,8
ORD778888,2025-04-15,South,P007,Jeans,Apparel,1619,4
ORD778889,2025-01-05,South,P010,Dining Table,Home & Living,969,2
ORD778890,2025-08-07,East,P015,Other Product,Others,1793,3
ORD778891,2025-07-26,South,P014,Shampoo,Health & Beauty,1996,3
ORD778892,2025-09-28,South,P002,Smartphone,Electronics,486,2
ORD778893,2025-12-19,South,P002,Smartphone,Electronics,2296,3
ORD778894,2025-01-21,East,P008,Jacket,Apparel,1129,6
ORD778895,2025-07-10,North,P012,Engine Oil,Automotive,1228,3
ORD778896,2025-01-22,West,P008,Jacket,Apparel,1233,3
ORD778897,2025-12-18,South,P009,Sofa,Home & Living,2391,6
ORD778898,2025-05-24,East,P011,Car Seat,Automotive,1757,4
ORD778899,2025-07-17,East,P006,T-Shirt,Apparel,1704,6
ORD778900,2025-04-01,North,P015,Other Product,Others,1272,2
ORD778901,2025-08-11,North,P001,Laptop,Electronics,1901,1
ORD778902,2025-08-19,West,P004,Monitor,Electronics,611,3
ORD778903,2025-07-24,West,P002,Smartphone,Electronics,2305,5
ORD778904,2025-01-01,South,P002,Smartphone,Electronics,1736,6
ORD778905,2025-01-30,South,P001,Laptop,Electronics,2449,4
ORD778906,2025-04-06,North,P015,Other Product,Others,2008,2
ORD778907,2025-05-31,North,P003,Headphones,Electronics,1315,4
ORD778908,2025-03-30,West,P004,Monitor,Electronics,2034,5
ORD778909,2025-12-13,West,P004,Monitor,Electronics,401,6
ORD778910,2025-10-18,North,P011,Car Seat,Automotive,459,6
ORD778911,2025-01-16,West,P012,Engine Oil,Automotive,1827,3
ORD778912,2025-04-01,West,P006,T-Shirt,Apparel,1734,6
ORD778913,2025-06-10,East,P003,Headphones,Electronics,145,3
ORD778914,2025-10-12,East,P007,Jeans,Apparel,1596,4
ORD778915,2025-09-11,West,P011,Car Seat,Automotive,651,9
ORD778916,2025-10-22,South,P014,Shampoo,Health & Beauty,2225,9
ORD778917,2025-07-12,South,P015,Other Product,Others,407,6
ORD778918,2025-10-12,South,P006,T-Shirt,Apparel,1369,2
ORD778919,2025-02-06,North,P012,Engine Oil,Automotive,1600,2
ORD778920,2025-10-12,North,P012,Engine Oil,Automotive,983,7
ORD778921,2025-10-11,South,P014,Shampoo,Health & Beauty,1376,9
ORD778922,2025-12-01,South,P009,Sofa,Home & Living,2118,2
ORD778923,2025-11-04,North,P006,T-Shirt,Apparel,1430,1
ORD778924,2025-03-19,South,P010,Dining Table,Home & Living,2426,7
ORD778925,2025-01-02,West,P008,Jacket,Apparel,627,2
ORD778926,2025-11-02,East,P003,Headphones,Electronics,2144,3
ORD778927,2025-09-03,South,P009,Sofa,Home & Living,533,9
ORD778928,2025-07-27,North,P014,Shampoo,Health & Beauty,626,5
ORD778929,2025-06-27,South,P007,Jeans,Apparel,1562,5
ORD778930,2025-06-23,North,P011,Car Seat,Automotive,1030,7
ORD778931,2025-06-16,East,P012,Engine Oil,Automotive,1933,1
ORD778932,2025-01-30,North,P012,Engine Oil,Automotive,1272,3
ORD778933,2025-07-09,West,P011,Car Seat,Automotive,1681,7
ORD778934,2025-10-15,South,P003,Headphones,Electronics,575,1
ORD778935,2025-02-01,West,P005,Keyboard,Electronics,2477,3
ORD778936,2025-08-26,South,P009,Sofa,Home & Living,2060,6
ORD778937,2025-02-20,East,P004,Monitor,Electronics,2187,9
ORD778938,2025-05-05,North,P012,Engine Oil,Automotive,1533,9
ORD778939,2025-02-06,East,P002,Smartphone,Electronics,961,5
ORD778940,2025-10-27,South,P013,Face Cream,Health & Beauty,2309,9
ORD778941,2025-07-24,South,P011,Car Seat,Automotive,1112,1
ORD778942,2025-09-19,North,P006,T-Shirt,Apparel,1051,3
ORD778943,2025-11-01,South,P015,Other Product,Others,2084,1
ORD778944,2025-07-20,South,P012,Engine Oil,Automotive,691,3
ORD778945,2025-05-25,East,P007,Jeans,Apparel,2465,9
ORD778946,2025-08-29,East,P002,Smartphone,Electronics,1479,3
ORD778947,2025-03-12,East,P003,Headphones,Electronics,1664,3
ORD778948,2025-12-13,North,P001,Laptop,Electronics,2360,4
ORD778949,2025-04-10,North,P001,Laptop,Electronics,941,7
ORD778950,2025-12-16,North,P014,Shampoo,Health & Beauty,1207,3
ORD778951,2025-05-14,South,P001,Laptop,Electronics,1824,1
ORD778952,2025-08-05,East,P014,Shampoo,Health & Beauty,755,3
ORD778953,2025-12-23,South,P003,Headphones,Electronics,1807,4
ORD778954,2025-07-24,South,P008,Jacket,Apparel,1723,3
ORD778955,2025-07-11,North,P014,Shampoo,Health & Beauty,880,7
ORD778956,2025-10-02,West,P001,Laptop,Electronics,353,6
ORD778957,2025-03-28,South,P009,Sofa,Home & Living,737,5
ORD778958,2025-12-22,South,P002,Smartphone,Electronics,2063,8
ORD778959,2025-04-27,North,P007,Jeans,Apparel,559,5
ORD778960,2025-06-04,South,P015,Other Product,Others,278,1
ORD778961,2025-12-30,South,P011,Car Seat,Automotive,2154,4
ORD778962,2025-08-19,North,P005,Keyboard,Electronics,1034,3
ORD778963,2025-07-12,West,P012,Engine Oil,Automotive,1330,2
ORD778964,2025-02-17,North,P004,Monitor,Electronics,870,2
ORD778965,2025-12-17,South,P011,Car Seat,Automotive,314,2
ORD778966,2025-05-15,East,P015,Other Product,Others,934,7
ORD778967,2025-07-09,West,P010,Dining Table,Home & Living,1238,3
ORD778968,2025-06-20,South,P009,Sofa,Home & Living,1350,7
ORD778969,2025-09-25,East,P003,Headphones,Electronics,2239,3
ORD778970,2025-06-10,East,P008,Jacket,Apparel,2172,1
ORD778971,2025-02-05,North,P010,Dining Table,Home & Living,1110,5
ORD778972,2025-10-25,North,P001,Laptop,Electronics,343,6
ORD778973,2025-03-16,South,P011,Car Seat,Automotive,155,2
ORD778974,2025-01-22,North,P015,Other Product,Others,1717,5
ORD778975,2025-05-11,East,P007,Jeans,Apparel,1842,2
ORD778976,2025-02-16,South,P009,Sofa,Home & Living,1881,5
ORD778977,2025-09-01,East,P013,Face Cream,Health & Beauty,1003,4
ORD778978,2025-03-26,West,P002,Smartphone,Electronics,1308,6
ORD778979,2025-06-26,North,P003,Headphones,Electronics,1204,7
ORD778980,2025-12-09,West,P013,Face Cream,Health & Beauty,221,1
ORD778981,2025-02-07,North,P010,Dining Table,Home & Living,1007,9
ORD778982,2025-04-25,North,P014,Shampoo,Health & Beauty,1996,4
ORD778983,2025-05-07,South,P010,Dining Table,Home & Living,377,6
ORD778984,2025-01-04,South,P002,Smartphone,Electronics,1013,2
ORD778985,2025-11-01,North,P011,Car Seat,Automotive,2198,2
ORD778986,2025-05-23,East,P011,Car Seat,Automotive,733,5
ORD778987,2025-04-06,South,P006,T-Shirt,Apparel,530,6
ORD778988,2025-12-20,West,P011,Car Seat,Automotive,1658,5
ORD778989,2025-03-23,South,P009,Sofa,Home & Living,1466,1
ORD778990,2025-02-21,North,P009,Sofa,Home & Living,1334,1
ORD778991,2025-06-10,West,P004,Monitor,Electronics,1165,2
ORD778992,2025-07-18,South,P005,Keyboard,Electronics,844,8
ORD778993,2025-08-07,North,P002,Smartphone,Electronics,2309,9
ORD778994,2025-09-19,East,P006,T-Shirt,Apparel,1315,8
ORD778995,2025-03-22,North,P006,T-Shirt,Apparel,653,5
ORD778996,2025-04-17,North,P007,Jeans,Apparel,800,9
ORD778997,2025-12-15,South,P007,Jeans,Apparel,1875,8
ORD778998,2025-08-20,North,P008,Jacket,Apparel,1352,7
ORD778999,2025-06-27,South,P009,Sofa,Home & Living,1726,5
ORD779000,2025-05-03,West,P002,Smartphone,Electronics,961,2
ORD779001,2025-02-10,East,P014,Shampoo,Health & Beauty,154,2
ORD779002,2025-08-15,West,P014,Shampoo,Health & Beauty,1521,7
ORD779003,2025-07-23,North,P008,Jacket,Apparel,802,7
ORD779004,2025-05-19,South,P010,Dining Table,Home & Living,1104,2
ORD779005,2025-06-21,North,P013,Face Cream,Health & Beauty,344,8
ORD779006,2025-06-22,North,P012,Engine Oil,Automotive,1660,8
ORD779007,2025-08-11,West,P015,Other Product,Others,1206,2
ORD779008,2025-02-07,North,P011,Car Seat,Automotive,1014,9
ORD779009,2025-11-27,North,P009,Sofa,Home & Living,1219,5
ORD779010,2025-01-14,West,P005,Keyboard,Electronics,1126,6
ORD779011,2025-01-04,South,P002,Smartphone,Electronics,1729,8
ORD779012,2025-03-27,North,P011,Car Seat,Automotive,364,4
ORD779013,2025-07-03,North,P007,Jeans,Apparel,183,4
ORD779014,2025-10-26,East,P003,Headphones,Electronics,2224,5
ORD779015,2025-11-16,West,P015,Other Product,Others,877,4
ORD779016,2025-02-03,North,P010,Dining Table,Home & Living,1797,6
ORD779017,2025-12-23,West,P007,Jeans,Apparel,1769,1
ORD779018,2025-03-09,West,P005,Keyboard,Electronics,823,8
ORD779019,2025-02-27,North,P005,Keyboard,Electronics,1937,6
ORD779020,2025-10-30,North,P012,Engine Oil,Automotive,168,4
ORD779021,2025-08-28,North,P006,T-Shirt,Apparel,1027,7
ORD779022,2025-04-15,North,P007,Jeans,Apparel,1473,8
ORD779023,2025-06-23,South,P006,T-Shirt,Apparel,2432,8
ORD779024,2025-08-14,South,P002,Smartphone,Electronics,2218,1
ORD779025,2025-07-06,East,P001,Laptop,Electronics,402,5
ORD779026,2025-10-03,North,P010,Dining Table,Home & Living,1241,5
ORD779027,2025-09-20,South,P010,Dining Table,Home & Living,2333,8
ORD779028,2025-08-03,East,P010,Dining Table,Home & Living,2439,7
ORD779029,2025-09-18,West,P002,Smartphone,Electronics,1105,6
ORD779030,2025-11-02,West,P005,Keyboard,Electronics,1695,1
ORD779031,2025-09-28,West,P014,Shampoo,Health & Beauty,2398,7
ORD779032,2025-04-02,North,P003,Headphones,Electronics,2491,4
ORD779033,2025-05-16,South,P006,T-Shirt,Apparel,2008,1
ORD779034,2025-07-31,East,P003,Headphones,Electronics,2349,9
ORD779035,2025-10-14,West,P012,Engine Oil,Automotive,1503,3
ORD779036,2025-07-26,South,P011,Car Seat,Automotive,1491,9
ORD779037,2025-05-18,South,P013,Face Cream,Health & Beauty,2200,2
ORD779038,2025-03-03,South,P007,Jeans,Apparel,2047,6
ORD779039,2025-02-25,East,P002,Smartphone,Electronics,1157,8
ORD779040,2025-05-03,East,P014,Shampoo,Health & Beauty,1651,5
ORD779041,2025-05-26,East,P012,Engine Oil,Automotive,1513,6
ORD779042,2025-03-06,East,P010,Dining Table,Home & Living,1317,9
ORD779043,2025-11-09,South,P007,Jeans,Apparel,1949,9
ORD779044,2025-12-25,East,P013,Face Cream,Health & Beauty,1155,5
ORD779045,2025-03-08,East,P001,Laptop,Electronics,2254,7
ORD779046,2025-04-20,East,P003,Headphones,Electronics,1260,7
ORD779047,2025-12-21,South,P014,Shampoo,Health & Beauty,565,6
ORD779048,2025-06-19,East,P001,Laptop,Electronics,650,4
ORD779049,2025-10-04,North,P012,Engine Oil,Automotive,987,9
ORD779050,2025-08-29,North,P001,Laptop,Electronics,1377,3
ORD779051,2025-02-19,West,P011,Car Seat,Automotive,1719,6
ORD779052,2025-07-26,South,P014,Shampoo,Health & Beauty,742,8
ORD779053,2025-03-06,East,P012,Engine Oil,Automotive,658,1
ORD779054,2025-08-19,North,P004,Monitor,Electronics,679,6
ORD779055,2025-04-17,North,P011,Car Seat,Automotive,2319,5
ORD779056,2025-01-17,South,P005,Keyboard,Electronics,106,3
ORD779057,2025-11-10,South,P006,T-Shirt,Apparel,1280,8
ORD779058,2025-11-06,West,P015,Other Product,Others,1300,3
ORD779059,2025-08-08,West,P005,Keyboard,Electronics,392,1
ORD779060,2025-04-23,North,P011,Car Seat,Automotive,1212,9
ORD779061,2025-02-10,East,P008,Jacket,Apparel,1133,2
ORD779062,2025-07-20,South,P014,Shampoo,Health & Beauty,269,2
ORD779063,2025-06-17,East,P014,Shampoo,Health & Beauty,330,6
ORD779064,2025-05-05,North,P015,Other Product,Others,2069,8
ORD779065,2025-09-22,East,P010,Dining Table,Home & Living,913,2
ORD779066,2025-08-04,West,P011,Car Seat,Automotive,445,4
ORD779067,2025-05-28,East,P010,Dining Table,Home & Living,2353,9
ORD779068,2025-11-07,East,P007,Jeans,Apparel,2465,4
ORD779069,2025-08-01,South,P009,Sofa,Home & Living,908,9
ORD779070,2025-08-06,South,P007,Jeans,Apparel,1104,8
ORD779071,2025-04-22,South,P013,Face Cream,Health & Beauty,1987,1
ORD779072,2025-12-22,South,P010,Dining Table,Home & Living,2243,2
ORD779073,2025-12-23,South,P003,Headphones,Electronics,460,2
ORD779074,2025-06-26,South,P003,Headphones,Electronics,2063,1
ORD779075,2025-05-21,East,P014,Shampoo,Health & Beauty,941,1
ORD779076,2025-02-19,South,P006,T-Shirt,Apparel,1162,6
ORD779077,2025-10-27,South,P007,Jeans,Apparel,2270,5
ORD779078,2025-06-18,West,P003,Headphones,Electronics,1937,9
ORD779079,2025-05-18,North,P004,Monitor,Electronics,1421,5
ORD779080,2025-10-10,South,P001,Laptop,Electronics,1330,2
ORD779081,2025-04-13,East,P013,Face Cream,Health & Beauty,1531,1
ORD779082,2025-08-14,South,P015,Other Product,Others,1957,3
ORD779083,2025-08-26,East,P004,Monitor,Electronics,344,7
ORD779084,2025-09-17,South,P014,Shampoo,Health & Beauty,2213,2
ORD779085,2025-09-11,West,P013,Face Cream,Health & Beauty,1858,2
ORD779086,2025-01-19,West,P001,Laptop,Electronics,1503,3
ORD779087,2025-11-28,West,P013,Face Cream,Health & Beauty,1337,7
ORD779088,2025-11-02,North,P015,Other Product,Others,1179,5
ORD779089,2025-05-25,East,P013,Face Cream,Health & Beauty,216,7
ORD779090,2025-07-18,West,P001,Laptop,Electronics,734,8
ORD779091,2025-11-19,West,P003,Headphones,Electronics,2094,7
ORD779092,2025-10-21,North,P005,Keyboard,Electronics,960,6
ORD779093,2025-05-09,North,P007,Jeans,Apparel,2069,5
ORD779094,2025-09-25,South,P010,Dining Table,Home & Living,2361,7
ORD779095,2025-05-15,South,P002,Smartphone,Electronics,627,5
ORD779096,2025-05-19,South,P009,Sofa,Home & Living,1044,9
ORD779097,2025-12-22,East,P003,Headphones,Electronics,2063,2
ORD779098,2025-11-25,West,P010,Dining Table,Home & Living,1750,2
ORD779099,2025-11-27,East,P014,Shampoo,Health & Beauty,2385,2
ORD779100,2025-07-06,South,P010,Dining Table,Home & Living,684,8
ORD779101,2025-06-07,South,P011,Car Seat,Automotive,1923,5
ORD779102,2025-02-17,South,P014,Shampoo,Health & Beauty,2448,6
ORD779103,2025-07-15,North,P004,Monitor,Electronics,362,6
ORD779104,2025-06-29,South,P005,Keyboard,Electronics,2069,1
ORD779105,2025-11-03,North,P003,Headphones,Electronics,2095,7
ORD779106,2025-01-13,South,P007,Jeans,Apparel,2121,8
ORD779107,2025-07-01,South,P006,T-Shirt,Apparel,1871,9
ORD779108,2025-02-26,West,P010,Dining Table,Home & Living,1586,9
ORD779109,2025-09-07,West,P014,Shampoo,Health & Beauty,2333,4
ORD779110,2025-05-18,North,P001,Laptop,Electronics,2401,1
ORD779111,2025-08-03,East,P002,Smartphone,Electronics,1667,7
ORD779112,2025-07-30,East,P013,Face Cream,Health & Beauty,606,9
ORD779113,2025-12-19,North,P006,T-Shirt,Apparel,872,6
ORD779114,2025-04-14,South,P009,Sofa,Home & Living,617,7
ORD779115,2025-01-08,North,P003,Headphones,Electronics,2172,4
ORD779116,2025-12-20,West,P001,Laptop,Electronics,1379,3
ORD779117,2025-09-15,North,P009,Sofa,Home & Living,2360,5
ORD779118,2025-04-22,North,P012,Engine Oil,Automotive,1137,7
ORD779119,2025-09-29,North,P014,Shampoo,Health & Beauty,2376,2
ORD779120,2025-01-01,North,P010,Dining Table,Home & Living,226,8
ORD779121,2025-05-06,North,P011,Car Seat,Automotive,1831,3
ORD779122,2025-09-19,West,P015,Other Product,Others,466,1
ORD779123,2025-03-02,North,P009,Sofa,Home & Living,1033,3
ORD779124,2025-04-10,North,P001,Laptop,Electronics,1530,8
ORD779125,2025-04-07,West,P011,Car Seat,Automotive,1772,7
ORD779126,2025-11-30,East,P011,Car Seat,Automotive,2426,1
ORD779127,2025-01-30,North,P002,Smartphone,Electronics,1425,2
ORD779128,2025-04-11,South,P002,Smartphone,Electronics,978,8
ORD779129,2025-09-05,East,P004,Monitor,Electronics,727,7
ORD779130,2025-06-22,West,P003,Headphones,Electronics,1746,4
ORD779131,2025-05-17,North,P009,Sofa,Home & Living,2145,1
ORD779132,2025-04-02,West,P010,Dining Table,Home & Living,2095,3
ORD779133,2025-12-09,East,P009,Sofa,Home & Living,941,6
ORD779134,2025-11-18,North,P009,Sofa,Home & Living,999,6
ORD779135,2025-07-28,South,P013,Face Cream,Health & Beauty,1077,6
ORD779136,2025-10-09,North,P004,Monitor,Electronics,314,4
ORD779137,2025-09-23,West,P007,Jeans,Apparel,2469,3
ORD779138,2025-11-17,South,P012,Engine Oil,Automotive,1779,9
ORD779139,2025-11-05,North,P010,Dining Table,Home & Living,2000,4
ORD779140,2025-02-18,North,P006,T-Shirt,Apparel,699,1
ORD779141,2025-05-20,West,P005,Keyboard,Electronics,1039,3
ORD779142,2025-04-21,North,P010,Dining Table,Home & Living,1822,7
ORD779143,2025-07-04,East,P004,Monitor,Electronics,1362,9
ORD779144,2025-12-05,East,P005,Keyboard,Electronics,810,4
ORD779145,2025-11-10,East,P001,Laptop,Electronics,1445,8
ORD779146,2025-07-18,North,P006,T-Shirt,Apparel,1247,6
ORD779147,2025-09-25,South,P002,Smartphone,Electronics,581,2
ORD779148,2025-03-29,South,P005,Keyboard,Electronics,941,1
ORD779149,2025-03-10,East,P004,Monitor,Electronics,921,7
ORD779150,2025-08-13,East,P006,T-Shirt,Apparel,2263,5
ORD779151,2025-08-14,South,P005,Keyboard,Electronics,732,1
ORD779152,2025-01-06,West,P005,Keyboard,Electronics,901,4
ORD779153,2025-08-27,West,P004,Monitor,Electronics,1693,3
ORD779154,2025-07-20,West,P002,Smartphone,Electronics,1801,2
ORD779155,2025-06-28,East,P012,Engine Oil,Automotive,2158,9
ORD779156,2025-10-24,East,P001,Laptop,Electronics,2212,1
ORD779157,2025-09-15,West,P012,Engine Oil,Automotive,1235,9
ORD779158,2025-10-28,East,P008,Jacket,Apparel,2363,8
ORD779159,2025-04-22,South,P005,Keyboard,Electronics,880,4
ORD779160,2025-06-19,South,P009,Sofa,Home & Living,1602,5
ORD779161,2025-03-07,East,P011,Car Seat,Automotive,2304,5
ORD779162,2025-12-29,North,P011,Car Seat,Automotive,370,5
ORD779163,2025-05-23,South,P012,Engine Oil,Automotive,1233,5
ORD779164,2025-02-09,North,P007,Jeans,Apparel,2331,5
ORD779165,2025-10-14,North,P002,Smartphone,Electronics,2121,9
ORD779166,2025-04-24,South,P013,Face Cream,Health & Beauty,588,5
ORD779167,2025-03-18,South,P002,Smartphone,Electronics,1541,9
ORD779168,2025-03-18,East,P001,Laptop,Electronics,747,8
ORD779169,2025-03-08,South,P003,Headphones,Electronics,1357,9
ORD779170,2025-11-16,South,P013,Face Cream,Health & Beauty,355,6
ORD779171,2025-05-07,West,P009,Sofa,Home & Living,1393,9
ORD779172,2025-12-15,North,P006,T-Shirt,Apparel,1531,8
ORD779173,2025-04-09,South,P004,Monitor,Electronics,1263,8
ORD779174,2025-07-09,South,P010,Dining Table,Home & Living,899,6
ORD779175,2025-12-14,East,P010,Dining Table,Home & Living,1413,3
ORD779176,2025-04-22,West,P002,Smartphone,Electronics,433,4
ORD779177,2025-11-15,North,P014,Shampoo,Health & Beauty,947,4
ORD779178,2025-09-19,West,P007,Jeans,Apparel,1338,1
ORD779179,2025-03-16,North,P001,Laptop,Electronics,2086,5
ORD779180,2025-03-13,North,P003,Headphones,Electronics,399,3
ORD779181,2025-03-03,East,P004,Monitor,Electronics,2131,2
ORD779182,2025-09-29,East,P014,Shampoo,Health & Beauty,906,7
ORD779183,2025-04-20,West,P010,Dining Table,Home & Living,1490,5
ORD779184,2025-05-06,East,P006,T-Shirt,Apparel,179,9
ORD779185,2025-12-23,North,P010,Dining Table,Home & Living,1829,4
ORD779186,2025-04-13,South,P006,T-Shirt,Apparel,1740,8
ORD779187,2025-07-19,South,P007,Jeans,Apparel,1294,7
ORD779188,2025-01-21,North,P013,Face Cream,Health & Beauty,2440,6
ORD779189,2025-01-16,East,P012,Engine Oil,Automotive,2303,4
ORD779190,2025-12-14,West,P007,Jeans,Apparel,613,5
ORD779191,2025-04-29,North,P005,Keyboard,Electronics,2457,5
ORD779192,2025-07-14,East,P007,Jeans,Apparel,330,9
ORD779193,2025-12-14,West,P013,Face Cream,Health & Beauty,820,5
ORD779194,2025-10-09,South,P015,Other Product,Others,1660,9
ORD779195,2025-09-02,East,P012,Engine Oil,Automotive,1462,2
ORD779196,2025-01-18,East,P015,Other Product,Others,1281,5
ORD779197,2025-12-06,West,P003,Headphones,Electronics,1339,6
ORD779198,2025-08-27,East,P013,Face Cream,Health & Beauty,2077,2
ORD779199,2025-07-01,North,P001,Laptop,Electronics,1572,6
ORD779200,2025-01-20,West,P008,Jacket,Apparel,962,3
ORD779201,2025-12-24,East,P010,Dining Table,Home & Living,328,1
ORD779202,2025-05-02,East,P014,Shampoo,Health & Beauty,1604,9
ORD779203,2025-07-22,West,P012,Engine Oil,Automotive,390,6
ORD779204,2025-10-07,North,P002,Smartphone,Electronics,1668,3
ORD779205,2025-10-02,West,P005,Keyboard,Electronics,1536,1
ORD779206,2025-04-08,West,P013,Face Cream,Health & Beauty,1197,7
ORD779207,2025-08-13,West,P005,Keyboard,Electronics,2022,6
ORD779208,2025-10-18,East,P005,Keyboard,Electronics,774,4
ORD779209,2025-09-21,East,P009,Sofa,Home & Living,1117,1
ORD779210,2025-03-14,North,P015,Other Product,Others,520,9
ORD779211,2025-09-12,East,P005,Keyboard,Electronics,893,5
ORD779212,2025-03-02,North,P004,Monitor,Electronics,2467,7
ORD779213,2025-04-23,North,P007,Jeans,Apparel,984,9
ORD779214,2025-08-01,East,P005,Keyboard,Electronics,1861,8
ORD779215,2025-08-31,West,P008,Jacket,Apparel,1140,5
ORD779216,2025-01-12,West,P008,Jacket,Apparel,1860,7
ORD779217,2025-08-09,West,P015,Other Product,Others,2311,4
ORD779218,2025-02-25,West,P009,Sofa,Home & Living,1868,1
ORD779219,2025-03-07,North,P012,Engine Oil,Automotive,1724,3
ORD779220,2025-06-07,East,P011,Car Seat,Automotive,952,3
ORD779221,2025-07-14,South,P003,Headphones,Electronics,2209,9
ORD779222,2025-12-01,West,P002,Smartphone,Electronics,1355,4
ORD779223,2025-01-08,South,P015,Other Product,Others,1802,5
ORD779224,2025-05-01,North,P009,Sofa,Home & Living,1438,2
ORD779225,2025-10-09,East,P011,Car Seat,Automotive,525,4
ORD779226,2025-08-02,South,P012,Engine Oil,Automotive,1600,1
ORD779227,2025-07-05,North,P012,Engine Oil,Automotive,1698,4
ORD779228,2025-10-19,West,P003,Headphones,Electronics,2112,2
ORD779229,2025-07-05,West,P005,Keyboard,Electronics,2043,9
ORD779230,2025-01-07,East,P012,Engine Oil,Automotive,2100,5
ORD779231,2025-02-02,West,P001,Laptop,Electronics,1798,7
ORD779232,2025-05-22,West,P009,Sofa,Home & Living,2499,6
ORD779233,2025-02-07,East,P005,Keyboard,Electronics,1588,2
ORD779234,2025-11-22,North,P004,Monitor,Electronics,1799,4
ORD779235,2025-03-16,West,P002,Smartphone,Electronics,1931,2
ORD779236,2025-06-24,North,P005,Keyboard,Electronics,260,7
ORD779237,2025-05-23,North,P002,Smartphone,Electronics,1671,6
ORD779238,2025-02-11,South,P012,Engine Oil,Automotive,1009,1
ORD779239,2025-11-01,West,P012,Engine Oil,Automotive,2455,6
ORD779240,2025-03-25,West,P007,Jeans,Apparel,885,9
ORD779241,2025-11-24,North,P003,Headphones,Electronics,962,2
ORD779242,2025-07-12,East,P012,Engine Oil,Automotive,1065,9
ORD779243,2025-01-12,East,P003,Headphones,Electronics,171,3
ORD779244,2025-05-11,South,P013,Face Cream,Health & Beauty,1773,1
ORD779245,2025-04-03,East,P002,Smartphone,Electronics,2313,8
ORD779246,2025-07-21,South,P007,Jeans,Apparel,213,3
ORD779247,2025-05-04,South,P001,Laptop,Electronics,1169,8
ORD779248,2025-04-20,North,P004,Monitor,Electronics,1604,3
ORD779249,2025-07-21,South,P003,Headphones,Electronics,1386,9
ORD779250,2025-02-23,East,P014,Shampoo,Health & Beauty,1572,8
ORD779251,2025-03-24,East,P003,Headphones,Electronics,1543,1
ORD779252,2025-08-01,South,P008,Jacket,Apparel,2127,9
ORD779253,2025-01-01,East,P006,T-Shirt,Apparel,597,6
ORD779254,2025-06-18,West,P010,Dining Table,Home & Living,2118,5
ORD779255,2025-08-15,South,P012,Engine Oil,Automotive,1928,5
ORD779256,2025-09-27,West,P011,Car Seat,Automotive,1568,1
ORD779257,2025-02-16,East,P007,Jeans,Apparel,1580,5
ORD779258,2025-09-04,West,P010,Dining Table,Home & Living,2227,2
ORD779259,2025-07-28,East,P002,Smartphone,Electronics,2027,9
ORD779260,2025-04-20,West,P004,Monitor,Electronics,1158,6
ORD779261,2025-12-03,East,P007,Jeans,Apparel,1348,6
ORD779262,2025-05-26,South,P012,Engine Oil,Automotive,2181,4
ORD779263,2025-07-27,West,P006,T-Shirt,Apparel,1031,2
ORD779264,2025-07-25,West,P001,Laptop,Electronics,1965,4
ORD779265,2025-04-21,East,P008,Jacket,Apparel,491,3
ORD779266,2025-10-02,West,P010,Dining Table,Home & Living,439,6
ORD779267,2025-07-17,North,P015,Other Product,Others,1147,7
ORD779268,2025-07-20,North,P005,Keyboard,Electronics,435,3
ORD779269,2025-03-22,West,P005,Keyboard,Electronics,1408,1
ORD779270,2025-11-26,West,P013,Face Cream,Health & Beauty,935,1
ORD779271,2025-08-02,East,P014,Shampoo,Health & Beauty,2363,4
ORD779272,2025-07-16,North,P002,Smartphone,Electronics,2234,3
ORD779273,2025-01-13,South,P010,Dining Table,Home & Living,293,7
ORD779274,2025-04-15,West,P012,Engine Oil,Automotive,1487,8
ORD779275,2025-10-31,North,P001,Laptop,Electronics,2493,8
ORD779276,2025-11-26,North,P005,Keyboard,Electronics,368,2
ORD779277,2025-08-07,North,P015,Other Product,Others,2335,8
ORD779278,2025-09-13,North,P003,Headphones,Electronics,1412,2
ORD779279,2025-01-04,South,P012,Engine Oil,Automotive,1416,3
ORD779280,2025-12-22,South,P008,Jacket,Apparel,1702,1
ORD779281,2025-03-06,West,P001,Laptop,Electronics,2261,6
ORD779282,2025-08-18,East,P010,Dining Table,Home & Living,2367,9
ORD779283,2025-08-06,East,P009,Sofa,Home & Living,765,6
ORD779284,2025-04-18,East,P002,Smartphone,Electronics,1056,1
ORD779285,2025-03-02,South,P008,Jacket,Apparel,835,7
ORD779286,2025-01-03,East,P006,T-Shirt,Apparel,290,2
ORD779287,2025-10-30,West,P002,Smartphone,Electronics,1228,1
ORD779288,2025-01-14,West,P009,Sofa,Home & Living,2382,3
ORD779289,2025-04-22,West,P010,Dining Table,Home & Living,1996,4
ORD779290,2025-05-22,East,P012,Engine Oil,Automotive,309,1
ORD779291,2025-12-26,West,P014,Shampoo,Health & Beauty,1184,9
ORD779292,2025-05-10,North,P005,Keyboard,Electronics,1438,8
ORD779293,2025-10-21,South,P003,Headphones,Electronics,489,5
ORD779294,2025-06-09,West,P013,Face Cream,Health & Beauty,202,8
ORD779295,2025-04-29,North,P014,Shampoo,Health & Beauty,1056,4
ORD779296,2025-12-31,South,P013,Face Cream,Health & Beauty,2128,2
ORD779297,2025-09-04,East,P005,Keyboard,Electronics,1830,8
ORD779298,2025-12-18,North,P004,Monitor,Electronics,103,3
ORD779299,2025-09-18,North,P005,Keyboard,Electronics,1317,6
ORD779300,2025-11-10,West,P015,Other Product,Others,111,6
ORD779301,2025-06-29,North,P008,Jacket,Apparel,2272,9
ORD779302,2025-09-27,West,P008,Jacket,Apparel,933,8
ORD779303,2025-09-03,East,P012,Engine Oil,Automotive,1579,8
ORD779304,2025-11-15,East,P003,Headphones,Electronics,829,3
ORD779305,2025-01-26,North,P005,Keyboard,Electronics,1021,4
ORD779306,2025-06-03,West,P013,Face Cream,Health & Beauty,144,6
ORD779307,2025-05-29,North,P014,Shampoo,Health & Beauty,706,4
ORD779308,2025-01-17,East,P009,Sofa,Home & Living,624,6
ORD779309,2025-04-12,North,P009,Sofa,Home & Living,1373,2
ORD779310,2025-11-27,North,P007,Jeans,Apparel,2373,7
ORD779311,2025-06-28,East,P008,Jacket,Apparel,2209,3
ORD779312,2025-03-03,East,P007,Jeans,Apparel,805,7
ORD779313,2025-11-22,North,P008,Jacket,Apparel,1191,2
ORD779314,2025-05-24,West,P009,Sofa,Home & Living,1687,4
ORD779315,2025-03-06,North,P005,Keyboard,Electronics,788,2
ORD779316,2025-02-15,West,P007,Jeans,Apparel,1440,5
ORD779317,2025-04-05,North,P001,Laptop,Electronics,1582,4
ORD779318,2025-11-25,East,P014,Shampoo,Health & Beauty,1721,4
ORD779319,2025-01-22,South,P010,Dining Table,Home & Living,2414,1
ORD779320,2025-12-23,East,P003,Headphones,Electronics,782,1
ORD779321,2025-02-26,South,P001,Laptop,Electronics,2093,9
ORD779322,2025-04-30,North,P008,Jacket,Apparel,1652,2
ORD779323,2025-04-26,West,P009,Sofa,Home & Living,1835,3
ORD779324,2025-10-31,North,P005,Keyboard,Electronics,1310,6
ORD779325,2025-08-06,South,P009,Sofa,Home & Living,2488,8
ORD779326,2025-06-16,West,P013,Face Cream,Health & Beauty,2320,4
ORD779327,2025-12-06,South,P010,Dining Table,Home & Living,1833,8
ORD779328,2025-04-14,East,P001,Laptop,Electronics,1502,4
ORD779329,2025-06-18,South,P015,Other Product,Others,859,6
ORD779330,2025-10-13,South,P011,Car Seat,Automotive,1002,5
ORD779331,2025-07-26,South,P001,Laptop,Electronics,955,8
ORD779332,2025-10-05,West,P004,Monitor,Electronics,554,9
ORD779333,2025-05-03,North,P008,Jacket,Apparel,809,1
ORD779334,2025-04-17,West,P006,T-Shirt,Apparel,1540,7
ORD779335,2025-03-04,North,P012,Engine Oil,Automotive,2076,4
ORD779336,2025-12-21,East,P001,Laptop,Electronics,529,6
ORD779337,2025-10-24,South,P012,Engine Oil,Automotive,903,6
ORD779338,2025-04-07,North,P015,Other Product,Others,1395,1
ORD779339,2025-02-24,West,P006,T-Shirt,Apparel,1351,3
ORD779340,2025-03-04,West,P001,Laptop,Electronics,1507,1
ORD779341,2025-03-23,West,P005,Keyboard,Electronics,1706,2
ORD779342,2025-05-05,North,P012,Engine Oil,Automotive,958,6
ORD779343,2025-06-01,South,P010,Dining Table,Home & Living,1483,2
ORD779344,2025-12-21,West,P009,Sofa,Home & Living,104,6
ORD779345,2025-06-15,South,P014,Shampoo,Health & Beauty,2445,2
ORD779346,2025-11-02,South,P014,Shampoo,Health & Beauty,2136,6
ORD779347,2025-07-17,East,P004,Monitor,Electronics,1355,8
ORD779348,2025-08-26,South,P008,Jacket,Apparel,1407,2
ORD779349,2025-10-22,South,P006,T-Shirt,Apparel,401,6
ORD779350,2025-01-31,North,P013,Face Cream,Health & Beauty,1151,2
ORD779351,2025-04-28,South,P005,Keyboard,Electronics,1007,9
ORD779352,2025-04-15,North,P013,Face Cream,Health & Beauty,1389,4
ORD779353,2025-05-23,South,P012,Engine Oil,Automotive,1318,5
ORD779354,2025-12-30,West,P005,Keyboard,Electronics,1137,7
ORD779355,2025-08-31,North,P015,Other Product,Others,1691,7
ORD779356,2025-12-07,East,P005,Keyboard,Electronics,290,7
ORD779357,2025-08-19,West,P014,Shampoo,Health & Beauty,1711,6
ORD779358,2025-01-17,East,P013,Face Cream,Health & Beauty,885,2
ORD779359,2025-12-11,North,P001,Laptop,Electronics,739,7
ORD779360,2025-05-13,West,P012,Engine Oil,Automotive,1694,4
ORD779361,2025-05-11,South,P010,Dining Table,Home & Living,126,5
ORD779362,2025-03-09,South,P002,Smartphone,Electronics,1362,7
ORD779363,2025-08-16,East,P004,Monitor,Electronics,714,3
ORD779364,2025-03-15,West,P013,Face Cream,Health & Beauty,863,9
ORD779365,2025-03-18,South,P008,Jacket,Apparel,1770,2
ORD779366,2025-08-29,North,P009,Sofa,Home & Living,1946,2
ORD779367,2025-09-19,West,P009,Sofa,Home & Living,1895,7
ORD779368,2025-02-17,East,P009,Sofa,Home & Living,1623,6
ORD779369,2025-07-01,North,P009,Sofa,Home & Living,1977,6
ORD779370,2025-10-01,South,P004,Monitor,Electronics,1988,1
ORD779371,2025-07-01,North,P006,T-Shirt,Apparel,2315,7
ORD779372,2025-05-06,North,P003,Headphones,Electronics,924,3
ORD779373,2025-04-03,North,P014,Shampoo,Health & Beauty,2451,4
ORD779374,2025-12-15,East,P006,T-Shirt,Apparel,1452,3
ORD779375,2025-02-11,East,P014,Shampoo,Health & Beauty,1853,4
ORD779376,2025-06-19,East,P006,T-Shirt,Apparel,2399,7
ORD779377,2025-11-27,South,P013,Face Cream,Health & Beauty,2393,6
ORD779378,2025-10-21,East,P002,Smartphone,Electronics,651,7
ORD779379,2025-04-01,South,P015,Other Product,Others,955,2
ORD779380,2025-12-24,West,P008,Jacket,Apparel,310,3
ORD779381,2025-05-27,West,P001,Laptop,Electronics,1625,2
ORD779382,2025-06-26,South,P003,Headphones,Electronics,578,2
ORD779383,2025-05-26,South,P013,Face Cream,Health & Beauty,786,1
ORD779384,2025-07-23,North,P005,Keyboard,Electronics,2130,2
ORD779385,2025-05-16,West,P012,Engine Oil,Automotive,883,3
ORD779386,2025-01-13,North,P003,Headphones,Electronics,1734,2
ORD779387,2025-04-04,North,P015,Other Product,Others,780,8
ORD779388,2025-04-06,South,P008,Jacket,Apparel,203,3
ORD779389,2025-11-04,South,P012,Engine Oil,Automotive,2273,4
ORD779390,2025-02-23,South,P003,Headphones,Electronics,770,5
ORD779391,2025-12-06,North,P004,Monitor,Electronics,618,2
ORD779392,2025-11-12,East,P014,Shampoo,Health & Beauty,546,2
ORD779393,2025-01-08,West,P005,Keyboard,Electronics,2203,6
ORD779394,2025-01-30,North,P011,Car Seat,Automotive,364,3
ORD779395,2025-07-12,South,P006,T-Shirt,Apparel,456,1
ORD779396,2025-09-18,East,P012,Engine Oil,Automotive,1055,1
ORD779397,2025-04-13,West,P003,Headphones,Electronics,1496,1
ORD779398,2025-06-12,East,P006,T-Shirt,Apparel,756,3
ORD779399,2025-12-26,North,P004,Monitor,Electronics,1967,8
ORD779400,2025-02-11,South,P001,Laptop,Electronics,963,2
ORD779401,2025-05-20,West,P010,Dining Table,Home & Living,1342,4
ORD779402,2025-04-06,East,P005,Keyboard,Electronics,2035,4
ORD779403,2025-02-02,North,P009,Sofa,Home & Living,1581,3
ORD779404,2025-09-10,East,P001,Laptop,Electronics,785,9
ORD779405,2025-10-18,North,P010,Dining Table,Home & Living,2405,4
ORD779406,2025-09-29,South,P001,Laptop,Electronics,2402,1
ORD779407,2025-07-29,East,P012,Engine Oil,Automotive,1643,9
ORD779408,2025-06-11,North,P015,Other Product,Others,1685,2
ORD779409,2025-05-06,South,P009,Sofa,Home & Living,2388,4
ORD779410,2025-10-08,South,P007,Jeans,Apparel,532,1
ORD779411,2025-08-07,South,P008,Jacket,Apparel,2295,1
ORD779412,2025-02-26,West,P006,T-Shirt,Apparel,231,9
ORD779413,2025-01-01,North,P004,Monitor,Electronics,2360,5
ORD779414,2025-10-28,West,P013,Face Cream,Health & Beauty,2163,5
ORD779415,2025-05-30,West,P014,Shampoo,Health & Beauty,930,3
ORD779416,2025-10-10,South,P011,Car Seat,Automotive,1357,6
ORD779417,2025-07-21,West,P002,Smartphone,Electronics,536,7
ORD779418,2025-05-24,South,P004,Monitor,Electronics,2191,1
ORD779419,2025-03-24,West,P003,Headphones,Electronics,2033,6
ORD779420,2025-06-15,South,P004,Monitor,Electronics,1908,9
ORD779421,2025-07-22,South,P013,Face Cream,Health & Beauty,797,1
ORD779422,2025-03-16,North,P003,Headphones,Electronics,1152,6
ORD779423,2025-07-31,East,P003,Headphones,Electronics,856,8
ORD779424,2025-09-16,East,P010,Dining Table,Home & Living,1134,8
ORD779425,2025-08-06,North,P014,Shampoo,Health & Beauty,1508,5
ORD779426,2025-06-24,North,P003,Headphones,Electronics,789,6
ORD779427,2025-12-03,West,P002,Smartphone,Electronics,2486,4
ORD779428,2025-09-23,East,P010,Dining Table,Home & Living,2491,6
ORD779429,2025-11-02,South,P002,Smartphone,Electronics,2052,7
ORD779430,2025-03-11,South,P011,Car Seat,Automotive,1293,2
ORD779431,2025-05-14,North,P003,Headphones,Electronics,945,5
ORD779432,2025-06-28,East,P007,Jeans,Apparel,2244,3
ORD779433,2025-04-28,West,P004,Monitor,Electronics,1785,9
ORD779434,2025-07-24,South,P007,Jeans,Apparel,1139,1
ORD779435,2025-09-01,South,P001,Laptop,Electronics,829,3
ORD779436,2025-08-25,North,P008,Jacket,Apparel,937,3
ORD779437,2025-11-14,North,P007,Jeans,Apparel,1518,7
ORD779438,2025-10-13,North,P009,Sofa,Home & Living,2450,3
ORD779439,2025-09-09,East,P004,Monitor,Electronics,1392,4
ORD779440,2025-10-06,North,P011,Car Seat,Automotive,1478,3
ORD779441,2025-10-14,South,P014,Shampoo,Health & Beauty,1207,8
ORD779442,2025-08-10,West,P002,Smartphone,Electronics,324,4
ORD779443,2025-07-13,East,P008,Jacket,Apparel,2083,4
ORD779444,2025-01-04,West,P002,Smartphone,Electronics,1530,7
ORD779445,2025-08-28,East,P014,Shampoo,Health & Beauty,1353,9
ORD779446,2025-10-15,West,P015,Other Product,Others,1656,3
ORD779447,2025-05-01,West,P012,Engine Oil,Automotive,193,1
ORD779448,2025-08-17,South,P013,Face Cream,Health & Beauty,1471,7
ORD779449,2025-12-12,East,P007,Jeans,Apparel,999,8
ORD779450,2025-08-09,East,P009,Sofa,Home & Living,1568,5
ORD779451,2025-01-10,South,P013,Face Cream,Health & Beauty,1286,2
ORD779452,2025-02-09,West,P008,Jacket,Apparel,1163,2
ORD779453,2025-01-04,East,P010,Dining Table,Home & Living,587,3
ORD779454,2025-12-19,North,P003,Headphones,Electronics,1468,3
ORD779455,2025-01-29,North,P007,Jeans,Apparel,414,2
ORD779456,2025-07-30,West,P005,Keyboard,Electronics,537,5
ORD779457,2025-06-18,North,P001,Laptop,Electronics,178,3
ORD779458,2025-04-20,South,P001,Laptop,Electronics,1416,5
ORD779459,2025-07-20,East,P010,Dining Table,Home & Living,1428,1
ORD779460,2025-07-14,South,P003,Headphones,Electronics,390,8
ORD779461,2025-11-04,East,P005,Keyboard,Electronics,623,6
ORD779462,2025-08-07,North,P008,Jacket,Apparel,1006,9
ORD779463,2025-02-20,East,P002,Smartphone,Electronics,1856,3
ORD779464,2025-03-25,South,P007,Jeans,Apparel,969,1
ORD779465,2025-01-28,South,P006,T-Shirt,Apparel,250,1
ORD779466,2025-09-17,North,P008,Jacket,Apparel,2326,8
ORD779467,2025-11-07,North,P010,Dining Table,Home & Living,1007,9
ORD779468,2025-08-23,South,P014,Shampoo,Health & Beauty,677,5
ORD779469,2025-12-01,South,P001,Laptop,Electronics,529,2
ORD779470,2025-10-21,North,P012,Engine Oil,Automotive,2154,1
ORD779471,2025-07-18,North,P010,Dining Table,Home & Living,301,5
ORD779472,2025-08-02,East,P003,Headphones,Electronics,1441,9
ORD779473,2025-11-28,South,P009,Sofa,Home & Living,1752,3
ORD779474,2025-10-21,South,P008,Jacket,Apparel,1102,9
ORD779475,2025-04-15,North,P004,Monitor,Electronics,105,3
ORD779476,2025-01-13,South,P003,Headphones,Electronics,1582,9
ORD779477,2025-08-11,South,P014,Shampoo,Health & Beauty,1096,7
ORD779478,2025-01-12,South,P002,Smartphone,Electronics,1177,2
ORD779479,2025-09-14,West,P011,Car Seat,Automotive,143,3
ORD779480,2025-01-24,North,P009,Sofa,Home & Living,1409,5
ORD779481,2025-04-28,North,P014,Shampoo,Health & Beauty,831,1
ORD779482,2025-11-25,South,P003,Headphones,Electronics,1059,6
ORD779483,2025-07-19,North,P006,T-Shirt,Apparel,481,8
ORD779484,2025-10-04,North,P010,Dining Table,Home & Living,1758,5
ORD779485,2025-12-04,West,P005,Keyboard,Electronics,2113,4
ORD779486,2025-03-22,South,P008,Jacket,Apparel,1755,5
ORD779487,2025-10-28,North,P009,Sofa,Home & Living,934,4
ORD779488,2025-03-02,South,P006,T-Shirt,Apparel,208,6
ORD779489,2025-10-11,South,P007,Jeans,Apparel,900,8
ORD779490,2025-11-19,East,P012,Engine Oil,Automotive,2289,2
ORD779491,2025-11-07,West,P004,Monitor,Electronics,1766,9
ORD779492,2025-01-10,South,P005,Keyboard,Electronics,151,5
ORD779493,2025-07-31,North,P006,T-Shirt,Apparel,313,5
ORD779494,2025-02-10,East,P014,Shampoo,Health & Beauty,2199,8
ORD779495,2025-01-19,South,P015,Other Product,Others,568,7
ORD779496,2025-07-13,North,P002,Smartphone,Electronics,482,5
ORD779497,2025-10-12,West,P003,Headphones,Electronics,540,9
ORD779498,2025-03-17,East,P004,Monitor,Electronics,1830,4
ORD779499,2025-03-31,South,P011,Car Seat,Automotive,2059,3
ORD779500,2025-03-23,North,P015,Other Product,Others,678,4
ORD779501,2025-05-10,South,P004,Monitor,Electronics,737,1
ORD779502,2025-05-14,North,P002,Smartphone,Electronics,1335,4
ORD779503,2025-07-08,North,P014,Shampoo,Health & Beauty,1726,2
ORD779504,2025-01-17,South,P002,Smartphone,Electronics,281,3
ORD779505,2025-04-07,North,P006,T-Shirt,Apparel,1825,8
ORD779506,2025-04-13,East,P008,Jacket,Apparel,2069,2
ORD779507,2025-02-21,East,P009,Sofa,Home & Living,182,3
ORD779508,2025-08-22,North,P009,Sofa,Home & Living,2176,3
ORD779509,2025-02-10,East,P009,Sofa,Home & Living,1460,1
ORD779510,2025-11-11,South,P009,Sofa,Home & Living,1436,9
ORD779511,2025-04-05,North,P006,T-Shirt,Apparel,695,8
ORD779512,2025-05-26,East,P001,Laptop,Electronics,1754,4
ORD779513,2025-08-19,East,P008,Jacket,Apparel,1593,9
ORD779514,2025-08-28,West,P013,Face Cream,Health & Beauty,2278,9
ORD779515,2025-10-04,South,P009,Sofa,Home & Living,342,5
ORD779516,2025-03-25,East,P014,Shampoo,Health & Beauty,2181,7
ORD779517,2025-08-25,North,P015,Other Product,Others,466,1
ORD779518,2025-03-11,North,P001,Laptop,Electronics,1931,8
ORD779519,2025-11-30,South,P005,Keyboard,Electronics,1567,7
ORD779520,2025-11-14,South,P006,T-Shirt,Apparel,1316,6
ORD779521,2025-08-26,East,P005,Keyboard,Electronics,108,6
ORD779522,2025-01-13,South,P006,T-Shirt,Apparel,1865,6
ORD779523,2025-01-18,West,P014,Shampoo,Health & Beauty,391,7
ORD779524,2025-10-19,East,P003,Headphones,Electronics,1672,8
ORD779525,2025-04-14,East,P013,Face Cream,Health & Beauty,2490,3
ORD779526,2025-04-06,West,P014,Shampoo,Health & Beauty,1722,7
ORD779527,2025-10-15,South,P001,Laptop,Electronics,1371,1
ORD779528,2025-04-16,West,P006,T-Shirt,Apparel,634,5
ORD779529,2025-07-13,North,P010,Dining Table,Home & Living,2360,3
ORD779530,2025-11-20,East,P013,Face Cream,Health & Beauty,1165,5
ORD779531,2025-08-31,North,P015,Other Product,Others,1617,2
ORD779532,2025-09-10,West,P012,Engine Oil,Automotive,389,6
ORD779533,2025-10-19,North,P006,T-Shirt,Apparel,1878,3
ORD779534,2025-04-24,South,P009,Sofa,Home & Living,2163,5
ORD779535,2025-05-21,North,P007,Jeans,Apparel,1105,6
ORD779536,2025-08-19,East,P004,Monitor,Electronics,1905,2
ORD779537,2025-07-28,West,P012,Engine Oil,Automotive,1899,2
ORD779538,2025-09-01,South,P007,Jeans,Apparel,945,2
ORD779539,2025-07-02,North,P006,T-Shirt,Apparel,2350,2
ORD779540,2025-10-23,East,P002,Smartphone,Electronics,565,1
ORD779541,2025-06-23,West,P008,Jacket,Apparel,183,5
ORD779542,2025-07-19,West,P010,Dining Table,Home & Living,2440,7
ORD779543,2025-01-31,North,P008,Jacket,Apparel,207,7
ORD779544,2025-02-04,South,P012,Engine Oil,Automotive,2236,6
ORD779545,2025-03-30,South,P013,Face Cream,Health & Beauty,1786,7
ORD779546,2025-09-04,South,P014,Shampoo,Health & Beauty,2383,5
ORD779547,2025-01-23,East,P004,Monitor,Electronics,1495,9
ORD779548,2025-03-12,West,P013,Face Cream,Health & Beauty,246,5
ORD779549,2025-12-02,South,P012,Engine Oil,Automotive,1367,7
ORD779550,2025-10-10,West,P004,Monitor,Electronics,900,5
ORD779551,2025-09-21,South,P008,Jacket,Apparel,1649,5
ORD779552,2025-09-08,West,P001,Laptop,Electronics,593,4
ORD779553,2025-10-12,North,P006,T-Shirt,Apparel,1501,1
ORD779554,2025-07-27,South,P001,Laptop,Electronics,2494,4
ORD779555,2025-08-27,North,P006,T-Shirt,Apparel,2015,1
ORD779556,2025-06-09,North,P006,T-Shirt,Apparel,2260,6
ORD779557,2025-12-08,North,P010,Dining Table,Home & Living,2090,9
ORD779558,2025-06-02,West,P006,T-Shirt,Apparel,902,1
ORD779559,2025-03-13,South,P008,Jacket,Apparel,1652,2
ORD779560,2025-03-08,West,P015,Other Product,Others,1284,9
ORD779561,2025-07-18,West,P014,Shampoo,Health & Beauty,1343,2
ORD779562,2025-09-22,West,P008,Jacket,Apparel,139,3
ORD779563,2025-02-08,East,P015,Other Product,Others,418,4
ORD779564,2025-06-08,South,P010,Dining Table,Home & Living,1925,5
ORD779565,2025-07-16,North,P003,Headphones,Electronics,2026,4
ORD779566,2025-01-11,South,P003,Headphones,Electronics,1476,4
ORD779567,2025-10-14,North,P008,Jacket,Apparel,1542,4
ORD779568,2025-08-20,East,P014,Shampoo,Health & Beauty,278,5
ORD779569,2025-06-29,South,P005,Keyboard,Electronics,486,7
ORD779570,2025-03-02,West,P009,Sofa,Home & Living,1674,5
ORD779571,2025-02-20,West,P003,Headphones,Electronics,2487,6
ORD779572,2025-01-20,North,P012,Engine Oil,Automotive,1794,8
ORD779573,2025-09-29,West,P011,Car Seat,Automotive,1233,5
ORD779574,2025-07-13,North,P002,Smartphone,Electronics,1958,8
ORD779575,2025-11-03,North,P003,Headphones,Electronics,299,1
ORD779576,2025-11-08,West,P015,Other Product,Others,906,3
ORD779577,2025-01-27,South,P003,Headphones,Electronics,346,7
ORD779578,2025-01-19,East,P012,Engine Oil,Automotive,2457,6
ORD779579,2025-10-06,South,P015,Other Product,Others,1057,6
ORD779580,2025-09-11,West,P008,Jacket,Apparel,1701,4
ORD779581,2025-05-09,North,P012,Engine Oil,Automotive,1064,9
ORD779582,2025-12-17,East,P004,Monitor,Electronics,1564,7
ORD779583,2025-04-26,East,P013,Face Cream,Health & Beauty,261,5
ORD779584,2025-12-18,North,P002,Smartphone,Electronics,1068,6
ORD779585,2025-08-25,South,P002,Smartphone,Electronics,2155,8
ORD779586,2025-04-08,West,P013,Face Cream,Health & Beauty,1175,3
ORD779587,2025-07-09,South,P003,Headphones,Electronics,362,8
ORD779588,2025-06-16,West,P004,Monitor,Electronics,1155,3
ORD779589,2025-01-17,North,P005,Keyboard,Electronics,424,3
ORD779590,2025-02-20,West,P003,Headphones,Electronics,1223,7
ORD779591,2025-03-10,North,P001,Laptop,Electronics,897,1
ORD779592,2025-03-04,South,P008,Jacket,Apparel,1958,9
ORD779593,2025-09-13,West,P005,Keyboard,Electronics,191,4
ORD779594,2025-05-24,North,P004,Monitor,Electronics,879,4
ORD779595,2025-11-27,West,P015,Other Product,Others,2285,7
ORD779596,2025-02-16,West,P007,Jeans,Apparel,2117,2
ORD779597,2025-07-26,North,P009,Sofa,Home & Living,2161,9
ORD779598,2025-02-13,East,P004,Monitor,Electronics,2453,7
ORD779599,2025-01-12,West,P007,Jeans,Apparel,1575,4
ORD779600,2025-11-16,South,P009,Sofa,Home & Living,826,1
ORD779601,2025-07-14,East,P003,Headphones,Electronics,1911,6
ORD779602,2025-06-12,West,P006,T-Shirt,Apparel,1854,1
ORD779603,2025-04-23,West,P014,Shampoo,Health & Beauty,1256,4
ORD779604,2025-05-06,South,P009,Sofa,Home & Living,716,4
ORD779605,2025-05-08,East,P002,Smartphone,Electronics,1528,1
ORD779606,2025-05-30,North,P008,Jacket,Apparel,2292,6
ORD779607,2025-08-23,East,P006,T-Shirt,Apparel,966,9
ORD779608,2025-11-16,East,P010,Dining Table,Home & Living,1509,9
ORD779609,2025-10-02,West,P011,Car Seat,Automotive,1674,9
ORD779610,2025-06-18,South,P008,Jacket,Apparel,683,5
ORD779611,2025-01-16,East,P007,Jeans,Apparel,1838,2
ORD779612,2025-02-01,North,P009,Sofa,Home & Living,452,5
ORD779613,2025-04-27,West,P001,Laptop,Electronics,1158,1
ORD779614,2025-05-27,West,P012,Engine Oil,Automotive,610,4
ORD779615,2025-10-08,West,P015,Other Product,Others,1661,4
ORD779616,2025-05-30,West,P009,Sofa,Home & Living,968,6
ORD779617,2025-11-09,South,P006,T-Shirt,Apparel,561,2
ORD779618,2025-09-04,North,P015,Other Product,Others,494,6
ORD779619,2025-12-07,East,P013,Face Cream,Health & Beauty,1773,7
ORD779620,2025-08-02,North,P004,Monitor,Electronics,631,2
ORD779621,2025-02-01,North,P002,Smartphone,Electronics,1157,8
ORD779622,2025-02-11,West,P005,Keyboard,Electronics,2147,3
ORD779623,2025-01-23,East,P015,Other Product,Others,543,8
ORD779624,2025-12-23,West,P002,Smartphone,Electronics,506,3
ORD779625,2025-10-09,North,P005,Keyboard,Electronics,362,8
ORD779626,2025-08-31,North,P003,Headphones,Electronics,1160,5
ORD779627,2025-01-31,East,P004,Monitor,Electronics,1095,7
ORD779628,2025-11-08,East,P007,Jeans,Apparel,2421,3
ORD779629,2025-05-09,North,P001,Laptop,Electronics,2236,5
ORD779630,2025-12-08,East,P001,Laptop,Electronics,1983,7
ORD779631,2025-05-25,West,P004,Monitor,Electronics,1559,6
ORD779632,2025-04-18,North,P014,Shampoo,Health & Beauty,1892,5
ORD779633,2025-07-08,West,P015,Other Product,Others,1973,3
ORD779634,2025-08-22,West,P011,Car Seat,Automotive,2105,8
ORD779635,2025-12-13,West,P010,Dining Table,Home & Living,1700,5
ORD779636,2025-07-05,South,P005,Keyboard,Electronics,1122,7
ORD779637,2025-08-26,East,P014,Shampoo,Health & Beauty,1139,4
ORD779638,2025-01-19,East,P014,Shampoo,Health & Beauty,1267,3
ORD779639,2025-06-05,North,P011,Car Seat,Automotive,2336,8
ORD779640,2025-05-14,South,P004,Monitor,Electronics,1359,2
ORD779641,2025-02-05,South,P006,T-Shirt,Apparel,116,8
ORD779642,2025-04-08,West,P013,Face Cream,Health & Beauty,585,9
ORD779643,2025-03-07,South,P003,Headphones,Electronics,1705,1
ORD779644,2025-10-11,North,P012,Engine Oil,Automotive,2143,4
ORD779645,2025-11-06,South,P008,Jacket,Apparel,1856,1
ORD779646,2025-01-09,West,P015,Other Product,Others,332,5
ORD779647,2025-09-22,East,P015,Other Product,Others,1246,8
ORD779648,2025-02-24,West,P007,Jeans,Apparel,818,8
ORD779649,2025-06-27,East,P012,Engine Oil,Automotive,1627,8
ORD779650,2025-04-04,East,P006,T-Shirt,Apparel,2380,7
ORD779651,2025-01-30,South,P006,T-Shirt,Apparel,439,4
ORD779652,2025-12-19,North,P010,Dining Table,Home & Living,960,3
ORD779653,2025-01-09,North,P006,T-Shirt,Apparel,2492,5
ORD779654,2025-08-09,East,P011,Car Seat,Automotive,1339,5
ORD779655,2025-06-28,South,P009,Sofa,Home & Living,1095,5
ORD779656,2025-07-05,South,P015,Other Product,Others,558,9
ORD779657,2025-07-26,West,P013,Face Cream,Health & Beauty,1367,6
ORD779658,2025-11-25,South,P005,Keyboard,Electronics,1300,9
ORD779659,2025-10-02,West,P013,Face Cream,Health & Beauty,1585,1
ORD779660,2025-12-28,East,P003,Headphones,Electronics,494,5
ORD779661,2025-12-30,East,P007,Jeans,Apparel,1996,4
ORD779662,2025-05-21,East,P014,Shampoo,Health & Beauty,838,6
ORD779663,2025-08-21,South,P001,Laptop,Electronics,333,4
ORD779664,2025-01-30,West,P010,Dining Table,Home & Living,301,4
ORD779665,2025-07-06,South,P010,Dining Table,Home & Living,588,6
ORD779666,2025-01-23,East,P008,Jacket,Apparel,117,4
ORD779667,2025-10-14,East,P005,Keyboard,Electronics,1253,6
ORD779668,2025-10-20,West,P008,Jacket,Apparel,608,9
ORD779669,2025-03-13,West,P015,Other Product,Others,2034,9
ORD779670,2025-04-12,West,P015,Other Product,Others,240,1
ORD779671,2025-08-28,South,P010,Dining Table,Home & Living,813,4
ORD779672,2025-02-22,East,P009,Sofa,Home & Living,1908,3
ORD779673,2025-12-26,West,P004,Monitor,Electronics,1372,4
ORD779674,2025-05-14,East,P011,Car Seat,Automotive,1429,4
ORD779675,2025-11-23,South,P006,T-Shirt,Apparel,1890,1
ORD779676,2025-03-24,West,P009,Sofa,Home & Living,2440,3
ORD779677,2025-06-09,East,P013,Face Cream,Health & Beauty,2193,6
ORD779678,2025-09-25,North,P015,Other Product,Others,771,9
ORD779679,2025-04-05,East,P006,T-Shirt,Apparel,1155,8
ORD779680,2025-04-23,East,P012,Engine Oil,Automotive,242,4
ORD779681,2025-08-12,East,P014,Shampoo,Health & Beauty,154,5
ORD779682,2025-02-04,East,P004,Monitor,Electronics,804,9
ORD779683,2025-04-26,West,P007,Jeans,Apparel,2055,1
ORD779684,2025-05-22,South,P005,Keyboard,Electronics,2257,6
ORD779685,2025-10-11,North,P002,Smartphone,Electronics,1841,6
ORD779686,2025-11-14,West,P003,Headphones,Electronics,1608,7
ORD779687,2025-08-22,West,P015,Other Product,Others,1142,5
ORD779688,2025-04-27,North,P003,Headphones,Electronics,628,6
ORD779689,2025-05-04,North,P002,Smartphone,Electronics,1513,5
ORD779690,2025-11-23,North,P011,Car Seat,Automotive,1706,6
ORD779691,2025-08-29,North,P007,Jeans,Apparel,154,9
ORD779692,2025-07-01,North,P010,Dining Table,Home & Living,1575,4
ORD779693,2025-12-28,East,P003,Headphones,Electronics,1196,1
ORD779694,2025-06-18,North,P014,Shampoo,Health & Beauty,495,5
ORD779695,2025-04-03,East,P009,Sofa,Home & Living,613,4
ORD779696,2025-05-28,South,P015,Other Product,Others,1394,9
ORD779697,2025-12-12,North,P008,Jacket,Apparel,2230,2
ORD779698,2025-09-08,North,P010,Dining Table,Home & Living,2127,4
ORD779699,2025-09-24,North,P008,Jacket,Apparel,1532,7
ORD779700,2025-03-12,West,P009,Sofa,Home & Living,2458,5
ORD779701,2025-09-28,East,P015,Other Product,Others,1827,4
ORD779702,2025-01-02,East,P005,Keyboard,Electronics,1328,8
ORD779703,2025-09-13,South,P013,Face Cream,Health & Beauty,1998,1
ORD779704,2025-08-18,South,P008,Jacket,Apparel,315,4
ORD779705,2025-11-15,East,P005,Keyboard,Electronics,1795,1
ORD779706,2025-06-18,North,P001,Laptop,Electronics,101,4
ORD779707,2025-08-19,West,P006,T-Shirt,Apparel,1023,4
ORD779708,2025-10-05,East,P006,T-Shirt,Apparel,1248,2
ORD779709,2025-11-13,West,P008,Jacket,Apparel,1584,5
ORD779710,2025-08-08,North,P007,Jeans,Apparel,1868,8
ORD779711,2025-01-12,West,P002,Smartphone,Electronics,2296,2
ORD779712,2025-04-22,West,P007,Jeans,Apparel,632,8
ORD779713,2025-10-25,North,P015,Other Product,Others,1194,7
ORD779714,2025-01-08,North,P015,Other Product,Others,1153,5
ORD779715,2025-08-13,East,P008,Jacket,Apparel,701,7
ORD779716,2025-09-12,West,P003,Headphones,Electronics,525,9
ORD779717,2025-02-10,North,P008,Jacket,Apparel,178,6
ORD779718,2025-02-08,East,P004,Monitor,Electronics,1702,7
ORD779719,2025-08-21,West,P012,Engine Oil,Automotive,1848,1
ORD779720,2025-08-31,West,P012,Engine Oil,Automotive,864,6
ORD779721,2025-12-31,West,P002,Smartphone,Electronics,1617,4
ORD779722,2025-04-28,West,P012,Engine Oil,Automotive,1710,2
ORD779723,2025-01-29,South,P015,Other Product,Others,1428,3
ORD779724,2025-12-11,East,P006,T-Shirt,Apparel,2287,2
ORD779725,2025-07-15,North,P012,Engine Oil,Automotive,1843,1
ORD779726,2025-03-06,North,P012,Engine Oil,Automotive,1394,2
ORD779727,2025-02-13,East,P002,Smartphone,Electronics,1659,1
ORD779728,2025-05-03,South,P008,Jacket,Apparel,2488,1
ORD779729,2025-07-01,North,P015,Other Product,Others,1950,8
ORD779730,2025-06-05,East,P009,Sofa,Home & Living,422,6
ORD779731,2025-02-27,West,P010,Dining Table,Home & Living,1534,1
ORD779732,2025-08-12,South,P004,Monitor,Electronics,437,6
ORD779733,2025-11-30,South,P012,Engine Oil,Automotive,2447,6
ORD779734,2025-11-03,East,P011,Car Seat,Automotive,499,8
ORD779735,2025-06-18,South,P001,Laptop,Electronics,1436,7
ORD779736,2025-10-04,West,P008,Jacket,Apparel,2393,9
ORD779737,2025-06-29,South,P015,Other Product,Others,1679,9
ORD779738,2025-06-03,North,P014,Shampoo,Health & Beauty,903,5
ORD779739,2025-09-24,South,P010,Dining Table,Home & Living,2023,8
ORD779740,2025-08-02,North,P007,Jeans,Apparel,417,4
ORD779741,2025-05-31,North,P002,Smartphone,Electronics,1107,1
ORD779742,2025-07-17,West,P013,Face Cream,Health & Beauty,1506,4
ORD779743,2025-10-08,West,P009,Sofa,Home & Living,2234,3
ORD779744,2025-06-14,South,P013,Face Cream,Health & Beauty,2127,4
ORD779745,2025-06-18,South,P008,Jacket,Apparel,343,9
ORD779746,2025-09-07,North,P008,Jacket,Apparel,1876,9
ORD779747,2025-11-06,East,P012,Engine Oil,Automotive,462,1
ORD779748,2025-07-04,North,P015,Other Product,Others,728,6
ORD779749,2025-05-29,North,P008,Jacket,Apparel,1326,4
ORD779750,2025-10-08,West,P002,Smartphone,Electronics,535,5
ORD779751,2025-11-02,West,P004,Monitor,Electronics,692,4
ORD779752,2025-08-19,South,P006,T-Shirt,Apparel,128,7
ORD779753,2025-04-06,South,P014,Shampoo,Health & Beauty,1130,3
ORD779754,2025-04-24,South,P010,Dining Table,Home & Living,675,4
ORD779755,2025-04-04,North,P009,Sofa,Home & Living,1167,2
ORD779756,2025-09-11,West,P009,Sofa,Home & Living,1839,5
ORD779757,2025-09-16,South,P008,Jacket,Apparel,910,1
ORD779758,2025-04-14,South,P012,Engine Oil,Automotive,461,2
ORD779759,2025-08-03,North,P006,T-Shirt,Apparel,1918,4
ORD779760,2025-08-29,East,P012,Engine Oil,Automotive,481,7
ORD779761,2025-04-19,West,P009,Sofa,Home & Living,995,3
ORD779762,2025-03-02,East,P007,Jeans,Apparel,2132,4
ORD779763,2025-09-30,West,P010,Dining Table,Home & Living,499,1
ORD779764,2025-04-16,West,P011,Car Seat,Automotive,1609,4
ORD779765,2025-07-04,North,P014,Shampoo,Health & Beauty,778,7
ORD779766,2025-01-14,East,P014,Shampoo,Health & Beauty,1271,3
ORD779767,2025-03-27,North,P007,Jeans,Apparel,674,3
ORD779768,2025-08-16,West,P006,T-Shirt,Apparel,781,1
ORD779769,2025-10-06,South,P005,Keyboard,Electronics,1348,9
ORD779770,2025-02-13,North,P004,Monitor,Electronics,2204,8
ORD779771,2025-08-24,North,P008,Jacket,Apparel,561,1
ORD779772,2025-07-16,East,P013,Face Cream,Health & Beauty,2017,3
ORD779773,2025-11-25,South,P004,Monitor,Electronics,154,4
ORD779774,2025-02-20,South,P003,Headphones,Electronics,327,9
ORD779775,2025-03-21,East,P002,Smartphone,Electronics,107,8
ORD779776,2025-06-21,West,P005,Keyboard,Electronics,1260,9
ORD779777,2025-06-13,North,P010,Dining Table,Home & Living,614,2
ORD779778,2025-03-07,North,P009,Sofa,Home & Living,437,4
ORD779779,2025-12-10,East,P002,Smartphone,Electronics,1037,3
ORD779780,2025-10-17,North,P013,Face Cream,Health & Beauty,566,1
ORD779781,2025-01-10,North,P009,Sofa,Home & Living,1468,1
ORD779782,2025-09-08,East,P012,Engine Oil,Automotive,486,7
ORD779783,2025-09-29,South,P007,Jeans,Apparel,1826,5
ORD779784,2025-09-29,South,P010,Dining Table,Home & Living,816,4
ORD779785,2025-01-17,North,P007,Jeans,Apparel,1883,4
ORD779786,2025-12-19,West,P003,Headphones,Electronics,2199,4
ORD779787,2025-08-11,East,P006,T-Shirt,Apparel,596,5
ORD779788,2025-03-04,West,P005,Keyboard,Electronics,1117,9
ORD779789,2025-06-18,South,P014,Shampoo,Health & Beauty,529,4
ORD779790,2025-03-07,West,P015,Other Product,Others,1653,1
ORD779791,2025-09-18,West,P009,Sofa,Home & Living,939,5
ORD779792,2025-08-13,West,P008,Jacket,Apparel,2281,5
ORD779793,2025-04-03,South,P010,Dining Table,Home & Living,2077,8
ORD779794,2025-08-24,North,P011,Car Seat,Automotive,633,5
ORD779795,2025-03-21,West,P004,Monitor,Electronics,497,1
ORD779796,2025-09-22,West,P004,Monitor,Electronics,1368,2
ORD779797,2025-11-30,West,P015,Other Product,Others,2317,2
ORD779798,2025-11-23,East,P008,Jacket,Apparel,1968,6
ORD779799,2025-10-26,North,P014,Shampoo,Health & Beauty,2082,7
ORD779800,2025-11-05,South,P013,Face Cream,Health & Beauty,517,9
ORD779801,2025-11-24,North,P008,Jacket,Apparel,1505,8
ORD779802,2025-06-17,East,P014,Shampoo,Health & Beauty,1641,7
ORD779803,2025-01-09,East,P005,Keyboard,Electronics,1163,7
ORD779804,2025-04-29,West,P014,Shampoo,Health & Beauty,445,5
ORD779805,2025-05-28,West,P013,Face Cream,Health & Beauty,1408,5
ORD779806,2025-03-12,North,P001,Laptop,Electronics,450,7
ORD779807,2025-01-05,West,P014,Shampoo,Health & Beauty,2412,7
ORD779808,2025-06-05,West,P005,Keyboard,Electronics,319,7
ORD779809,2025-11-18,East,P011,Car Seat,Automotive,2109,2
ORD779810,2025-08-24,East,P002,Smartphone,Electronics,343,5
ORD779811,2025-01-19,West,P004,Monitor,Electronics,1327,6
ORD779812,2025-12-23,West,P007,Jeans,Apparel,1611,8
ORD779813,2025-09-09,South,P013,Face Cream,Health & Beauty,2359,5
ORD779814,2025-05-05,East,P001,Laptop,Electronics,1776,3
ORD779815,2025-04-21,West,P007,Jeans,Apparel,468,4
ORD779816,2025-03-18,West,P012,Engine Oil,Automotive,1252,3
ORD779817,2025-08-06,South,P007,Jeans,Apparel,1860,7
ORD779818,2025-08-04,West,P009,Sofa,Home & Living,148,3
ORD779819,2025-09-20,South,P008,Jacket,Apparel,1323,4
ORD779820,2025-05-11,North,P009,Sofa,Home & Living,2051,6
ORD779821,2025-01-18,North,P004,Monitor,Electronics,232,5
ORD779822,2025-12-13,South,P015,Other Product,Others,1840,6
ORD779823,2025-11-10,West,P004,Monitor,Electronics,843,2
ORD779824,2025-03-17,North,P003,Headphones,Electronics,1479,6
ORD779825,2025-01-22,West,P008,Jacket,Apparel,889,7
ORD779826,2025-07-15,East,P003,Headphones,Electronics,2057,5
ORD779827,2025-11-15,West,P008,Jacket,Apparel,1631,9
ORD779828,2025-06-09,South,P015,Other Product,Others,734,5
ORD779829,2025-08-04,South,P015,Other Product,Others,2157,4
ORD779830,2025-03-03,North,P007,Jeans,Apparel,354,8
ORD779831,2025-05-11,South,P010,Dining Table,Home & Living,1035,8
ORD779832,2025-11-13,South,P002,Smartphone,Electronics,865,1
ORD779833,2025-03-16,West,P004,Monitor,Electronics,1260,9
ORD779834,2025-07-15,East,P014,Shampoo,Health & Beauty,1555,1
ORD779835,2025-02-23,South,P015,Other Product,Others,1197,5
ORD779836,2025-03-02,North,P010,Dining Table,Home & Living,1022,8
ORD779837,2025-07-01,East,P009,Sofa,Home & Living,956,2
ORD779838,2025-10-21,South,P004,Monitor,Electronics,1904,8
ORD779839,2025-02-28,East,P011,Car Seat,Automotive,2204,6
ORD779840,2025-02-13,West,P007,Jeans,Apparel,1527,5
ORD779841,2025-10-21,North,P011,Car Seat,Automotive,800,6
ORD779842,2025-06-30,South,P013,Face Cream,Health & Beauty,1547,1
ORD779843,2025-06-20,West,P011,Car Seat,Automotive,137,3
ORD779844,2025-07-29,South,P003,Headphones,Electronics,2409,7
ORD779845,2025-07-10,West,P006,T-Shirt,Apparel,918,3
ORD779846,2025-06-27,North,P014,Shampoo,Health & Beauty,1049,5
ORD779847,2025-08-13,North,P011,Car Seat,Automotive,944,3
ORD779848,2025-09-26,North,P006,T-Shirt,Apparel,382,6
ORD779849,2025-05-27,North,P006,T-Shirt,Apparel,1781,9
ORD779850,2025-04-09,South,P002,Smartphone,Electronics,1758,9
ORD779851,2025-03-30,North,P010,Dining Table,Home & Living,118,8
ORD779852,2025-09-29,West,P006,T-Shirt,Apparel,1939,8
ORD779853,2025-04-01,North,P015,Other Product,Others,2292,5
ORD779854,2025-08-08,West,P014,Shampoo,Health & Beauty,1308,4
ORD779855,2025-06-13,North,P009,Sofa,Home & Living,2463,7
ORD779856,2025-10-24,North,P014,Shampoo,Health & Beauty,1535,2
ORD779857,2025-04-27,North,P006,T-Shirt,Apparel,1872,5
ORD779858,2025-07-23,West,P001,Laptop,Electronics,2060,1
ORD779859,2025-09-28,South,P012,Engine Oil,Automotive,1000,4
ORD779860,2025-12-28,West,P001,Laptop,Electronics,204,7
ORD779861,2025-11-24,East,P012,Engine Oil,Automotive,536,6
ORD779862,2025-03-26,North,P011,Car Seat,Automotive,148,8
ORD779863,2025-06-02,South,P006,T-Shirt,Apparel,1749,1
ORD779864,2025-04-30,South,P004,Monitor,Electronics,1000,3
ORD779865,2025-01-09,South,P012,Engine Oil,Automotive,2165,2
ORD779866,2025-10-16,West,P008,Jacket,Apparel,388,5
ORD779867,2025-12-14,South,P004,Monitor,Electronics,1600,5
ORD779868,2025-11-27,West,P015,Other Product,Others,559,3
ORD779869,2025-06-29,East,P009,Sofa,Home & Living,1396,8
ORD779870,2025-11-30,West,P010,Dining Table,Home & Living,551,3
ORD779871,2025-11-10,North,P006,T-Shirt,Apparel,655,1
ORD779872,2025-09-16,East,P012,Engine Oil,Automotive,1227,4
ORD779873,2025-06-13,South,P008,Jacket,Apparel,1743,9
ORD779874,2025-08-14,North,P010,Dining Table,Home & Living,2368,3
ORD779875,2025-10-07,West,P008,Jacket,Apparel,480,9
ORD779876,2025-01-03,North,P014,Shampoo,Health & Beauty,920,4
ORD779877,2025-05-13,East,P014,Shampoo,Health & Beauty,1334,1
ORD779878,2025-10-09,South,P015,Other Product,Others,1641,3
ORD779879,2025-09-23,West,P012,Engine Oil,Automotive,487,1
ORD779880,2025-10-26,South,P003,Headphones,Electronics,1255,3
ORD779881,2025-12-29,South,P009,Sofa,Home & Living,742,1
ORD779882,2025-02-28,South,P004,Monitor,Electronics,1872,8
ORD779883,2025-03-03,West,P005,Keyboard,Electronics,301,9
ORD779884,2025-02-02,West,P006,T-Shirt,Apparel,731,9
ORD779885,2025-11-18,East,P012,Engine Oil,Automotive,2394,8
ORD779886,2025-07-25,South,P015,Other Product,Others,505,7
ORD779887,2025-04-16,East,P009,Sofa,Home & Living,679,1
ORD779888,2025-06-20,North,P007,Jeans,Apparel,2452,6
ORD779889,2025-03-21,South,P010,Dining Table,Home & Living,603,6
ORD779890,2025-01-18,East,P006,T-Shirt,Apparel,276,2
ORD779891,2025-05-23,South,P014,Shampoo,Health & Beauty,921,9
ORD779892,2025-10-31,South,P014,Shampoo,Health & Beauty,591,7
ORD779893,2025-05-01,North,P011,Car Seat,Automotive,990,5
ORD779894,2025-11-13,West,P008,Jacket,Apparel,1424,9
ORD779895,2025-07-19,South,P010,Dining Table,Home & Living,103,1
ORD779896,2025-06-14,South,P011,Car Seat,Automotive,1438,5
ORD779897,2025-03-08,North,P002,Smartphone,Electronics,180,7
ORD779898,2025-06-03,West,P015,Other Product,Others,106,1
ORD779899,2025-09-24,East,P002,Smartphone,Electronics,2254,1
ORD779900,2025-07-19,West,P001,Laptop,Electronics,1702,3
ORD779901,2025-10-15,North,P008,Jacket,Apparel,2130,6
ORD779902,2025-04-01,South,P007,Jeans,Apparel,427,7
ORD779903,2025-02-15,West,P006,T-Shirt,Apparel,960,4
ORD779904,2025-10-27,South,P010,Dining Table,Home & Living,336,6
ORD779905,2025-07-08,East,P004,Monitor,Electronics,529,7
ORD779906,2025-02-11,North,P008,Jacket,Apparel,1344,3
ORD779907,2025-08-03,West,P006,T-Shirt,Apparel,2014,2
ORD779908,2025-04-19,South,P011,Car Seat,Automotive,2478,5
ORD779909,2025-01-08,North,P010,Dining Table,Home & Living,1850,2
ORD779910,2025-01-26,South,P012,Engine Oil,Automotive,782,5
ORD779911,2025-10-27,South,P002,Smartphone,Electronics,678,9
ORD779912,2025-08-20,South,P007,Jeans,Apparel,844,9
ORD779913,2025-11-21,South,P011,Car Seat,Automotive,1754,9
ORD779914,2025-10-04,North,P002,Smartphone,Electronics,765,6
ORD779915,2025-10-12,North,P005,Keyboard,Electronics,330,2
ORD779916,2025-03-23,North,P004,Monitor,Electronics,686,2
ORD779917,2025-08-19,North,P001,Laptop,Electronics,122,7
ORD779918,2025-08-22,East,P006,T-Shirt,Apparel,1901,7
ORD779919,2025-07-28,West,P007,Jeans,Apparel,1159,5
ORD779920,2025-12-17,South,P015,Other Product,Others,2361,3
ORD779921,2025-09-03,East,P014,Shampoo,Health & Beauty,158,7
ORD779922,2025-01-21,North,P012,Engine Oil,Automotive,2182,6
ORD779923,2025-07-07,West,P012,Engine Oil,Automotive,1355,2
ORD779924,2025-02-23,South,P005,Keyboard,Electronics,1657,6
ORD779925,2025-09-04,South,P015,Other Product,Others,2491,3
ORD779926,2025-02-05,West,P010,Dining Table,Home & Living,1423,6
ORD779927,2025-05-22,North,P001,Laptop,Electronics,1632,8
ORD779928,2025-04-29,West,P006,T-Shirt,Apparel,1019,1
ORD779929,2025-10-13,South,P009,Sofa,Home & Living,2326,1
ORD779930,2025-03-09,North,P013,Face Cream,Health & Beauty,1977,3
ORD779931,2025-02-04,North,P013,Face Cream,Health & Beauty,1975,5
ORD779932,2025-07-06,South,P002,Smartphone,Electronics,2402,8
ORD779933,2025-12-28,East,P006,T-Shirt,Apparel,2026,2
ORD779934,2025-01-25,North,P010,Dining Table,Home & Living,806,7
ORD779935,2025-07-01,North,P006,T-Shirt,Apparel,1729,8
ORD779936,2025-09-10,North,P005,Keyboard,Electronics,2413,9
ORD779937,2025-03-28,South,P007,Jeans,Apparel,142,8
ORD779938,2025-07-16,North,P007,Jeans,Apparel,750,4
ORD779939,2025-08-27,East,P011,Car Seat,Automotive,118,2
ORD779940,2025-05-02,South,P007,Jeans,Apparel,1956,9
ORD779941,2025-05-06,West,P002,Smartphone,Electronics,2108,9
ORD779942,2025-04-24,West,P013,Face Cream,Health & Beauty,962,4
ORD779943,2025-05-12,West,P011,Car Seat,Automotive,1869,6
ORD779944,2025-02-20,West,P009,Sofa,Home & Living,952,9
ORD779945,2025-01-31,North,P001,Laptop,Electronics,1129,9
ORD779946,2025-05-30,South,P007,Jeans,Apparel,1249,9
ORD779947,2025-01-07,South,P012,Engine Oil,Automotive,125,4
ORD779948,2025-04-16,South,P008,Jacket,Apparel,2177,7
ORD779949,2025-04-07,North,P014,Shampoo,Health & Beauty,899,9
ORD779950,2025-03-05,East,P006,T-Shirt,Apparel,722,8
ORD779951,2025-01-16,East,P010,Dining Table,Home & Living,865,8
ORD779952,2025-01-20,North,P013,Face Cream,Health & Beauty,2083,7
ORD779953,2025-08-06,West,P008,Jacket,Apparel,2283,4
ORD779954,2025-04-26,West,P007,Jeans,Apparel,2094,3
ORD779955,2025-10-02,North,P014,Shampoo,Health & Beauty,940,8
ORD779956,2025-07-17,East,P014,Shampoo,Health & Beauty,2183,7
ORD779957,2025-01-27,North,P008,Jacket,Apparel,2186,9
ORD779958,2025-06-19,West,P005,Keyboard,Electronics,586,8
ORD779959,2025-03-16,East,P005,Keyboard,Electronics,222,3
ORD779960,2025-11-07,North,P003,Headphones,Electronics,2484,1
ORD779961,2025-04-01,North,P009,Sofa,Home & Living,545,6
ORD779962,2025-07-19,North,P007,Jeans,Apparel,927,9
ORD779963,2025-08-21,South,P003,Headphones,Electronics,617,8
ORD779964,2025-07-13,East,P010,Dining Table,Home & Living,2217,5
ORD779965,2025-02-01,South,P007,Jeans,Apparel,1836,6
ORD779966,2025-11-10,West,P002,Smartphone,Electronics,1809,7
ORD779967,2025-12-09,East,P001,Laptop,Electronics,2315,1
ORD779968,2025-09-16,South,P013,Face Cream,Health & Beauty,251,6
ORD779969,2025-01-28,North,P005,Keyboard,Electronics,220,5
ORD779970,2025-05-20,East,P008,Jacket,Apparel,434,8
ORD779971,2025-03-16,North,P015,Other Product,Others,463,8
ORD779972,2025-11-15,South,P007,Jeans,Apparel,239,5
ORD779973,2025-05-29,North,P008,Jacket,Apparel,1687,6
ORD779974,2025-06-16,South,P011,Car Seat,Automotive,180,5
ORD779975,2025-04-12,South,P005,Keyboard,Electronics,2302,2
ORD779976,2025-04-19,North,P011,Car Seat,Automotive,477,3
ORD779977,2025-08-30,West,P002,Smartphone,Electronics,1793,9
ORD779978,2025-09-30,North,P011,Car Seat,Automotive,2368,2
ORD779979,2025-03-31,East,P009,Sofa,Home & Living,2224,5
ORD779980,2025-06-21,East,P011,Car Seat,Automotive,1393,9
ORD779981,2025-10-22,East,P005,Keyboard,Electronics,880,6
ORD779982,2025-07-11,East,P004,Monitor,Electronics,785,6
ORD779983,2025-04-14,East,P010,Dining Table,Home & Living,2003,6
ORD779984,2025-03-13,West,P001,Laptop,Electronics,359,4
ORD779985,2025-12-01,East,P008,Jacket,Apparel,231,1
ORD779986,2025-01-10,North,P010,Dining Table,Home & Living,1302,2
ORD779987,2025-06-08,East,P002,Smartphone,Electronics,1646,6
ORD779988,2025-08-29,West,P009,Sofa,Home & Living,1894,8
ORD779989,2025-02-27,North,P008,Jacket,Apparel,806,4
ORD779990,2025-10-26,North,P006,T-Shirt,Apparel,945,7
ORD779991,2025-06-16,South,P006,T-Shirt,Apparel,720,6
ORD779992,2025-06-24,South,P006,T-Shirt,Apparel,1894,6
ORD779993,2025-04-04,West,P005,Keyboard,Electronics,812,1
ORD779994,2025-11-04,East,P001,Laptop,Electronics,2043,8
ORD779995,2025-05-17,West,P006,T-Shirt,Apparel,849,6
ORD779996,2025-02-28,North,P015,Other Product,Others,1266,5
ORD779997,2025-02-23,North,P012,Engine Oil,Automotive,1903,8
ORD779998,2025-01-03,East,P015,Other Product,Others,1485,2
ORD779999,2025-12-06,West,P010,Dining Table,Home & Living,637,8
ORD780000,2025-01-06,East,P009,Sofa,Home & Living,1506,5
ORD780001,2025-09-13,North,P011,Car Seat,Automotive,1196,3
ORD780002,2025-10-20,North,P007,Jeans,Apparel,1794,9
ORD780003,2025-06-25,West,P014,Shampoo,Health & Beauty,1583,5
ORD780004,2025-06-17,South,P002,Smartphone,Electronics,361,2
ORD780005,2025-09-30,West,P002,Smartphone,Electronics,1883,2
ORD780006,2025-03-24,North,P010,Dining Table,Home & Living,2179,9
ORD780007,2025-07-21,South,P004,Monitor,Electronics,1675,2
ORD780008,2025-03-01,South,P013,Face Cream,Health & Beauty,1858,5
ORD780009,2025-05-15,North,P001,Laptop,Electronics,1930,6
ORD780010,2025-01-04,North,P002,Smartphone,Electronics,2450,3
ORD780011,2025-09-15,West,P004,Monitor,Electronics,2225,8
ORD780012,2025-01-14,North,P001,Laptop,Electronics,584,8
ORD780013,2025-01-25,North,P008,Jacket,Apparel,1617,3
ORD780014,2025-03-18,South,P010,Dining Table,Home & Living,2265,2
ORD780015,2025-09-20,West,P015,Other Product,Others,1746,7
ORD780016,2025-01-24,South,P007,Jeans,Apparel,831,1
ORD780017,2025-02-12,East,P012,Engine Oil,Automotive,790,2
ORD780018,2025-04-09,North,P011,Car Seat,Automotive,346,1
ORD780019,2025-04-08,North,P010,Dining Table,Home & Living,126,6
ORD780020,2025-05-15,East,P012,Engine Oil,Automotive,1007,8
ORD780021,2025-09-03,South,P014,Shampoo,Health & Beauty,797,9
ORD780022,2025-05-05,South,P002,Smartphone,Electronics,1384,7
ORD780023,2025-10-31,South,P010,Dining Table,Home & Living,2081,2
ORD780024,2025-04-12,East,P011,Car Seat,Automotive,2282,8
ORD780025,2025-09-26,West,P007,Jeans,Apparel,1983,5
ORD780026,2025-05-26,South,P002,Smartphone,Electronics,970,4
ORD780027,2025-01-22,West,P006,T-Shirt,Apparel,1273,6
ORD780028,2025-01-21,East,P014,Shampoo,Health & Beauty,2230,1
ORD780029,2025-05-29,South,P002,Smartphone,Electronics,527,3
ORD780030,2025-04-29,South,P011,Car Seat,Automotive,1402,9
ORD780031,2025-12-15,North,P015,Other Product,Others,1949,8
ORD780032,2025-03-04,West,P012,Engine Oil,Automotive,1710,7
ORD780033,2025-06-12,West,P010,Dining Table,Home & Living,145,9
ORD780034,2025-07-10,North,P013,Face Cream,Health & Beauty,383,2
ORD780035,2025-04-08,South,P009,Sofa,Home & Living,776,5
ORD780036,2025-09-08,West,P007,Jeans,Apparel,1781,8
ORD780037,2025-05-02,North,P008,Jacket,Apparel,908,6
ORD780038,2025-08-08,South,P006,T-Shirt,Apparel,1895,3
ORD780039,2025-12-14,North,P010,Dining Table,Home & Living,1151,9
ORD780040,2025-08-17,East,P003,Headphones,Electronics,2350,4
ORD780041,2025-08-09,South,P009,Sofa,Home & Living,1388,6
ORD780042,2025-04-28,South,P012,Engine Oil,Automotive,2072,2
ORD780043,2025-09-01,East,P003,Headphones,Electronics,1790,8
ORD780044,2025-08-21,South,P002,Smartphone,Electronics,1660,1
ORD780045,2025-05-20,North,P007,Jeans,Apparel,785,7
ORD780046,2025-05-26,East,P005,Keyboard,Electronics,833,7
ORD780047,2025-05-16,East,P007,Jeans,Apparel,2310,1
ORD780048,2025-10-23,East,P003,Headphones,Electronics,2303,7
ORD780049,2025-02-03,West,P005,Keyboard,Electronics,842,6
ORD780050,2025-07-17,West,P010,Dining Table,Home & Living,696,7
ORD780051,2025-12-02,North,P013,Face Cream,Health & Beauty,1408,1
ORD780052,2025-02-22,South,P012,Engine Oil,Automotive,2040,1
ORD780053,2025-04-05,North,P006,T-Shirt,Apparel,2362,2
ORD780054,2025-12-29,North,P003,Headphones,Electronics,1735,7
ORD780055,2025-05-24,South,P015,Other Product,Others,342,7
ORD780056,2025-06-23,South,P002,Smartphone,Electronics,2295,6
ORD780057,2025-03-17,South,P008,Jacket,Apparel,2154,8
ORD780058,2025-11-26,West,P015,Other Product,Others,1459,8
ORD780059,2025-01-20,North,P006,T-Shirt,Apparel,157,2
ORD780060,2025-01-10,West,P004,Monitor,Electronics,1912,3
ORD780061,2025-06-15,North,P004,Monitor,Electronics,1589,8
ORD780062,2025-10-29,South,P002,Smartphone,Electronics,1590,5
ORD780063,2025-09-18,East,P006,T-Shirt,Apparel,2457,5
ORD780064,2025-09-08,North,P009,Sofa,Home & Living,781,6
ORD780065,2025-02-07,North,P005,Keyboard,Electronics,843,3
ORD780066,2025-02-19,South,P011,Car Seat,Automotive,353,5
ORD780067,2025-03-09,South,P004,Monitor,Electronics,2207,7
ORD780068,2025-11-07,West,P001,Laptop,Electronics,1853,9
ORD780069,2025-10-13,North,P010,Dining Table,Home & Living,1379,7
ORD780070,2025-06-19,East,P008,Jacket,Apparel,466,2
ORD780071,2025-06-04,West,P005,Keyboard,Electronics,521,1
ORD780072,2025-08-06,South,P010,Dining Table,Home & Living,739,7
ORD780073,2025-06-06,West,P015,Other Product,Others,674,3
ORD780074,2025-12-15,North,P008,Jacket,Apparel,799,6
ORD780075,2025-11-04,South,P003,Headphones,Electronics,758,6
ORD780076,2025-11-11,East,P011,Car Seat,Automotive,2284,7
ORD780077,2025-06-29,South,P010,Dining Table,Home & Living,785,5
ORD780078,2025-11-27,North,P009,Sofa,Home & Living,1543,5
ORD780079,2025-02-17,North,P010,Dining Table,Home & Living,435,5
ORD780080,2025-01-01,West,P013,Face Cream,Health & Beauty,1065,7
ORD780081,2025-03-12,South,P005,Keyboard,Electronics,2479,1
ORD780082,2025-07-07,South,P015,Other Product,Others,1877,4
ORD780083,2025-06-29,East,P008,Jacket,Apparel,839,3
ORD780084,2025-08-10,East,P012,Engine Oil,Automotive,1990,8
ORD780085,2025-06-21,West,P007,Jeans,Apparel,508,8
ORD780086,2025-03-28,East,P005,Keyboard,Electronics,2043,5
ORD780087,2025-02-22,North,P009,Sofa,Home & Living,493,9
ORD780088,2025-11-09,West,P011,Car Seat,Automotive,1653,3
ORD780089,2025-06-13,South,P003,Headphones,Electronics,168,8
ORD780090,2025-05-03,South,P012,Engine Oil,Automotive,997,9
ORD780091,2025-10-29,North,P004,Monitor,Electronics,2360,6
ORD780092,2025-12-26,East,P014,Shampoo,Health & Beauty,883,9
ORD780093,2025-07-29,North,P005,Keyboard,Electronics,620,3
ORD780094,2025-06-27,West,P006,T-Shirt,Apparel,2224,6
ORD780095,2025-01-12,North,P009,Sofa,Home & Living,1126,8
ORD780096,2025-12-27,North,P002,Smartphone,Electronics,1460,2
ORD780097,2025-04-24,West,P011,Car Seat,Automotive,1338,4
ORD780098,2025-04-05,West,P001,Laptop,Electronics,2280,9
ORD780099,2025-04-25,South,P005,Keyboard,Electronics,814,6
ORD780100,2025-03-02,South,P014,Shampoo,Health & Beauty,672,4
ORD780101,2025-11-30,South,P014,Shampoo,Health & Beauty,1606,4
ORD780102,2025-04-05,East,P012,Engine Oil,Automotive,735,8
ORD780103,2025-12-09,East,P004,Monitor,Electronics,2005,6
ORD780104,2025-07-16,South,P001,Laptop,Electronics,1045,7
ORD780105,2025-02-15,South,P006,T-Shirt,Apparel,2354,7
ORD780106,2025-04-14,East,P014,Shampoo,Health & Beauty,523,4
ORD780107,2025-06-04,North,P006,T-Shirt,Apparel,515,9
ORD780108,2025-09-23,North,P013,Face Cream,Health & Beauty,392,5
ORD780109,2025-07-17,South,P015,Other Product,Others,1822,2
ORD780110,2025-11-04,East,P001,Laptop,Electronics,2367,7
ORD780111,2025-08-04,South,P006,T-Shirt,Apparel,2384,5
ORD780112,2025-06-07,North,P003,Headphones,Electronics,944,5
ORD780113,2025-03-22,North,P001,Laptop,Electronics,838,1
ORD780114,2025-02-14,North,P011,Car Seat,Automotive,1283,6
ORD780115,2025-04-05,South,P005,Keyboard,Electronics,674,9
ORD780116,2025-07-05,South,P009,Sofa,Home & Living,2217,3
ORD780117,2025-01-12,East,P006,T-Shirt,Apparel,2045,7
ORD780118,2025-06-06,South,P011,Car Seat,Automotive,2219,8
ORD780119,2025-08-01,South,P002,Smartphone,Electronics,931,1
ORD780120,2025-01-21,East,P010,Dining Table,Home & Living,1038,6
ORD780121,2025-10-12,West,P003,Headphones,Electronics,1237,4
ORD780122,2025-07-03,South,P007,Jeans,Apparel,1647,4
ORD780123,2025-02-21,East,P010,Dining Table,Home & Living,1227,9
ORD780124,2025-07-17,West,P012,Engine Oil,Automotive,2099,6
ORD780125,2025-04-13,South,P003,Headphones,Electronics,1559,4
ORD780126,2025-06-13,North,P015,Other Product,Others,2473,6
ORD780127,2025-01-17,South,P012,Engine Oil,Automotive,134,7
ORD780128,2025-05-15,South,P011,Car Seat,Automotive,1909,2
ORD780129,2025-09-03,West,P001,Laptop,Electronics,1206,4
ORD780130,2025-04-17,North,P014,Shampoo,Health & Beauty,1864,9
ORD780131,2025-11-17,West,P009,Sofa,Home & Living,2169,7
ORD780132,2025-05-28,West,P001,Laptop,Electronics,1158,4
ORD780133,2025-04-24,West,P008,Jacket,Apparel,1267,3
ORD780134,2025-04-02,North,P003,Headphones,Electronics,1465,6
ORD780135,2025-12-14,East,P013,Face Cream,Health & Beauty,621,6
ORD780136,2025-12-29,South,P004,Monitor,Electronics,975,8
ORD780137,2025-06-09,West,P003,Headphones,Electronics,2319,1
ORD780138,2025-01-18,West,P005,Keyboard,Electronics,1655,5
ORD780139,2025-10-22,East,P003,Headphones,Electronics,457,2
ORD780140,2025-10-05,North,P015,Other Product,Others,1399,9
ORD780141,2025-04-14,West,P015,Other Product,Others,259,2
ORD780142,2025-01-07,North,P013,Face Cream,Health & Beauty,454,3
ORD780143,2025-04-26,West,P006,T-Shirt,Apparel,1280,6
ORD780144,2025-09-21,East,P006,T-Shirt,Apparel,493,4
ORD780145,2025-09-16,East,P009,Sofa,Home & Living,460,8
ORD780146,2025-11-23,East,P010,Dining Table,Home & Living,313,5
ORD780147,2025-08-08,North,P014,Shampoo,Health & Beauty,2198,6
ORD780148,2025-09-16,West,P006,T-Shirt,Apparel,2476,4
ORD780149,2025-03-03,North,P003,Headphones,Electronics,1592,8
ORD780150,2025-09-22,West,P003,Headphones,Electronics,2349,2
ORD780151,2025-11-23,West,P013,Face Cream,Health & Beauty,1701,7
ORD780152,2025-12-01,North,P013,Face Cream,Health & Beauty,2139,1
ORD780153,2025-10-26,South,P001,Laptop,Electronics,171,4
ORD780154,2025-08-27,North,P005,Keyboard,Electronics,1462,6
ORD780155,2025-04-27,North,P008,Jacket,Apparel,890,1
ORD780156,2025-08-05,North,P008,Jacket,Apparel,1914,4
ORD780157,2025-05-28,West,P013,Face Cream,Health & Beauty,442,9
ORD780158,2025-12-27,North,P005,Keyboard,Electronics,2405,4
ORD780159,2025-03-17,West,P006,T-Shirt,Apparel,1460,9
ORD780160,2025-05-22,South,P015,Other Product,Others,596,2
ORD780161,2025-04-09,South,P013,Face Cream,Health & Beauty,311,8
ORD780162,2025-06-27,North,P011,Car Seat,Automotive,2257,9
ORD780163,2025-11-02,North,P014,Shampoo,Health & Beauty,2423,8
ORD780164,2025-06-28,South,P009,Sofa,Home & Living,1804,6
ORD780165,2025-12-09,East,P001,Laptop,Electronics,743,8
ORD780166,2025-12-05,West,P012,Engine Oil,Automotive,424,3
ORD780167,2025-04-01,South,P011,Car Seat,Automotive,1663,8
ORD780168,2025-07-03,South,P001,Laptop,Electronics,1060,1
ORD780169,2025-04-22,West,P005,Keyboard,Electronics,512,7
ORD780170,2025-09-10,North,P010,Dining Table,Home & Living,1071,7
ORD780171,2025-04-02,West,P006,T-Shirt,Apparel,1342,5
ORD780172,2025-08-06,South,P014,Shampoo,Health & Beauty,1978,2
ORD780173,2025-03-16,North,P007,Jeans,Apparel,1210,4
ORD780174,2025-12-08,North,P014,Shampoo,Health & Beauty,1605,9
ORD780175,2025-08-03,West,P001,Laptop,Electronics,374,1
ORD780176,2025-11-07,West,P010,Dining Table,Home & Living,1574,6
ORD780177,2025-11-30,West,P003,Headphones,Electronics,1767,2
ORD780178,2025-07-08,South,P015,Other Product,Others,2172,3
ORD780179,2025-04-04,South,P002,Smartphone,Electronics,1835,6
ORD780180,2025-06-09,South,P014,Shampoo,Health & Beauty,804,7
ORD780181,2025-09-26,South,P006,T-Shirt,Apparel,1097,7
ORD780182,2025-10-10,West,P004,Monitor,Electronics,177,3
ORD780183,2025-03-26,South,P007,Jeans,Apparel,527,6
ORD780184,2025-04-15,South,P001,Laptop,Electronics,1443,7
ORD780185,2025-12-19,East,P011,Car Seat,Automotive,874,6
ORD780186,2025-08-31,South,P002,Smartphone,Electronics,2305,6
ORD780187,2025-07-05,East,P014,Shampoo,Health & Beauty,1297,7
ORD780188,2025-10-17,West,P009,Sofa,Home & Living,314,9
ORD780189,2025-05-11,South,P004,Monitor,Electronics,1454,7
ORD780190,2025-07-06,East,P013,Face Cream,Health & Beauty,274,2
ORD780191,2025-12-06,North,P007,Jeans,Apparel,1207,2
ORD780192,2025-04-19,West,P013,Face Cream,Health & Beauty,1631,4
ORD780193,2025-10-25,North,P003,Headphones,Electronics,1038,1
ORD780194,2025-09-23,North,P007,Jeans,Apparel,2327,1
ORD780195,2025-02-24,North,P015,Other Product,Others,415,6
ORD780196,2025-09-19,West,P014,Shampoo,Health & Beauty,208,5
ORD780197,2025-04-13,South,P008,Jacket,Apparel,2328,8
ORD780198,2025-01-29,West,P007,Jeans,Apparel,1131,4
ORD780199,2025-05-03,North,P011,Car Seat,Automotive,2253,7
ORD780200,2025-08-20,South,P007,Jeans,Apparel,1180,9
ORD780201,2025-07-27,West,P014,Shampoo,Health & Beauty,1675,8
ORD780202,2025-05-13,West,P010,Dining Table,Home & Living,2390,8
ORD780203,2025-09-19,West,P006,T-Shirt,Apparel,307,9
ORD780204,2025-04-13,West,P007,Jeans,Apparel,2251,6
ORD780205,2025-01-05,East,P004,Monitor,Electronics,1303,1
ORD780206,2025-03-28,North,P004,Monitor,Electronics,498,7
ORD780207,2025-01-03,East,P008,Jacket,Apparel,2028,8
ORD780208,2025-05-22,West,P010,Dining Table,Home & Living,2423,3
ORD780209,2025-11-16,West,P012,Engine Oil,Automotive,904,6
ORD780210,2025-08-18,East,P005,Keyboard,Electronics,2437,6
ORD780211,2025-07-28,North,P012,Engine Oil,Automotive,1195,5
ORD780212,2025-07-07,North,P010,Dining Table,Home & Living,1927,5
ORD780213,2025-06-03,South,P005,Keyboard,Electronics,399,8
ORD780214,2025-12-21,North,P001,Laptop,Electronics,616,1
ORD780215,2025-11-04,North,P014,Shampoo,Health & Beauty,934,8
ORD780216,2025-01-29,North,P013,Face Cream,Health & Beauty,2171,7
ORD780217,2025-06-28,East,P008,Jacket,Apparel,2340,8
ORD780218,2025-04-10,South,P013,Face Cream,Health & Beauty,587,3
ORD780219,2025-03-30,South,P008,Jacket,Apparel,1945,7
ORD780220,2025-07-21,South,P009,Sofa,Home & Living,1418,2
ORD780221,2025-03-26,East,P009,Sofa,Home & Living,2080,7
ORD780222,2025-04-21,West,P004,Monitor,Electronics,2074,6
ORD780223,2025-05-30,East,P014,Shampoo,Health & Beauty,544,2
ORD780224,2025-05-06,South,P001,Laptop,Electronics,945,3
ORD780225,2025-10-25,East,P012,Engine Oil,Automotive,605,7
ORD780226,2025-06-03,North,P014,Shampoo,Health & Beauty,1222,5
ORD780227,2025-08-12,West,P010,Dining Table,Home & Living,1130,6
ORD780228,2025-06-06,South,P004,Monitor,Electronics,1334,1
ORD780229,2025-05-14,East,P009,Sofa,Home & Living,2123,2
ORD780230,2025-09-01,North,P001,Laptop,Electronics,2115,2
ORD780231,2025-06-20,South,P011,Car Seat,Automotive,1829,5
ORD780232,2025-12-12,North,P014,Shampoo,Health & Beauty,1971,1
ORD780233,2025-01-03,North,P013,Face Cream,Health & Beauty,1833,2
ORD780234,2025-10-30,North,P014,Shampoo,Health & Beauty,1998,7
ORD780235,2025-05-10,East,P012,Engine Oil,Automotive,478,1
ORD780236,2025-07-13,North,P014,Shampoo,Health & Beauty,1623,3
ORD780237,2025-01-05,West,P010,Dining Table,Home & Living,343,7
ORD780238,2025-02-04,South,P011,Car Seat,Automotive,2379,4
ORD780239,2025-06-03,East,P014,Shampoo,Health & Beauty,2314,6
ORD780240,2025-03-14,South,P013,Face Cream,Health & Beauty,1957,1
ORD780241,2025-03-18,North,P012,Engine Oil,Automotive,2187,9
ORD780242,2025-06-06,North,P010,Dining Table,Home & Living,964,7
ORD780243,2025-03-05,South,P013,Face Cream,Health & Beauty,634,1
ORD780244,2025-12-02,South,P003,Headphones,Electronics,136,8
ORD780245,2025-10-05,West,P014,Shampoo,Health & Beauty,917,7
ORD780246,2025-10-15,North,P014,Shampoo,Health & Beauty,1867,4
ORD780247,2025-02-21,West,P005,Keyboard,Electronics,318,6
ORD780248,2025-05-10,North,P004,Monitor,Electronics,259,2
ORD780249,2025-03-16,East,P004,Monitor,Electronics,2452,6
ORD780250,2025-02-11,East,P013,Face Cream,Health & Beauty,254,6
ORD780251,2025-10-27,South,P013,Face Cream,Health & Beauty,1675,6
ORD780252,2025-12-17,South,P008,Jacket,Apparel,1008,4
ORD780253,2025-12-24,South,P007,Jeans,Apparel,1574,7
ORD780254,2025-06-15,South,P004,Monitor,Electronics,1763,9
ORD780255,2025-08-21,South,P003,Headphones,Electronics,329,6
ORD780256,2025-12-09,West,P012,Engine Oil,Automotive,1231,4
ORD780257,2025-09-06,South,P006,T-Shirt,Apparel,1464,9
ORD780258,2025-12-23,East,P009,Sofa,Home & Living,255,1
ORD780259,2025-01-14,East,P006,T-Shirt,Apparel,1517,9
ORD780260,2025-12-14,West,P013,Face Cream,Health & Beauty,760,1
ORD780261,2025-04-17,West,P010,Dining Table,Home & Living,638,1
ORD780262,2025-02-13,West,P014,Shampoo,Health & Beauty,1756,1
ORD780263,2025-05-05,South,P009,Sofa,Home & Living,2333,6
ORD780264,2025-09-25,South,P003,Headphones,Electronics,482,6
ORD780265,2025-03-01,West,P005,Keyboard,Electronics,2413,6
ORD780266,2025-03-18,West,P007,Jeans,Apparel,2489,3
ORD780267,2025-09-12,South,P002,Smartphone,Electronics,538,5
ORD780268,2025-02-16,North,P001,Laptop,Electronics,2124,2
ORD780269,2025-01-25,North,P008,Jacket,Apparel,2336,2
ORD780270,2025-10-27,North,P006,T-Shirt,Apparel,2174,8
ORD780271,2025-09-07,East,P012,Engine Oil,Automotive,2375,1
ORD780272,2025-09-11,South,P014,Shampoo,Health & Beauty,1699,2
ORD780273,2025-10-24,North,P015,Other Product,Others,1798,4
ORD780274,2025-04-22,East,P002,Smartphone,Electronics,1085,9
ORD780275,2025-09-17,West,P005,Keyboard,Electronics,165,7
ORD780276,2025-10-01,North,P015,Other Product,Others,1876,1
ORD780277,2025-02-20,West,P001,Laptop,Electronics,642,7
ORD780278,2025-09-03,West,P008,Jacket,Apparel,1251,6
ORD780279,2025-05-07,West,P001,Laptop,Electronics,1125,1
ORD780280,2025-05-20,East,P006,T-Shirt,Apparel,2296,8
ORD780281,2025-04-13,North,P001,Laptop,Electronics,110,8
ORD780282,2025-04-12,North,P006,T-Shirt,Apparel,2019,9
ORD780283,2025-12-22,North,P007,Jeans,Apparel,1689,2
ORD780284,2025-07-19,South,P011,Car Seat,Automotive,2002,6
ORD780285,2025-03-26,East,P013,Face Cream,Health & Beauty,270,8
ORD780286,2025-06-14,South,P003,Headphones,Electronics,1971,8
ORD780287,2025-11-28,East,P015,Other Product,Others,401,7
ORD780288,2025-05-14,East,P015,Other Product,Others,989,1
ORD780289,2025-03-20,North,P009,Sofa,Home & Living,1226,4
ORD780290,2025-07-01,East,P003,Headphones,Electronics,279,5
ORD780291,2025-06-23,East,P007,Jeans,Apparel,1640,4
ORD780292,2025-01-29,West,P015,Other Product,Others,864,8
ORD780293,2025-07-06,South,P013,Face Cream,Health & Beauty,136,6
ORD780294,2025-01-27,East,P002,Smartphone,Electronics,1310,4
ORD780295,2025-08-15,East,P015,Other Product,Others,1247,6
ORD780296,2025-08-26,North,P001,Laptop,Electronics,1095,2
ORD780297,2025-07-24,South,P002,Smartphone,Electronics,1980,4
ORD780298,2025-11-25,West,P005,Keyboard,Electronics,1223,8
ORD780299,2025-10-30,South,P001,Laptop,Electronics,1980,3
ORD780300,2025-05-23,South,P003,Headphones,Electronics,1906,2
ORD780301,2025-10-13,North,P003,Headphones,Electronics,946,9
ORD780302,2025-03-14,South,P001,Laptop,Electronics,1751,2
ORD780303,2025-08-27,North,P002,Smartphone,Electronics,300,9
ORD780304,2025-02-05,North,P006,T-Shirt,Apparel,1450,1
ORD780305,2025-09-30,West,P012,Engine Oil,Automotive,1666,7
ORD780306,2025-07-08,North,P005,Keyboard,Electronics,2330,1
ORD780307,2025-11-29,North,P015,Other Product,Others,891,8
ORD780308,2025-12-01,North,P006,T-Shirt,Apparel,1396,3
ORD780309,2025-04-10,North,P014,Shampoo,Health & Beauty,2484,2
ORD780310,2025-10-29,West,P015,Other Product,Others,2144,9
ORD780311,2025-07-20,North,P002,Smartphone,Electronics,1017,7
ORD780312,2025-08-13,North,P003,Headphones,Electronics,2030,2
ORD780313,2025-10-28,North,P009,Sofa,Home & Living,2352,7
ORD780314,2025-04-23,North,P005,Keyboard,Electronics,2262,6
ORD780315,2025-03-17,East,P009,Sofa,Home & Living,461,9
ORD780316,2025-06-27,North,P015,Other Product,Others,1813,6
ORD780317,2025-03-07,West,P003,Headphones,Electronics,1612,9
ORD780318,2025-11-05,South,P015,Other Product,Others,1568,2
ORD780319,2025-10-13,North,P010,Dining Table,Home & Living,1172,2
ORD780320,2025-09-05,North,P006,T-Shirt,Apparel,243,2
ORD780321,2025-10-08,South,P010,Dining Table,Home & Living,273,1
ORD780322,2025-07-06,East,P003,Headphones,Electronics,349,1
ORD780323,2025-06-10,South,P010,Dining Table,Home & Living,2408,1
ORD780324,2025-02-23,West,P014,Shampoo,Health & Beauty,1131,3
ORD780325,2025-08-10,East,P003,Headphones,Electronics,896,5
ORD780326,2025-01-26,South,P006,T-Shirt,Apparel,2350,6
ORD780327,2025-05-12,East,P011,Car Seat,Automotive,1454,6
ORD780328,2025-12-29,East,P009,Sofa,Home & Living,2440,1
ORD780329,2025-03-04,South,P005,Keyboard,Electronics,1581,5
ORD780330,2025-10-11,South,P011,Car Seat,Automotive,997,3
ORD780331,2025-10-12,West,P003,Headphones,Electronics,1071,1
ORD780332,2025-10-29,North,P002,Smartphone,Electronics,627,7
ORD780333,2025-08-06,West,P005,Keyboard,Electronics,2478,2
ORD780334,2025-08-06,West,P015,Other Product,Others,570,7
ORD780335,2025-07-25,West,P005,Keyboard,Electronics,1571,4
ORD780336,2025-12-29,South,P010,Dining Table,Home & Living,544,6
ORD780337,2025-11-24,South,P003,Headphones,Electronics,1891,8
ORD780338,2025-06-15,West,P009,Sofa,Home & Living,1455,6
ORD780339,2025-08-07,North,P006,T-Shirt,Apparel,655,2
ORD780340,2025-12-03,East,P013,Face Cream,Health & Beauty,1695,4
ORD780341,2025-07-27,North,P005,Keyboard,Electronics,2187,1
ORD780342,2025-06-08,North,P014,Shampoo,Health & Beauty,1994,1
ORD780343,2025-08-20,West,P002,Smartphone,Electronics,1519,6
ORD780344,2025-03-30,West,P008,Jacket,Apparel,1236,4
ORD780345,2025-02-12,North,P011,Car Seat,Automotive,1005,2
ORD780346,2025-08-25,North,P005,Keyboard,Electronics,2353,4
ORD780347,2025-09-26,North,P014,Shampoo,Health & Beauty,2119,1
ORD780348,2025-08-22,West,P002,Smartphone,Electronics,2044,9
ORD780349,2025-05-09,North,P014,Shampoo,Health & Beauty,1671,4
ORD780350,2025-11-02,East,P002,Smartphone,Electronics,631,7
ORD780351,2025-02-21,North,P010,Dining Table,Home & Living,1984,9
ORD780352,2025-02-19,South,P009,Sofa,Home & Living,1053,9
ORD780353,2025-08-10,North,P012,Engine Oil,Automotive,860,2
ORD780354,2025-04-06,West,P008,Jacket,Apparel,1632,4
ORD780355,2025-10-27,North,P003,Headphones,Electronics,1997,5
ORD780356,2025-12-17,West,P014,Shampoo,Health & Beauty,1244,7
ORD780357,2025-01-18,North,P015,Other Product,Others,2331,9
ORD780358,2025-11-16,East,P013,Face Cream,Health & Beauty,1390,3
ORD780359,2025-05-01,North,P013,Face Cream,Health & Beauty,1229,8
ORD780360,2025-02-15,South,P007,Jeans,Apparel,886,8
ORD780361,2025-10-12,West,P009,Sofa,Home & Living,1848,7
ORD780362,2025-09-03,North,P011,Car Seat,Automotive,1172,2
ORD780363,2025-12-25,East,P011,Car Seat,Automotive,1069,8
ORD780364,2025-08-30,East,P005,Keyboard,Electronics,144,3
ORD780365,2025-07-30,East,P009,Sofa,Home & Living,465,1
ORD780366,2025-04-30,East,P011,Car Seat,Automotive,1517,7
ORD780367,2025-04-20,West,P011,Car Seat,Automotive,1642,1
ORD780368,2025-05-03,West,P002,Smartphone,Electronics,918,1
ORD780369,2025-02-06,East,P008,Jacket,Apparel,880,9
ORD780370,2025-05-19,West,P002,Smartphone,Electronics,234,7
ORD780371,2025-04-08,North,P011,Car Seat,Automotive,337,1
ORD780372,2025-03-16,West,P010,Dining Table,Home & Living,1713,5
ORD780373,2025-06-24,West,P008,Jacket,Apparel,855,5
ORD780374,2025-03-30,South,P013,Face Cream,Health & Beauty,320,2
ORD780375,2025-01-26,North,P005,Keyboard,Electronics,497,8
ORD780376,2025-01-02,South,P014,Shampoo,Health & Beauty,1642,5
ORD780377,2025-02-06,East,P012,Engine Oil,Automotive,371,5
ORD780378,2025-05-07,North,P003,Headphones,Electronics,2005,1
ORD780379,2025-10-27,East,P011,Car Seat,Automotive,1117,9
ORD780380,2025-01-22,North,P005,Keyboard,Electronics,1704,9
ORD780381,2025-12-16,South,P003,Headphones,Electronics,1198,9
ORD780382,2025-02-11,East,P005,Keyboard,Electronics,1820,5
ORD780383,2025-09-04,South,P013,Face Cream,Health & Beauty,876,6
ORD780384,2025-03-18,West,P010,Dining Table,Home & Living,1889,4
ORD780385,2025-04-08,North,P010,Dining Table,Home & Living,823,1
ORD780386,2025-09-19,West,P009,Sofa,Home & Living,1174,8
ORD780387,2025-03-10,East,P004,Monitor,Electronics,1425,6
ORD780388,2025-07-27,North,P012,Engine Oil,Automotive,777,8
ORD780389,2025-03-23,East,P007,Jeans,Apparel,311,8
ORD780390,2025-05-19,North,P005,Keyboard,Electronics,207,4
ORD780391,2025-05-11,West,P012,Engine Oil,Automotive,317,7
ORD780392,2025-08-24,West,P004,Monitor,Electronics,2496,1
ORD780393,2025-12-01,East,P002,Smartphone,Electronics,1016,9
ORD780394,2025-02-22,West,P005,Keyboard,Electronics,1417,4
ORD780395,2025-06-17,East,P015,Other Product,Others,548,6
ORD780396,2025-02-15,North,P008,Jacket,Apparel,1546,5
ORD780397,2025-05-17,West,P015,Other Product,Others,1917,6
ORD780398,2025-05-01,West,P010,Dining Table,Home & Living,841,8
ORD780399,2025-01-14,East,P002,Smartphone,Electronics,582,5
ORD780400,2025-11-01,West,P004,Monitor,Electronics,1238,6
ORD780401,2025-09-11,South,P010,Dining Table,Home & Living,842,9
ORD780402,2025-05-22,North,P010,Dining Table,Home & Living,1834,8
ORD780403,2025-11-03,South,P002,Smartphone,Electronics,619,7
ORD780404,2025-08-09,North,P014,Shampoo,Health & Beauty,1796,5
ORD780405,2025-01-18,South,P008,Jacket,Apparel,2002,5
ORD780406,2025-11-16,East,P014,Shampoo,Health & Beauty,847,7
ORD780407,2025-03-20,East,P002,Smartphone,Electronics,556,1
ORD780408,2025-08-15,North,P015,Other Product,Others,1545,8
ORD780409,2025-06-11,South,P004,Monitor,Electronics,2327,7
ORD780410,2025-07-09,West,P013,Face Cream,Health & Beauty,1384,3
ORD780411,2025-07-15,North,P004,Monitor,Electronics,826,4
ORD780412,2025-10-06,West,P002,Smartphone,Electronics,2354,9
ORD780413,2025-03-07,East,P012,Engine Oil,Automotive,773,5
ORD780414,2025-12-16,South,P011,Car Seat,Automotive,1022,4
ORD780415,2025-03-14,West,P010,Dining Table,Home & Living,2411,2
ORD780416,2025-09-08,South,P007,Jeans,Apparel,238,8
ORD780417,2025-04-18,South,P002,Smartphone,Electronics,1735,5
ORD780418,2025-04-12,North,P004,Monitor,Electronics,2280,5
ORD780419,2025-05-02,North,P005,Keyboard,Electronics,476,6
ORD780420,2025-07-17,North,P011,Car Seat,Automotive,198,9
ORD780421,2025-07-10,South,P011,Car Seat,Automotive,807,3
ORD780422,2025-12-23,North,P003,Headphones,Electronics,146,1
ORD780423,2025-11-05,East,P006,T-Shirt,Apparel,391,7
ORD780424,2025-07-25,North,P005,Keyboard,Electronics,186,1
ORD780425,2025-12-27,North,P015,Other Product,Others,2075,8
ORD780426,2025-12-09,South,P001,Laptop,Electronics,906,7
ORD780427,2025-05-08,West,P014,Shampoo,Health & Beauty,637,3
ORD780428,2025-01-16,West,P014,Shampoo,Health & Beauty,2413,2
ORD780429,2025-11-25,North,P013,Face Cream,Health & Beauty,611,4
ORD780430,2025-04-26,North,P003,Headphones,Electronics,2057,9
ORD780431,2025-04-10,North,P012,Engine Oil,Automotive,2287,7
ORD780432,2025-12-25,North,P005,Keyboard,Electronics,1380,5
ORD780433,2025-12-16,South,P015,Other Product,Others,613,8
ORD780434,2025-04-27,West,P004,Monitor,Electronics,1571,1
ORD780435,2025-02-21,North,P012,Engine Oil,Automotive,1444,7
ORD780436,2025-04-04,North,P007,Jeans,Apparel,2048,4
ORD780437,2025-12-31,West,P008,Jacket,Apparel,129,1
ORD780438,2025-06-26,North,P010,Dining Table,Home & Living,1793,5
ORD780439,2025-10-23,West,P014,Shampoo,Health & Beauty,501,5
ORD780440,2025-11-03,South,P003,Headphones,Electronics,2138,4
ORD780441,2025-07-16,West,P006,T-Shirt,Apparel,1016,3
ORD780442,2025-05-29,North,P006,T-Shirt,Apparel,1183,7
ORD780443,2025-12-02,West,P015,Other Product,Others,1035,3
ORD780444,2025-03-27,South,P013,Face Cream,Health & Beauty,1753,1
ORD780445,2025-10-22,North,P010,Dining Table,Home & Living,2058,1
ORD780446,2025-07-17,North,P015,Other Product,Others,2153,7
ORD780447,2025-11-14,South,P011,Car Seat,Automotive,910,7
ORD780448,2025-10-01,East,P002,Smartphone,Electronics,159,8
ORD780449,2025-04-16,North,P010,Dining Table,Home & Living,2456,6
ORD780450,2025-08-09,West,P014,Shampoo,Health & Beauty,927,9
ORD780451,2025-10-15,East,P013,Face Cream,Health & Beauty,1533,1
ORD780452,2025-02-28,North,P011,Car Seat,Automotive,1121,4
ORD780453,2025-09-08,East,P004,Monitor,Electronics,1223,1
ORD780454,2025-09-22,West,P006,T-Shirt,Apparel,1285,4
ORD780455,2025-01-04,West,P012,Engine Oil,Automotive,531,3
ORD780456,2025-09-15,North,P009,Sofa,Home & Living,2338,7
ORD780457,2025-08-02,West,P006,T-Shirt,Apparel,2165,2
ORD780458,2025-11-15,South,P006,T-Shirt,Apparel,1468,7
ORD780459,2025-09-30,North,P004,Monitor,Electronics,957,2
ORD780460,2025-02-17,North,P015,Other Product,Others,1908,6
ORD780461,2025-05-23,North,P001,Laptop,Electronics,1437,1
ORD780462,2025-06-16,North,P008,Jacket,Apparel,1875,8
ORD780463,2025-12-29,South,P011,Car Seat,Automotive,867,9
ORD780464,2025-08-02,North,P005,Keyboard,Electronics,1349,7
ORD780465,2025-05-03,East,P003,Headphones,Electronics,1471,2
ORD780466,2025-02-13,South,P004,Monitor,Electronics,2152,7
ORD780467,2025-09-26,South,P003,Headphones,Electronics,2110,4
ORD780468,2025-04-14,South,P013,Face Cream,Health & Beauty,1168,3
ORD780469,2025-12-02,West,P004,Monitor,Electronics,220,1
ORD780470,2025-05-29,South,P008,Jacket,Apparel,846,4
ORD780471,2025-04-26,West,P014,Shampoo,Health & Beauty,1032,1
ORD780472,2025-08-07,East,P006,T-Shirt,Apparel,916,6
ORD780473,2025-10-28,South,P004,Monitor,Electronics,1498,6
ORD780474,2025-09-17,North,P006,T-Shirt,Apparel,427,8
ORD780475,2025-09-09,North,P005,Keyboard,Electronics,534,6
ORD780476,2025-10-07,North,P005,Keyboard,Electronics,655,1
ORD780477,2025-08-28,East,P011,Car Seat,Automotive,436,8
ORD780478,2025-12-09,North,P015,Other Product,Others,1021,1
ORD780479,2025-08-18,North,P015,Other Product,Others,1776,6
ORD780480,2025-11-05,East,P013,Face Cream,Health & Beauty,1311,8
ORD780481,2025-12-24,North,P009,Sofa,Home & Living,1243,6
ORD780482,2025-07-16,West,P009,Sofa,Home & Living,613,7
ORD780483,2025-07-31,East,P009,Sofa,Home & Living,1690,1
ORD780484,2025-06-17,West,P005,Keyboard,Electronics,773,7
ORD780485,2025-12-05,West,P014,Shampoo,Health & Beauty,1512,7
ORD780486,2025-07-29,South,P012,Engine Oil,Automotive,1491,6
ORD780487,2025-02-28,South,P002,Smartphone,Electronics,1807,8
ORD780488,2025-03-20,North,P013,Face Cream,Health & Beauty,2364,6
ORD780489,2025-06-07,East,P009,Sofa,Home & Living,1855,8
ORD780490,2025-09-07,South,P015,Other Product,Others,518,4
ORD780491,2025-03-25,North,P010,Dining Table,Home & Living,986,4
ORD780492,2025-08-26,West,P010,Dining Table,Home & Living,2271,6
ORD780493,2025-04-11,West,P002,Smartphone,Electronics,2356,7
ORD780494,2025-05-03,East,P004,Monitor,Electronics,538,3
ORD780495,2025-03-15,South,P011,Car Seat,Automotive,133,6
ORD780496,2025-03-12,North,P001,Laptop,Electronics,542,3
ORD780497,2025-06-09,West,P007,Jeans,Apparel,639,1
ORD780498,2025-12-08,West,P014,Shampoo,Health & Beauty,1503,2
ORD780499,2025-04-05,North,P005,Keyboard,Electronics,140,2
ORD780500,2025-09-18,North,P006,T-Shirt,Apparel,2023,9
ORD780501,2025-01-26,West,P011,Car Seat,Automotive,1722,7
ORD780502,2025-11-15,South,P003,Headphones,Electronics,1161,6
ORD780503,2025-06-13,South,P006,T-Shirt,Apparel,1119,1
ORD780504,2025-07-18,South,P007,Jeans,Apparel,1366,7
ORD780505,2025-06-07,West,P010,Dining Table,Home & Living,1653,3
ORD780506,2025-09-26,East,P006,T-Shirt,Apparel,1603,5
ORD780507,2025-10-30,South,P001,Laptop,Electronics,2372,7
ORD780508,2025-07-10,South,P001,Laptop,Electronics,634,7
ORD780509,2025-01-29,North,P006,T-Shirt,Apparel,1502,1
ORD780510,2025-07-19,East,P009,Sofa,Home & Living,1357,8
ORD780511,2025-06-03,West,P005,Keyboard,Electronics,163,5
ORD780512,2025-03-16,North,P006,T-Shirt,Apparel,995,4
ORD780513,2025-01-01,North,P009,Sofa,Home & Living,2394,6
ORD780514,2025-09-01,East,P005,Keyboard,Electronics,565,5
ORD780515,2025-06-23,West,P003,Headphones,Electronics,677,3
ORD780516,2025-05-04,North,P006,T-Shirt,Apparel,366,8
ORD780517,2025-06-10,West,P012,Engine Oil,Automotive,2467,1
ORD780518,2025-01-08,South,P001,Laptop,Electronics,2441,4
ORD780519,2025-10-05,North,P004,Monitor,Electronics,165,9
ORD780520,2025-06-25,South,P015,Other Product,Others,1601,3
ORD780521,2025-04-08,North,P002,Smartphone,Electronics,1316,3
ORD780522,2025-03-11,West,P006,T-Shirt,Apparel,1879,6
ORD780523,2025-09-14,East,P014,Shampoo,Health & Beauty,470,9
ORD780524,2025-11-03,East,P009,Sofa,Home & Living,1435,9
ORD780525,2025-04-11,East,P011,Car Seat,Automotive,2239,4
ORD780526,2025-04-12,South,P006,T-Shirt,Apparel,1051,4
ORD780527,2025-03-03,South,P002,Smartphone,Electronics,1929,3
ORD780528,2025-10-15,North,P010,Dining Table,Home & Living,1708,2
ORD780529,2025-02-21,North,P014,Shampoo,Health & Beauty,1753,7
ORD780530,2025-06-20,East,P009,Sofa,Home & Living,350,4
ORD780531,2025-05-29,South,P008,Jacket,Apparel,2057,3
ORD780532,2025-07-26,North,P004,Monitor,Electronics,2029,6
ORD780533,2025-09-15,East,P002,Smartphone,Electronics,2087,5
ORD780534,2025-01-09,East,P008,Jacket,Apparel,1534,1
ORD780535,2025-09-17,South,P011,Car Seat,Automotive,1120,8
ORD780536,2025-04-23,South,P006,T-Shirt,Apparel,1127,9
ORD780537,2025-08-18,West,P003,Headphones,Electronics,693,8
ORD780538,2025-07-31,North,P001,Laptop,Electronics,511,4
ORD780539,2025-10-05,North,P001,Laptop,Electronics,672,4
ORD780540,2025-09-10,West,P001,Laptop,Electronics,2040,9
ORD780541,2025-03-14,North,P010,Dining Table,Home & Living,2273,5
ORD780542,2025-06-19,South,P012,Engine Oil,Automotive,599,7
ORD780543,2025-11-22,South,P007,Jeans,Apparel,1754,1
ORD780544,2025-10-18,West,P013,Face Cream,Health & Beauty,2240,5
ORD780545,2025-01-10,West,P010,Dining Table,Home & Living,960,7
ORD780546,2025-06-26,North,P015,Other Product,Others,1655,4
ORD780547,2025-06-26,West,P012,Engine Oil,Automotive,1470,9
ORD780548,2025-06-29,North,P012,Engine Oil,Automotive,1567,1
ORD780549,2025-03-22,East,P006,T-Shirt,Apparel,992,9
ORD780550,2025-07-26,East,P003,Headphones,Electronics,1598,4
ORD780551,2025-08-03,South,P004,Monitor,Electronics,1085,6
ORD780552,2025-09-14,West,P011,Car Seat,Automotive,1266,5
ORD780553,2025-01-15,East,P011,Car Seat,Automotive,1516,9
ORD780554,2025-11-19,West,P003,Headphones,Electronics,1372,8
ORD780555,2025-08-05,North,P009,Sofa,Home & Living,2204,1
ORD780556,2025-09-23,North,P008,Jacket,Apparel,928,8
ORD780557,2025-07-10,East,P001,Laptop,Electronics,1964,9
ORD780558,2025-09-25,North,P014,Shampoo,Health & Beauty,1037,1
ORD780559,2025-02-04,East,P001,Laptop,Electronics,1654,2
ORD780560,2025-03-09,East,P003,Headphones,Electronics,1611,1
ORD780561,2025-04-16,North,P009,Sofa,Home & Living,506,4
ORD780562,2025-04-29,North,P015,Other Product,Others,2362,6
ORD780563,2025-11-28,North,P003,Headphones,Electronics,1730,8
ORD780564,2025-08-28,South,P005,Keyboard,Electronics,159,6
ORD780565,2025-04-23,South,P005,Keyboard,Electronics,1830,4
ORD780566,2025-07-19,South,P006,T-Shirt,Apparel,1180,4
ORD780567,2025-03-13,West,P010,Dining Table,Home & Living,1555,3
ORD780568,2025-07-01,South,P001,Laptop,Electronics,1031,6
ORD780569,2025-03-04,North,P010,Dining Table,Home & Living,669,8
ORD780570,2025-04-25,North,P010,Dining Table,Home & Living,915,2
ORD780571,2025-01-04,South,P014,Shampoo,Health & Beauty,1809,1
ORD780572,2025-07-26,South,P007,Jeans,Apparel,2340,3
ORD780573,2025-05-07,West,P012,Engine Oil,Automotive,812,3
ORD780574,2025-09-06,South,P011,Car Seat,Automotive,1382,4
ORD780575,2025-04-07,North,P007,Jeans,Apparel,1267,3
ORD780576,2025-01-06,West,P003,Headphones,Electronics,613,2
ORD780577,2025-05-22,North,P002,Smartphone,Electronics,2436,8
ORD780578,2025-02-19,North,P002,Smartphone,Electronics,2019,9
ORD780579,2025-10-06,North,P007,Jeans,Apparel,361,2
ORD780580,2025-12-14,North,P010,Dining Table,Home & Living,1563,7
ORD780581,2025-09-15,North,P003,Headphones,Electronics,1016,8
ORD780582,2025-06-13,North,P012,Engine Oil,Automotive,1368,3
ORD780583,2025-04-23,North,P012,Engine Oil,Automotive,789,4
ORD780584,2025-04-30,North,P006,T-Shirt,Apparel,1908,9
ORD780585,2025-05-18,South,P002,Smartphone,Electronics,1512,5
ORD780586,2025-01-01,North,P002,Smartphone,Electronics,1913,6
ORD780587,2025-09-15,East,P002,Smartphone,Electronics,376,9
ORD780588,2025-08-10,West,P004,Monitor,Electronics,2002,3
ORD780589,2025-11-26,North,P004,Monitor,Electronics,220,1
ORD780590,2025-04-05,South,P013,Face Cream,Health & Beauty,874,2
ORD780591,2025-05-29,North,P002,Smartphone,Electronics,1037,7
ORD780592,2025-08-26,West,P011,Car Seat,Automotive,319,7
ORD780593,2025-01-12,South,P013,Face Cream,Health & Beauty,1089,4
ORD780594,2025-05-10,West,P001,Laptop,Electronics,2399,4
ORD780595,2025-10-10,North,P013,Face Cream,Health & Beauty,175,5
ORD780596,2025-07-11,South,P015,Other Product,Others,1572,1
ORD780597,2025-12-06,North,P013,Face Cream,Health & Beauty,216,7
ORD780598,2025-03-24,South,P006,T-Shirt,Apparel,957,7
ORD780599,2025-03-05,West,P003,Headphones,Electronics,1048,8
ORD780600,2025-03-22,West,P004,Monitor,Electronics,2380,1
ORD780601,2025-03-18,South,P011,Car Seat,Automotive,2089,5
ORD780602,2025-07-30,East,P014,Shampoo,Health & Beauty,1386,9
ORD780603,2025-04-21,West,P001,Laptop,Electronics,982,6
ORD780604,2025-06-12,East,P014,Shampoo,Health & Beauty,181,4
ORD780605,2025-09-27,West,P007,Jeans,Apparel,407,5
ORD780606,2025-05-11,South,P015,Other Product,Others,292,1
ORD780607,2025-06-08,West,P001,Laptop,Electronics,1035,4
ORD780608,2025-02-06,East,P011,Car Seat,Automotive,1602,3
ORD780609,2025-06-18,East,P005,Keyboard,Electronics,2288,8
ORD780610,2025-10-20,West,P007,Jeans,Apparel,929,3
ORD780611,2025-11-17,North,P013,Face Cream,Health & Beauty,2045,6
ORD780612,2025-05-19,West,P008,Jacket,Apparel,1066,2
ORD780613,2025-05-05,East,P012,Engine Oil,Automotive,291,1
ORD780614,2025-05-29,West,P011,Car Seat,Automotive,916,6
ORD780615,2025-09-25,South,P008,Jacket,Apparel,2277,5
ORD780616,2025-01-03,South,P012,Engine Oil,Automotive,331,9
ORD780617,2025-08-26,West,P005,Keyboard,Electronics,2096,1
ORD780618,2025-12-19,West,P003,Headphones,Electronics,897,2
ORD780619,2025-04-06,West,P006,T-Shirt,Apparel,1186,5
ORD780620,2025-07-23,North,P008,Jacket,Apparel,1798,7
ORD780621,2025-07-23,South,P011,Car Seat,Automotive,138,5
ORD780622,2025-03-20,North,P001,Laptop,Electronics,1587,7
ORD780623,2025-06-22,North,P012,Engine Oil,Automotive,428,8
ORD780624,2025-08-10,South,P015,Other Product,Others,1600,7
ORD780625,2025-09-11,North,P008,Jacket,Apparel,398,5
ORD780626,2025-02-14,East,P003,Headphones,Electronics,441,7
ORD780627,2025-03-27,East,P010,Dining Table,Home & Living,938,9
ORD780628,2025-05-11,South,P013,Face Cream,Health & Beauty,2176,7
ORD780629,2025-07-04,South,P003,Headphones,Electronics,1802,6
ORD780630,2025-07-01,South,P009,Sofa,Home & Living,1660,2
ORD780631,2025-02-23,North,P003,Headphones,Electronics,285,3
ORD780632,2025-12-23,South,P006,T-Shirt,Apparel,2035,1
ORD780633,2025-12-01,West,P008,Jacket,Apparel,1142,2
ORD780634,2025-04-10,East,P004,Monitor,Electronics,619,6
ORD780635,2025-11-05,South,P007,Jeans,Apparel,1694,9
ORD780636,2025-07-16,South,P005,Keyboard,Electronics,457,1
ORD780637,2025-09-11,East,P010,Dining Table,Home & Living,2008,4
ORD780638,2025-01-09,North,P004,Monitor,Electronics,2316,9
ORD780639,2025-08-15,North,P006,T-Shirt,Apparel,1518,7
ORD780640,2025-07-07,East,P001,Laptop,Electronics,2446,8
ORD780641,2025-05-23,South,P004,Monitor,Electronics,2391,7
ORD780642,2025-12-20,West,P007,Jeans,Apparel,100,1
ORD780643,2025-01-10,West,P001,Laptop,Electronics,1720,9
ORD780644,2025-09-22,East,P012,Engine Oil,Automotive,2431,8
ORD780645,2025-12-21,West,P013,Face Cream,Health & Beauty,1150,2
ORD780646,2025-11-28,East,P008,Jacket,Apparel,2350,8
ORD780647,2025-03-06,North,P011,Car Seat,Automotive,1695,6
ORD780648,2025-05-23,West,P012,Engine Oil,Automotive,505,2
ORD780649,2025-10-20,South,P015,Other Product,Others,2147,6
ORD780650,2025-05-30,North,P002,Smartphone,Electronics,2475,2
ORD780651,2025-05-04,East,P004,Monitor,Electronics,1234,7
ORD780652,2025-03-15,East,P008,Jacket,Apparel,1519,3
ORD780653,2025-08-11,South,P008,Jacket,Apparel,913,4
ORD780654,2025-04-23,West,P012,Engine Oil,Automotive,2455,7
ORD780655,2025-04-29,South,P004,Monitor,Electronics,1722,6
ORD780656,2025-06-21,North,P015,Other Product,Others,647,2
ORD780657,2025-07-04,North,P015,Other Product,Others,1231,9
ORD780658,2025-02-14,North,P005,Keyboard,Electronics,574,4
ORD780659,2025-06-26,East,P003,Headphones,Electronics,1301,3
ORD780660,2025-10-04,East,P003,Headphones,Electronics,912,8
ORD780661,2025-07-20,North,P008,Jacket,Apparel,1133,6
ORD780662,2025-11-08,South,P001,Laptop,Electronics,1697,1
ORD780663,2025-12-22,South,P010,Dining Table,Home & Living,819,4
ORD780664,2025-03-22,North,P012,Engine Oil,Automotive,2311,9
ORD780665,2025-01-23,West,P012,Engine Oil,Automotive,1283,1
ORD780666,2025-03-11,South,P005,Keyboard,Electronics,1368,2
ORD780667,2025-07-28,South,P004,Monitor,Electronics,2038,8
ORD780668,2025-04-19,West,P011,Car Seat,Automotive,1009,9
ORD780669,2025-10-24,East,P007,Jeans,Apparel,381,5
ORD780670,2025-10-22,West,P015,Other Product,Others,1873,6
ORD780671,2025-06-11,North,P011,Car Seat,Automotive,2186,7
ORD780672,2025-04-18,West,P004,Monitor,Electronics,303,6
ORD780673,2025-11-13,West,P007,Jeans,Apparel,1954,5
ORD780674,2025-07-11,West,P005,Keyboard,Electronics,1054,6
ORD780675,2025-05-01,East,P015,Other Product,Others,1718,2
ORD780676,2025-10-26,East,P001,Laptop,Electronics,2235,5
ORD780677,2025-08-20,South,P013,Face Cream,Health & Beauty,1087,2
ORD780678,2025-08-12,North,P015,Other Product,Others,1594,8
ORD780679,2025-11-07,South,P005,Keyboard,Electronics,1875,7
ORD780680,2025-01-18,West,P005,Keyboard,Electronics,1325,6
ORD780681,2025-12-03,South,P007,Jeans,Apparel,1888,1
ORD780682,2025-10-09,North,P001,Laptop,Electronics,911,8
ORD780683,2025-05-12,East,P005,Keyboard,Electronics,1749,9
ORD780684,2025-10-21,North,P009,Sofa,Home & Living,1491,9
ORD780685,2025-08-03,East,P009,Sofa,Home & Living,610,6
ORD780686,2025-10-09,South,P008,Jacket,Apparel,865,1
ORD780687,2025-05-26,West,P002,Smartphone,Electronics,1632,4
ORD780688,2025-11-16,North,P014,Shampoo,Health & Beauty,823,8
ORD780689,2025-08-29,North,P003,Headphones,Electronics,819,7
ORD780690,2025-12-14,South,P004,Monitor,Electronics,910,5
ORD780691,2025-08-05,West,P006,T-Shirt,Apparel,629,6
ORD780692,2025-08-20,West,P003,Headphones,Electronics,1796,9
ORD780693,2025-01-25,South,P012,Engine Oil,Automotive,2280,5
ORD780694,2025-09-22,West,P009,Sofa,Home & Living,1004,9
ORD780695,2025-08-28,North,P012,Engine Oil,Automotive,1320,1
ORD780696,2025-07-20,West,P008,Jacket,Apparel,2288,3
ORD780697,2025-01-11,North,P013,Face Cream,Health & Beauty,404,3
ORD780698,2025-06-06,East,P008,Jacket,Apparel,1096,9
ORD780699,2025-05-10,East,P001,Laptop,Electronics,1101,6
ORD780700,2025-10-25,East,P009,Sofa,Home & Living,2277,4
ORD780701,2025-08-08,West,P001,Laptop,Electronics,1802,2
ORD780702,2025-09-27,North,P014,Shampoo,Health & Beauty,506,8
ORD780703,2025-05-20,West,P006,T-Shirt,Apparel,1228,4
ORD780704,2025-04-18,West,P008,Jacket,Apparel,604,9
ORD780705,2025-10-06,West,P005,Keyboard,Electronics,401,3
ORD780706,2025-12-12,East,P007,Jeans,Apparel,1407,3
ORD780707,2025-07-14,North,P001,Laptop,Electronics,616,4
ORD780708,2025-01-09,South,P006,T-Shirt,Apparel,235,2
ORD780709,2025-04-04,North,P003,Headphones,Electronics,513,9
ORD780710,2025-03-13,South,P002,Smartphone,Electronics,2109,2
ORD780711,2025-01-29,North,P006,T-Shirt,Apparel,124,4
ORD780712,2025-08-01,East,P007,Jeans,Apparel,449,6
ORD780713,2025-10-19,South,P012,Engine Oil,Automotive,302,9
ORD780714,2025-11-09,West,P013,Face Cream,Health & Beauty,1822,1
ORD780715,2025-06-26,South,P004,Monitor,Electronics,1633,6
ORD780716,2025-11-19,North,P014,Shampoo,Health & Beauty,1947,2
ORD780717,2025-02-16,West,P001,Laptop,Electronics,170,1
ORD780718,2025-02-05,South,P003,Headphones,Electronics,459,4
ORD780719,2025-07-09,West,P008,Jacket,Apparel,197,7
ORD780720,2025-02-10,East,P014,Shampoo,Health & Beauty,1099,5
ORD780721,2025-10-26,South,P006,T-Shirt,Apparel,1720,3
ORD780722,2025-04-12,North,P013,Face Cream,Health & Beauty,2274,9
ORD780723,2025-06-06,East,P004,Monitor,Electronics,568,8
ORD780724,2025-05-16,West,P004,Monitor,Electronics,1003,3
ORD780725,2025-03-03,East,P009,Sofa,Home & Living,1311,3
ORD780726,2025-03-28,South,P009,Sofa,Home & Living,2425,5
ORD780727,2025-08-09,West,P012,Engine Oil,Automotive,1872,1
ORD780728,2025-02-10,North,P008,Jacket,Apparel,443,6
ORD780729,2025-03-20,North,P006,T-Shirt,Apparel,364,8
ORD780730,2025-02-15,East,P010,Dining Table,Home & Living,593,4
ORD780731,2025-07-14,West,P015,Other Product,Others,1564,2
ORD780732,2025-01-25,West,P004,Monitor,Electronics,1348,9
ORD780733,2025-06-11,West,P014,Shampoo,Health & Beauty,1284,3
ORD780734,2025-10-15,South,P009,Sofa,Home & Living,1790,5
ORD780735,2025-10-26,South,P008,Jacket,Apparel,595,6
ORD780736,2025-01-27,South,P001,Laptop,Electronics,1305,2
ORD780737,2025-05-10,North,P014,Shampoo,Health & Beauty,2237,7
ORD780738,2025-07-03,East,P001,Laptop,Electronics,490,5
ORD780739,2025-09-14,South,P005,Keyboard,Electronics,1637,9
ORD780740,2025-11-11,West,P012,Engine Oil,Automotive,2412,4
ORD780741,2025-07-26,North,P015,Other Product,Others,1833,3
ORD780742,2025-04-06,North,P005,Keyboard,Electronics,2279,9
ORD780743,2025-10-20,East,P006,T-Shirt,Apparel,1950,3
ORD780744,2025-06-14,West,P008,Jacket,Apparel,2018,5
ORD780745,2025-05-07,South,P006,T-Shirt,Apparel,497,5
ORD780746,2025-04-15,North,P010,Dining Table,Home & Living,1298,5
ORD780747,2025-08-09,North,P008,Jacket,Apparel,1683,4
ORD780748,2025-11-26,West,P005,Keyboard,Electronics,1277,1
ORD780749,2025-02-20,North,P006,T-Shirt,Apparel,2188,8
ORD780750,2025-11-21,North,P004,Monitor,Electronics,1479,6
ORD780751,2025-01-13,North,P013,Face Cream,Health & Beauty,1998,2
ORD780752,2025-10-16,East,P008,Jacket,Apparel,158,6
ORD780753,2025-03-15,South,P009,Sofa,Home & Living,1593,5
ORD780754,2025-03-11,South,P006,T-Shirt,Apparel,2392,9
ORD780755,2025-04-15,East,P001,Laptop,Electronics,1548,7
ORD780756,2025-01-08,West,P009,Sofa,Home & Living,1356,6
ORD780757,2025-11-03,South,P001,Laptop,Electronics,2013,7
ORD780758,2025-02-08,West,P010,Dining Table,Home & Living,1132,3
ORD780759,2025-02-16,East,P011,Car Seat,Automotive,841,5
ORD780760,2025-07-21,East,P006,T-Shirt,Apparel,1642,4
ORD780761,2025-12-30,South,P005,Keyboard,Electronics,505,3
ORD780762,2025-05-04,West,P008,Jacket,Apparel,861,2
ORD780763,2025-05-07,South,P010,Dining Table,Home & Living,2102,9
ORD780764,2025-01-24,North,P001,Laptop,Electronics,631,4
ORD780765,2025-09-25,North,P010,Dining Table,Home & Living,1787,4
ORD780766,2025-07-27,North,P013,Face Cream,Health & Beauty,1847,4
ORD780767,2025-10-15,South,P013,Face Cream,Health & Beauty,635,3
ORD780768,2025-09-02,East,P001,Laptop,Electronics,2157,3
ORD780769,2025-11-13,North,P003,Headphones,Electronics,2085,7
ORD780770,2025-07-24,East,P001,Laptop,Electronics,1439,7
ORD780771,2025-10-30,South,P014,Shampoo,Health & Beauty,1771,2
ORD780772,2025-05-07,South,P006,T-Shirt,Apparel,604,9
ORD780773,2025-01-20,West,P014,Shampoo,Health & Beauty,1262,6
ORD780774,2025-12-02,East,P007,Jeans,Apparel,1254,6
ORD780775,2025-01-07,West,P004,Monitor,Electronics,763,2
ORD780776,2025-10-03,West,P007,Jeans,Apparel,2287,8
ORD780777,2025-05-10,South,P009,Sofa,Home & Living,638,8
ORD780778,2025-08-21,East,P010,Dining Table,Home & Living,1498,7
ORD780779,2025-05-21,South,P012,Engine Oil,Automotive,2073,7
ORD780780,2025-09-12,West,P004,Monitor,Electronics,285,5
ORD780781,2025-03-16,South,P002,Smartphone,Electronics,244,3
ORD780782,2025-05-28,North,P011,Car Seat,Automotive,250,4
ORD780783,2025-08-06,West,P008,Jacket,Apparel,659,1
ORD780784,2025-11-18,North,P013,Face Cream,Health & Beauty,411,4
ORD780785,2025-10-27,South,P007,Jeans,Apparel,1545,5
ORD780786,2025-10-28,East,P011,Car Seat,Automotive,541,1
ORD780787,2025-10-31,North,P010,Dining Table,Home & Living,1765,3
ORD780788,2025-10-15,East,P012,Engine Oil,Automotive,1034,8
ORD780789,2025-11-28,North,P012,Engine Oil,Automotive,751,6
ORD780790,2025-03-21,North,P001,Laptop,Electronics,130,4
ORD780791,2025-02-11,North,P002,Smartphone,Electronics,339,3
ORD780792,2025-03-24,North,P002,Smartphone,Electronics,2255,3
ORD780793,2025-06-26,West,P001,Laptop,Electronics,813,8
ORD780794,2025-10-26,West,P006,T-Shirt,Apparel,1045,9
ORD780795,2025-07-09,West,P002,Smartphone,Electronics,1857,1
ORD780796,2025-06-29,West,P009,Sofa,Home & Living,1163,4
ORD780797,2025-08-20,East,P010,Dining Table,Home & Living,1920,3
ORD780798,2025-02-04,South,P004,Monitor,Electronics,1472,6
ORD780799,2025-07-29,North,P003,Headphones,Electronics,1529,5
ORD780800,2025-04-17,South,P010,Dining Table,Home & Living,2269,1
ORD780801,2025-05-29,West,P015,Other Product,Others,243,8
ORD780802,2025-06-19,East,P014,Shampoo,Health & Beauty,1308,6
ORD780803,2025-08-02,South,P003,Headphones,Electronics,763,3
ORD780804,2025-12-13,West,P008,Jacket,Apparel,263,8
ORD780805,2025-08-07,West,P013,Face Cream,Health & Beauty,2367,8
ORD780806,2025-02-20,West,P011,Car Seat,Automotive,1310,6
ORD780807,2025-05-21,East,P010,Dining Table,Home & Living,563,5
ORD780808,2025-02-04,East,P011,Car Seat,Automotive,1414,4
ORD780809,2025-03-17,North,P011,Car Seat,Automotive,2213,5
ORD780810,2025-03-22,South,P009,Sofa,Home & Living,715,3
ORD780811,2025-09-11,South,P001,Laptop,Electronics,1769,3
ORD780812,2025-08-19,South,P010,Dining Table,Home & Living,1618,9
ORD780813,2025-10-07,South,P012,Engine Oil,Automotive,989,9
ORD780814,2025-12-20,North,P008,Jacket,Apparel,1675,4
ORD780815,2025-05-03,South,P004,Monitor,Electronics,2142,1
ORD780816,2025-12-14,North,P003,Headphones,Electronics,1220,1
ORD780817,2025-02-07,North,P004,Monitor,Electronics,290,2
ORD780818,2025-10-06,South,P009,Sofa,Home & Living,1841,2
ORD780819,2025-03-30,North,P015,Other Product,Others,2028,4
ORD780820,2025-08-27,North,P001,Laptop,Electronics,459,6
ORD780821,2025-07-26,East,P008,Jacket,Apparel,1487,7
ORD780822,2025-03-22,West,P002,Smartphone,Electronics,2490,7
ORD780823,2025-03-29,East,P001,Laptop,Electronics,1671,6
ORD780824,2025-02-04,North,P007,Jeans,Apparel,442,8
ORD780825,2025-07-12,South,P006,T-Shirt,Apparel,1780,3
ORD780826,2025-01-09,West,P007,Jeans,Apparel,287,8
ORD780827,2025-06-15,North,P006,T-Shirt,Apparel,1380,2
ORD780828,2025-03-18,West,P006,T-Shirt,Apparel,1937,8
ORD780829,2025-02-17,North,P002,Smartphone,Electronics,1649,5
ORD780830,2025-11-01,West,P014,Shampoo,Health & Beauty,153,4
ORD780831,2025-01-04,West,P009,Sofa,Home & Living,858,1
ORD780832,2025-06-18,South,P008,Jacket,Apparel,602,2
ORD780833,2025-02-25,North,P005,Keyboard,Electronics,2263,3
ORD780834,2025-08-19,West,P009,Sofa,Home & Living,1017,5
ORD780835,2025-06-11,East,P010,Dining Table,Home & Living,1358,8
ORD780836,2025-11-13,North,P009,Sofa,Home & Living,563,1
ORD780837,2025-02-05,East,P011,Car Seat,Automotive,897,2
ORD780838,2025-05-19,West,P014,Shampoo,Health & Beauty,1215,2
ORD780839,2025-01-13,South,P001,Laptop,Electronics,637,6
ORD780840,2025-11-10,South,P001,Laptop,Electronics,1954,6
ORD780841,2025-05-25,South,P009,Sofa,Home & Living,1339,6
ORD780842,2025-04-15,North,P012,Engine Oil,Automotive,2352,7
ORD780843,2025-04-19,South,P003,Headphones,Electronics,319,4
ORD780844,2025-10-16,North,P010,Dining Table,Home & Living,1738,3
ORD780845,2025-09-20,South,P005,Keyboard,Electronics,1332,9
ORD780846,2025-01-03,West,P009,Sofa,Home & Living,1804,9
ORD780847,2025-11-29,North,P011,Car Seat,Automotive,1461,5
ORD780848,2025-09-01,West,P013,Face Cream,Health & Beauty,1662,3
ORD780849,2025-05-10,East,P012,Engine Oil,Automotive,914,6
ORD780850,2025-01-15,South,P007,Jeans,Apparel,745,4
ORD780851,2025-12-10,East,P004,Monitor,Electronics,905,9
ORD780852,2025-01-13,South,P003,Headphones,Electronics,993,1
ORD780853,2025-04-02,North,P002,Smartphone,Electronics,1144,7
ORD780854,2025-10-18,South,P008,Jacket,Apparel,1336,7
ORD780855,2025-10-08,West,P007,Jeans,Apparel,2064,5
ORD780856,2025-07-16,South,P004,Monitor,Electronics,488,3
ORD780857,2025-08-05,West,P015,Other Product,Others,2117,3
ORD780858,2025-02-19,South,P013,Face Cream,Health & Beauty,565,6
ORD780859,2025-07-28,North,P014,Shampoo,Health & Beauty,1536,1
ORD780860,2025-09-12,North,P004,Monitor,Electronics,1950,8
ORD780861,2025-10-09,North,P015,Other Product,Others,395,4
ORD780862,2025-04-01,South,P002,Smartphone,Electronics,901,1
ORD780863,2025-10-12,South,P011,Car Seat,Automotive,426,7
ORD780864,2025-10-26,South,P007,Jeans,Apparel,1644,2
ORD780865,2025-01-31,South,P013,Face Cream,Health & Beauty,1222,1
ORD780866,2025-05-04,East,P013,Face Cream,Health & Beauty,2286,5
ORD780867,2025-02-25,West,P003,Headphones,Electronics,178,3
ORD780868,2025-10-31,North,P002,Smartphone,Electronics,2005,2
ORD780869,2025-11-29,North,P011,Car Seat,Automotive,2267,9
ORD780870,2025-12-23,West,P011,Car Seat,Automotive,895,3
ORD780871,2025-08-04,South,P008,Jacket,Apparel,2381,2
ORD780872,2025-06-24,East,P013,Face Cream,Health & Beauty,1359,3
ORD780873,2025-02-01,West,P001,Laptop,Electronics,908,8
ORD780874,2025-12-15,West,P004,Monitor,Electronics,636,4
ORD780875,2025-10-19,West,P002,Smartphone,Electronics,1193,1
ORD780876,2025-08-03,South,P009,Sofa,Home & Living,2165,9
ORD780877,2025-12-28,North,P013,Face Cream,Health & Beauty,417,5
ORD780878,2025-11-13,North,P004,Monitor,Electronics,693,9
ORD780879,2025-05-01,North,P003,Headphones,Electronics,2332,3
ORD780880,2025-01-01,East,P003,Headphones,Electronics,333,3
ORD780881,2025-12-31,East,P005,Keyboard,Electronics,428,7
ORD780882,2025-03-24,North,P007,Jeans,Apparel,111,1
ORD780883,2025-04-05,West,P015,Other Product,Others,1109,7
ORD780884,2025-09-22,South,P006,T-Shirt,Apparel,1678,3
ORD780885,2025-01-12,South,P005,Keyboard,Electronics,1142,1
ORD780886,2025-04-01,East,P005,Keyboard,Electronics,1348,7
ORD780887,2025-09-24,West,P011,Car Seat,Automotive,819,9
ORD780888,2025-09-19,West,P007,Jeans,Apparel,1315,1
ORD780889,2025-12-15,West,P012,Engine Oil,Automotive,747,5
ORD780890,2025-03-26,South,P015,Other Product,Others,598,2
ORD780891,2025-08-05,West,P001,Laptop,Electronics,998,8
ORD780892,2025-02-26,North,P001,Laptop,Electronics,986,2
ORD780893,2025-05-03,South,P004,Monitor,Electronics,348,3
ORD780894,2025-11-23,South,P014,Shampoo,Health & Beauty,1750,5
ORD780895,2025-12-28,West,P009,Sofa,Home & Living,838,7
ORD780896,2025-12-20,North,P001,Laptop,Electronics,2072,3
ORD780897,2025-07-24,North,P008,Jacket,Apparel,896,6
ORD780898,2025-09-01,East,P001,Laptop,Electronics,1715,2
ORD780899,2025-08-13,East,P006,T-Shirt,Apparel,2096,4
ORD780900,2025-10-21,South,P007,Jeans,Apparel,2045,8
ORD780901,2025-08-14,South,P004,Monitor,Electronics,1375,4
ORD780902,2025-02-08,South,P007,Jeans,Apparel,810,1
ORD780903,2025-10-07,West,P007,Jeans,Apparel,1990,3
ORD780904,2025-02-27,South,P015,Other Product,Others,1215,9
ORD780905,2025-10-20,North,P013,Face Cream,Health & Beauty,915,5
ORD780906,2025-04-18,South,P011,Car Seat,Automotive,146,1
ORD780907,2025-05-24,West,P010,Dining Table,Home & Living,2472,6
ORD780908,2025-08-09,West,P014,Shampoo,Health & Beauty,2274,1
ORD780909,2025-03-27,West,P014,Shampoo,Health & Beauty,2344,6
ORD780910,2025-11-04,West,P005,Keyboard,Electronics,2212,2
ORD780911,2025-01-03,West,P007,Jeans,Apparel,489,1
ORD780912,2025-01-09,North,P009,Sofa,Home & Living,658,3
ORD780913,2025-07-25,North,P012,Engine Oil,Automotive,315,5
ORD780914,2025-06-29,South,P006,T-Shirt,Apparel,948,1
ORD780915,2025-04-08,East,P014,Shampoo,Health & Beauty,580,6
ORD780916,2025-03-04,South,P003,Headphones,Electronics,513,4
ORD780917,2025-06-24,East,P015,Other Product,Others,496,1
ORD780918,2025-01-19,North,P010,Dining Table,Home & Living,1416,3
ORD780919,2025-05-18,North,P013,Face Cream,Health & Beauty,1083,9
ORD780920,2025-06-24,West,P002,Smartphone,Electronics,774,2
ORD780921,2025-09-02,South,P006,T-Shirt,Apparel,1728,7
ORD780922,2025-02-27,West,P014,Shampoo,Health & Beauty,475,8
ORD780923,2025-07-26,East,P008,Jacket,Apparel,2029,1
ORD780924,2025-03-24,South,P008,Jacket,Apparel,1603,7
ORD780925,2025-12-11,West,P007,Jeans,Apparel,2402,2
ORD780926,2025-05-30,South,P010,Dining Table,Home & Living,242,8
ORD780927,2025-05-02,South,P010,Dining Table,Home & Living,2279,4
ORD780928,2025-12-20,South,P014,Shampoo,Health & Beauty,1587,5
ORD780929,2025-12-05,East,P008,Jacket,Apparel,250,6
ORD780930,2025-06-24,West,P002,Smartphone,Electronics,550,8
ORD780931,2025-05-08,West,P013,Face Cream,Health & Beauty,1598,6
ORD780932,2025-10-14,North,P009,Sofa,Home & Living,871,7
ORD780933,2025-12-15,West,P010,Dining Table,Home & Living,882,5
ORD780934,2025-01-15,South,P001,Laptop,Electronics,2213,3
ORD780935,2025-02-21,East,P013,Face Cream,Health & Beauty,107,2
ORD780936,2025-09-04,West,P007,Jeans,Apparel,1986,6
ORD780937,2025-07-08,West,P006,T-Shirt,Apparel,1736,7
ORD780938,2025-05-20,East,P011,Car Seat,Automotive,1008,4
ORD780939,2025-03-11,North,P001,Laptop,Electronics,1763,6
ORD780940,2025-04-30,West,P011,Car Seat,Automotive,1000,1
ORD780941,2025-04-11,North,P005,Keyboard,Electronics,735,1
ORD780942,2025-04-07,South,P003,Headphones,Electronics,519,6
ORD780943,2025-09-21,South,P010,Dining Table,Home & Living,2100,3
ORD780944,2025-01-09,South,P007,Jeans,Apparel,784,8
ORD780945,2025-09-08,South,P006,T-Shirt,Apparel,2009,6
ORD780946,2025-04-12,South,P013,Face Cream,Health & Beauty,1451,8
ORD780947,2025-11-08,North,P011,Car Seat,Automotive,960,1
ORD780948,2025-07-12,West,P003,Headphones,Electronics,714,3
ORD780949,2025-12-16,East,P011,Car Seat,Automotive,2309,2
ORD780950,2025-02-16,West,P014,Shampoo,Health & Beauty,883,8
ORD780951,2025-04-25,North,P011,Car Seat,Automotive,213,2
ORD780952,2025-04-14,East,P002,Smartphone,Electronics,1252,3
ORD780953,2025-02-16,West,P005,Keyboard,Electronics,1053,7
ORD780954,2025-02-20,East,P005,Keyboard,Electronics,1421,7
ORD780955,2025-08-02,North,P005,Keyboard,Electronics,607,4
ORD780956,2025-03-24,West,P009,Sofa,Home & Living,968,9
ORD780957,2025-03-22,North,P002,Smartphone,Electronics,1698,2
ORD780958,2025-04-03,West,P014,Shampoo,Health & Beauty,2326,1
ORD780959,2025-08-06,North,P010,Dining Table,Home & Living,2217,6
ORD780960,2025-01-05,North,P014,Shampoo,Health & Beauty,1169,5
ORD780961,2025-03-01,West,P008,Jacket,Apparel,871,9
ORD780962,2025-09-16,South,P015,Other Product,Others,966,7
ORD780963,2025-03-07,South,P010,Dining Table,Home & Living,508,9
ORD780964,2025-01-09,East,P010,Dining Table,Home & Living,2051,2
ORD780965,2025-01-01,South,P002,Smartphone,Electronics,2482,4
ORD780966,2025-05-29,West,P006,T-Shirt,Apparel,1086,2
ORD780967,2025-10-28,West,P008,Jacket,Apparel,872,2
ORD780968,2025-01-09,East,P007,Jeans,Apparel,389,6
ORD780969,2025-04-07,South,P008,Jacket,Apparel,439,1
ORD780970,2025-02-13,North,P014,Shampoo,Health & Beauty,1151,8
ORD780971,2025-01-28,North,P006,T-Shirt,Apparel,1101,1
ORD780972,2025-12-02,South,P011,Car Seat,Automotive,820,7
ORD780973,2025-01-14,West,P007,Jeans,Apparel,494,8
ORD780974,2025-04-12,West,P009,Sofa,Home & Living,2134,8
ORD780975,2025-01-24,South,P014,Shampoo,Health & Beauty,2424,9
ORD780976,2025-02-18,East,P009,Sofa,Home & Living,1734,5
ORD780977,2025-01-15,North,P014,Shampoo,Health & Beauty,2215,3
ORD780978,2025-07-02,West,P010,Dining Table,Home & Living,360,9
ORD780979,2025-06-12,South,P015,Other Product,Others,2262,8
ORD780980,2025-03-21,South,P012,Engine Oil,Automotive,680,8
ORD780981,2025-03-26,East,P006,T-Shirt,Apparel,1287,4
ORD780982,2025-12-28,West,P012,Engine Oil,Automotive,270,2
ORD780983,2025-06-13,South,P010,Dining Table,Home & Living,2219,9
ORD780984,2025-05-14,West,P006,T-Shirt,Apparel,977,6
ORD780985,2025-08-28,North,P004,Monitor,Electronics,802,3
ORD780986,2025-07-20,South,P011,Car Seat,Automotive,1463,2
ORD780987,2025-10-06,North,P007,Jeans,Apparel,1933,3
ORD780988,2025-05-14,South,P001,Laptop,Electronics,1726,4
ORD780989,2025-08-17,West,P011,Car Seat,Automotive,1445,7
ORD780990,2025-01-01,North,P015,Other Product,Others,126,8
ORD780991,2025-04-21,North,P003,Headphones,Electronics,2105,6
ORD780992,2025-06-07,East,P001,Laptop,Electronics,2025,2
ORD780993,2025-10-30,North,P002,Smartphone,Electronics,383,1
ORD780994,2025-07-16,South,P001,Laptop,Electronics,2443,5
ORD780995,2025-03-22,South,P005,Keyboard,Electronics,954,1
ORD780996,2025-12-02,North,P015,Other Product,Others,1801,3
ORD780997,2025-09-04,West,P001,Laptop,Electronics,977,1
ORD780998,2025-08-12,South,P014,Shampoo,Health & Beauty,878,8
ORD780999,2025-12-01,East,P005,Keyboard,Electronics,612,5
ORD781000,2025-07-08,North,P010,Dining Table,Home & Living,417,7
ORD781001,2025-12-15,South,P005,Keyboard,Electronics,2185,4
ORD781002,2025-03-22,South,P005,Keyboard,Electronics,984,7
ORD781003,2025-09-22,North,P010,Dining Table,Home & Living,1297,7
ORD781004,2025-11-26,North,P014,Shampoo,Health & Beauty,474,2
ORD781005,2025-12-09,South,P002,Smartphone,Electronics,1617,5
ORD781006,2025-01-21,North,P007,Jeans,Apparel,706,7
ORD781007,2025-08-25,West,P007,Jeans,Apparel,1704,6
ORD781008,2025-12-02,South,P011,Car Seat,Automotive,1382,6
ORD781009,2025-12-03,South,P004,Monitor,Electronics,773,3
ORD781010,2025-11-20,North,P004,Monitor,Electronics,597,6
ORD781011,2025-04-04,South,P004,Monitor,Electronics,1641,9
ORD781012,2025-12-03,East,P011,Car Seat,Automotive,1885,4
ORD781013,2025-03-15,South,P011,Car Seat,Automotive,1846,3
ORD781014,2025-01-01,West,P011,Car Seat,Automotive,162,9
ORD781015,2025-09-22,East,P014,Shampoo,Health & Beauty,2439,7
ORD781016,2025-11-17,East,P001,Laptop,Electronics,1138,5
ORD781017,2025-06-07,West,P015,Other Product,Others,1055,2
ORD781018,2025-04-06,West,P005,Keyboard,Electronics,859,1
ORD781019,2025-10-21,West,P013,Face Cream,Health & Beauty,1810,8
ORD781020,2025-04-17,West,P015,Other Product,Others,2301,1
ORD781021,2025-09-10,East,P015,Other Product,Others,934,7
ORD781022,2025-08-26,West,P007,Jeans,Apparel,1801,4
ORD781023,2025-09-29,North,P009,Sofa,Home & Living,449,2
ORD781024,2025-07-23,East,P005,Keyboard,Electronics,506,8
ORD781025,2025-03-28,South,P013,Face Cream,Health & Beauty,1701,9
ORD781026,2025-10-25,South,P001,Laptop,Electronics,463,2
ORD781027,2025-06-23,West,P006,T-Shirt,Apparel,865,9
ORD781028,2025-05-25,South,P004,Monitor,Electronics,854,6
ORD781029,2025-05-29,East,P010,Dining Table,Home & Living,603,4
ORD781030,2025-05-29,North,P005,Keyboard,Electronics,1312,7
ORD781031,2025-05-02,South,P003,Headphones,Electronics,1032,6
ORD781032,2025-04-22,North,P013,Face Cream,Health & Beauty,1621,7
ORD781033,2025-03-17,South,P002,Smartphone,Electronics,1506,2
ORD781034,2025-05-07,South,P004,Monitor,Electronics,1645,8
ORD781035,2025-08-12,North,P009,Sofa,Home & Living,1527,6
ORD781036,2025-08-28,South,P006,T-Shirt,Apparel,2211,5
ORD781037,2025-05-26,North,P005,Keyboard,Electronics,1392,6
ORD781038,2025-10-18,North,P006,T-Shirt,Apparel,151,7
ORD781039,2025-10-21,South,P006,T-Shirt,Apparel,640,2
ORD781040,2025-10-20,South,P010,Dining Table,Home & Living,570,1
ORD781041,2025-11-17,North,P011,Car Seat,Automotive,509,4
ORD781042,2025-12-14,North,P005,Keyboard,Electronics,454,7
ORD781043,2025-08-28,North,P014,Shampoo,Health & Beauty,1140,4
ORD781044,2025-07-10,West,P010,Dining Table,Home & Living,760,9
ORD781045,2025-10-08,South,P002,Smartphone,Electronics,2425,5
ORD781046,2025-06-18,West,P010,Dining Table,Home & Living,271,1
ORD781047,2025-03-25,West,P005,Keyboard,Electronics,2366,5
ORD781048,2025-05-19,East,P009,Sofa,Home & Living,228,3
ORD781049,2025-05-26,North,P012,Engine Oil,Automotive,870,2
ORD781050,2025-08-16,North,P007,Jeans,Apparel,1655,4
ORD781051,2025-01-21,South,P009,Sofa,Home & Living,362,6
ORD781052,2025-06-22,North,P001,Laptop,Electronics,1887,9
ORD781053,2025-12-27,West,P015,Other Product,Others,1550,8
ORD781054,2025-06-15,South,P015,Other Product,Others,1096,3
ORD781055,2025-09-10,North,P013,Face Cream,Health & Beauty,1913,3
ORD781056,2025-06-01,South,P006,T-Shirt,Apparel,699,1
ORD781057,2025-06-15,South,P009,Sofa,Home & Living,693,8
ORD781058,2025-12-22,North,P001,Laptop,Electronics,1831,5
ORD781059,2025-07-02,West,P002,Smartphone,Electronics,555,1
ORD781060,2025-10-08,South,P006,T-Shirt,Apparel,1433,3
ORD781061,2025-08-16,North,P014,Shampoo,Health & Beauty,1714,7
ORD781062,2025-10-31,East,P011,Car Seat,Automotive,2384,3
ORD781063,2025-06-19,West,P002,Smartphone,Electronics,766,2
ORD781064,2025-11-17,West,P012,Engine Oil,Automotive,1020,1
ORD781065,2025-12-02,South,P013,Face Cream,Health & Beauty,752,6
ORD781066,2025-09-01,West,P012,Engine Oil,Automotive,2337,2
ORD781067,2025-08-20,East,P012,Engine Oil,Automotive,1785,1
ORD781068,2025-01-13,East,P011,Car Seat,Automotive,2054,6
ORD781069,2025-08-09,North,P010,Dining Table,Home & Living,1037,2
ORD781070,2025-02-26,South,P003,Headphones,Electronics,1534,5
ORD781071,2025-08-31,South,P011,Car Seat,Automotive,758,4
ORD781072,2025-02-11,West,P015,Other Product,Others,571,4
ORD781073,2025-05-19,North,P002,Smartphone,Electronics,733,2
ORD781074,2025-09-26,West,P006,T-Shirt,Apparel,481,2
ORD781075,2025-12-21,South,P003,Headphones,Electronics,662,2
ORD781076,2025-05-21,East,P015,Other Product,Others,979,6
ORD781077,2025-07-26,South,P004,Monitor,Electronics,1078,5
ORD781078,2025-01-03,West,P002,Smartphone,Electronics,589,5
ORD781079,2025-05-29,North,P010,Dining Table,Home & Living,2176,2
ORD781080,2025-01-10,West,P003,Headphones,Electronics,2461,4
ORD781081,2025-08-31,East,P001,Laptop,Electronics,110,4
ORD781082,2025-10-06,South,P005,Keyboard,Electronics,144,6
ORD781083,2025-10-21,North,P015,Other Product,Others,343,7
ORD781084,2025-01-05,South,P011,Car Seat,Automotive,211,6
ORD781085,2025-05-29,East,P013,Face Cream,Health & Beauty,432,7
ORD781086,2025-08-17,South,P001,Laptop,Electronics,345,3
ORD781087,2025-04-09,North,P011,Car Seat,Automotive,632,3
ORD781088,2025-12-26,South,P013,Face Cream,Health & Beauty,707,6
ORD781089,2025-05-19,North,P012,Engine Oil,Automotive,1432,1
ORD781090,2025-07-04,East,P010,Dining Table,Home & Living,1848,1
ORD781091,2025-10-14,North,P013,Face Cream,Health & Beauty,1640,4
ORD781092,2025-12-03,West,P011,Car Seat,Automotive,1664,6
ORD781093,2025-06-13,West,P012,Engine Oil,Automotive,1386,6
ORD781094,2025-07-09,South,P007,Jeans,Apparel,254,2
ORD781095,2025-06-22,East,P006,T-Shirt,Apparel,1418,7
ORD781096,2025-07-15,North,P006,T-Shirt,Apparel,1332,2
ORD781097,2025-03-15,South,P012,Engine Oil,Automotive,1829,3
ORD781098,2025-03-10,West,P008,Jacket,Apparel,826,3
ORD781099,2025-08-22,East,P010,Dining Table,Home & Living,2305,8
ORD781100,2025-08-22,South,P003,Headphones,Electronics,695,7
ORD781101,2025-11-23,North,P013,Face Cream,Health & Beauty,588,5
ORD781102,2025-05-22,South,P002,Smartphone,Electronics,2280,1
ORD781103,2025-12-16,West,P014,Shampoo,Health & Beauty,2312,1
ORD781104,2025-05-13,West,P009,Sofa,Home & Living,2055,3
ORD781105,2025-11-11,West,P005,Keyboard,Electronics,1723,5
ORD781106,2025-06-20,West,P013,Face Cream,Health & Beauty,1508,8
ORD781107,2025-01-04,South,P002,Smartphone,Electronics,1523,2
ORD781108,2025-09-08,West,P006,T-Shirt,Apparel,1637,1
ORD781109,2025-02-25,East,P003,Headphones,Electronics,1496,3
ORD781110,2025-02-11,South,P006,T-Shirt,Apparel,697,4
ORD781111,2025-08-25,West,P003,Headphones,Electronics,1277,6
ORD781112,2025-08-28,South,P006,T-Shirt,Apparel,2215,2
ORD781113,2025-02-25,West,P007,Jeans,Apparel,1796,6
ORD781114,2025-05-24,North,P012,Engine Oil,Automotive,1414,2
ORD781115,2025-11-19,North,P005,Keyboard,Electronics,2128,8
ORD781116,2025-01-19,West,P011,Car Seat,Automotive,1525,4
ORD781117,2025-10-29,West,P007,Jeans,Apparel,1064,1
ORD781118,2025-07-30,North,P011,Car Seat,Automotive,689,9
ORD781119,2025-10-03,South,P006,T-Shirt,Apparel,605,2
ORD781120,2025-11-24,East,P014,Shampoo,Health & Beauty,1058,3
ORD781121,2025-11-02,South,P013,Face Cream,Health & Beauty,359,7
ORD781122,2025-03-21,West,P007,Jeans,Apparel,913,4
ORD781123,2025-05-29,South,P003,Headphones,Electronics,1518,1
ORD781124,2025-07-15,North,P011,Car Seat,Automotive,1856,2
ORD781125,2025-05-22,South,P009,Sofa,Home & Living,185,5
ORD781126,2025-04-14,East,P015,Other Product,Others,1509,3
ORD781127,2025-06-20,East,P004,Monitor,Electronics,844,5
ORD781128,2025-09-09,North,P011,Car Seat,Automotive,706,6
ORD781129,2025-01-15,South,P001,Laptop,Electronics,1405,3
ORD781130,2025-01-02,North,P011,Car Seat,Automotive,217,7
ORD781131,2025-08-15,West,P013,Face Cream,Health & Beauty,623,2
ORD781132,2025-07-09,North,P006,T-Shirt,Apparel,2404,2
ORD781133,2025-10-21,North,P002,Smartphone,Electronics,2324,5
ORD781134,2025-07-16,North,P013,Face Cream,Health & Beauty,134,5
ORD781135,2025-05-20,West,P015,Other Product,Others,778,8
ORD781136,2025-09-28,East,P011,Car Seat,Automotive,687,4
ORD781137,2025-10-07,South,P001,Laptop,Electronics,959,1
ORD781138,2025-01-11,East,P008,Jacket,Apparel,1951,9
ORD781139,2025-12-17,South,P006,T-Shirt,Apparel,645,3
ORD781140,2025-03-30,North,P005,Keyboard,Electronics,346,1
ORD781141,2025-08-07,North,P011,Car Seat,Automotive,643,8
ORD781142,2025-06-27,East,P011,Car Seat,Automotive,195,8
ORD781143,2025-09-03,North,P004,Monitor,Electronics,417,4
ORD781144,2025-07-31,North,P012,Engine Oil,Automotive,1046,5
ORD781145,2025-08-02,South,P011,Car Seat,Automotive,1089,1
ORD781146,2025-07-01,East,P012,Engine Oil,Automotive,1995,4
ORD781147,2025-09-22,South,P010,Dining Table,Home & Living,1940,1
ORD781148,2025-11-29,West,P003,Headphones,Electronics,448,9
ORD781149,2025-07-31,West,P009,Sofa,Home & Living,1809,3
ORD781150,2025-05-19,South,P011,Car Seat,Automotive,1994,1
ORD781151,2025-03-15,North,P013,Face Cream,Health & Beauty,795,7
ORD781152,2025-03-18,South,P011,Car Seat,Automotive,399,7
ORD781153,2025-02-11,East,P015,Other Product,Others,2442,2
ORD781154,2025-10-12,North,P010,Dining Table,Home & Living,1123,9
ORD781155,2025-02-23,North,P009,Sofa,Home & Living,1446,9
ORD781156,2025-04-02,West,P006,T-Shirt,Apparel,1350,7
ORD781157,2025-10-15,South,P008,Jacket,Apparel,2051,8
ORD781158,2025-03-26,East,P015,Other Product,Others,1448,1
ORD781159,2025-10-09,West,P013,Face Cream,Health & Beauty,1191,4
ORD781160,2025-01-09,South,P005,Keyboard,Electronics,292,7
ORD781161,2025-01-25,South,P003,Headphones,Electronics,1117,4
ORD781162,2025-02-28,West,P013,Face Cream,Health & Beauty,1186,8
ORD781163,2025-08-09,South,P010,Dining Table,Home & Living,1130,5
ORD781164,2025-03-28,East,P005,Keyboard,Electronics,1781,5
ORD781165,2025-12-24,North,P005,Keyboard,Electronics,628,9
ORD781166,2025-01-25,South,P011,Car Seat,Automotive,1600,4
ORD781167,2025-08-14,East,P013,Face Cream,Health & Beauty,2098,8
ORD781168,2025-01-18,North,P011,Car Seat,Automotive,1397,3
ORD781169,2025-09-17,North,P003,Headphones,Electronics,431,6
ORD781170,2025-11-13,South,P014,Shampoo,Health & Beauty,269,3
ORD781171,2025-02-01,West,P007,Jeans,Apparel,294,2
ORD781172,2025-03-17,West,P001,Laptop,Electronics,2066,2
ORD781173,2025-11-28,South,P010,Dining Table,Home & Living,1190,5
ORD781174,2025-08-12,South,P004,Monitor,Electronics,1516,2
ORD781175,2025-11-11,West,P007,Jeans,Apparel,1800,4
ORD781176,2025-07-31,East,P008,Jacket,Apparel,1964,2
ORD781177,2025-08-31,North,P015,Other Product,Others,1298,5
ORD781178,2025-02-09,North,P012,Engine Oil,Automotive,933,6
ORD781179,2025-10-03,North,P001,Laptop,Electronics,1589,5
ORD781180,2025-04-21,East,P001,Laptop,Electronics,2464,1
ORD781181,2025-09-01,North,P004,Monitor,Electronics,771,6
ORD781182,2025-02-05,North,P007,Jeans,Apparel,2321,7
ORD781183,2025-03-14,West,P013,Face Cream,Health & Beauty,888,8
ORD781184,2025-11-01,West,P007,Jeans,Apparel,2381,6
ORD781185,2025-11-22,North,P014,Shampoo,Health & Beauty,692,5
ORD781186,2025-04-30,North,P006,T-Shirt,Apparel,1359,4
ORD781187,2025-12-11,East,P003,Headphones,Electronics,1989,3
ORD781188,2025-02-16,North,P015,Other Product,Others,900,1
ORD781189,2025-03-25,West,P005,Keyboard,Electronics,1139,5
ORD781190,2025-09-26,West,P004,Monitor,Electronics,1420,9
ORD781191,2025-08-16,West,P001,Laptop,Electronics,1841,2
ORD781192,2025-12-08,West,P003,Headphones,Electronics,1306,8
ORD781193,2025-02-11,North,P004,Monitor,Electronics,2316,9
ORD781194,2025-07-05,West,P005,Keyboard,Electronics,346,6
ORD781195,2025-12-03,North,P009,Sofa,Home & Living,1080,9
ORD781196,2025-02-12,East,P008,Jacket,Apparel,789,7
ORD781197,2025-03-04,West,P002,Smartphone,Electronics,1859,2
ORD781198,2025-11-15,North,P015,Other Product,Others,1238,9
ORD781199,2025-07-31,West,P015,Other Product,Others,2439,8
ORD781200,2025-07-18,East,P011,Car Seat,Automotive,2476,6
ORD781201,2025-08-15,North,P013,Face Cream,Health & Beauty,1269,5
ORD781202,2025-06-10,East,P010,Dining Table,Home & Living,2218,1
ORD781203,2025-03-30,East,P010,Dining Table,Home & Living,1286,7
ORD781204,2025-12-01,South,P006,T-Shirt,Apparel,1314,3
ORD781205,2025-11-18,East,P007,Jeans,Apparel,2249,9
ORD781206,2025-05-06,North,P012,Engine Oil,Automotive,2488,7
ORD781207,2025-05-04,South,P014,Shampoo,Health & Beauty,1978,7
ORD781208,2025-01-29,South,P013,Face Cream,Health & Beauty,425,6
ORD781209,2025-11-28,West,P014,Shampoo,Health & Beauty,1355,8
ORD781210,2025-08-21,East,P014,Shampoo,Health & Beauty,285,5
ORD781211,2025-12-24,West,P011,Car Seat,Automotive,1441,9
ORD781212,2025-07-02,South,P013,Face Cream,Health & Beauty,1129,6
ORD781213,2025-09-17,South,P003,Headphones,Electronics,2485,2
ORD781214,2025-11-26,North,P006,T-Shirt,Apparel,2215,3
ORD781215,2025-01-26,West,P012,Engine Oil,Automotive,2091,5
ORD781216,2025-05-22,North,P010,Dining Table,Home & Living,1546,7
ORD781217,2025-11-16,South,P006,T-Shirt,Apparel,1600,8
ORD781218,2025-10-30,South,P014,Shampoo,Health & Beauty,1464,8
ORD781219,2025-04-07,South,P010,Dining Table,Home & Living,856,2
ORD781220,2025-02-05,West,P010,Dining Table,Home & Living,2481,9
ORD781221,2025-11-24,West,P012,Engine Oil,Automotive,1552,8
ORD781222,2025-10-11,South,P014,Shampoo,Health & Beauty,735,5
ORD781223,2025-05-28,West,P003,Headphones,Electronics,557,6
ORD781224,2025-07-30,West,P011,Car Seat,Automotive,1610,9
ORD781225,2025-04-02,North,P013,Face Cream,Health & Beauty,2329,7
ORD781226,2025-10-27,North,P007,Jeans,Apparel,1132,2
ORD781227,2025-08-26,West,P009,Sofa,Home & Living,960,3
ORD781228,2025-01-18,North,P009,Sofa,Home & Living,1628,1
ORD781229,2025-06-02,East,P011,Car Seat,Automotive,2316,7
ORD781230,2025-09-20,South,P004,Monitor,Electronics,299,5
ORD781231,2025-03-31,West,P002,Smartphone,Electronics,885,5
ORD781232,2025-12-19,East,P012,Engine Oil,Automotive,637,3
ORD781233,2025-11-21,South,P003,Headphones,Electronics,1982,8
ORD781234,2025-08-20,North,P004,Monitor,Electronics,1852,8
ORD781235,2025-10-08,East,P010,Dining Table,Home & Living,2228,6
ORD781236,2025-09-07,East,P002,Smartphone,Electronics,1191,5
ORD781237,2025-02-07,West,P002,Smartphone,Electronics,1349,6
ORD781238,2025-11-19,West,P013,Face Cream,Health & Beauty,2020,9
ORD781239,2025-08-04,West,P010,Dining Table,Home & Living,772,6
ORD781240,2025-04-21,North,P001,Laptop,Electronics,1352,5
ORD781241,2025-12-09,South,P015,Other Product,Others,1027,3
ORD781242,2025-02-01,North,P008,Jacket,Apparel,1151,1
ORD781243,2025-10-14,South,P013,Face Cream,Health & Beauty,1550,9
ORD781244,2025-09-04,East,P009,Sofa,Home & Living,784,3
ORD781245,2025-08-07,South,P010,Dining Table,Home & Living,1022,8
ORD781246,2025-05-28,South,P004,Monitor,Electronics,1380,1
ORD781247,2025-05-03,North,P005,Keyboard,Electronics,1094,9
ORD781248,2025-05-25,West,P011,Car Seat,Automotive,448,5
ORD781249,2025-05-07,South,P002,Smartphone,Electronics,1142,6
ORD781250,2025-01-09,East,P014,Shampoo,Health & Beauty,1540,8
ORD781251,2025-07-16,South,P011,Car Seat,Automotive,803,5
ORD781252,2025-06-21,East,P003,Headphones,Electronics,1924,3
ORD781253,2025-04-23,West,P002,Smartphone,Electronics,2155,9
ORD781254,2025-10-11,South,P015,Other Product,Others,2418,9
ORD781255,2025-01-01,West,P010,Dining Table,Home & Living,1306,7
ORD781256,2025-03-07,North,P013,Face Cream,Health & Beauty,1350,3
ORD781257,2025-05-18,North,P012,Engine Oil,Automotive,138,4
ORD781258,2025-09-14,South,P004,Monitor,Electronics,1426,8
ORD781259,2025-01-05,North,P001,Laptop,Electronics,2100,7
ORD781260,2025-08-28,East,P001,Laptop,Electronics,1069,8
ORD781261,2025-08-01,West,P002,Smartphone,Electronics,2015,4
ORD781262,2025-03-03,North,P002,Smartphone,Electronics,818,8
ORD781263,2025-07-26,East,P003,Headphones,Electronics,2039,7
ORD781264,2025-11-30,West,P010,Dining Table,Home & Living,2122,2
ORD781265,2025-03-29,West,P007,Jeans,Apparel,623,4
ORD781266,2025-02-14,South,P012,Engine Oil,Automotive,2376,3
ORD781267,2025-09-15,East,P011,Car Seat,Automotive,1515,9
ORD781268,2025-12-20,East,P014,Shampoo,Health & Beauty,1797,5
ORD781269,2025-11-18,West,P005,Keyboard,Electronics,1287,9
ORD781270,2025-01-03,North,P008,Jacket,Apparel,2001,1
ORD781271,2025-05-11,South,P001,Laptop,Electronics,1552,4
ORD781272,2025-06-22,North,P007,Jeans,Apparel,331,6
ORD781273,2025-06-24,West,P007,Jeans,Apparel,861,2
ORD781274,2025-06-30,North,P009,Sofa,Home & Living,506,1
ORD781275,2025-08-30,East,P013,Face Cream,Health & Beauty,1297,9
ORD781276,2025-02-10,South,P010,Dining Table,Home & Living,1740,7
ORD781277,2025-02-26,West,P007,Jeans,Apparel,671,8
ORD781278,2025-12-14,North,P003,Headphones,Electronics,225,3
ORD781279,2025-07-09,North,P005,Keyboard,Electronics,498,6
ORD781280,2025-03-02,South,P005,Keyboard,Electronics,251,2
ORD781281,2025-07-15,North,P002,Smartphone,Electronics,2026,8
ORD781282,2025-11-16,East,P002,Smartphone,Electronics,1866,3
ORD781283,2025-05-16,South,P005,Keyboard,Electronics,270,1
ORD781284,2025-03-30,East,P001,Laptop,Electronics,517,2
ORD781285,2025-12-22,West,P003,Headphones,Electronics,1888,1
ORD781286,2025-04-04,West,P008,Jacket,Apparel,2187,1
ORD781287,2025-07-21,East,P002,Smartphone,Electronics,849,4
ORD781288,2025-03-02,North,P011,Car Seat,Automotive,1436,8
ORD781289,2025-04-14,West,P009,Sofa,Home & Living,1662,9
ORD781290,2025-07-13,East,P011,Car Seat,Automotive,1044,9
ORD781291,2025-07-21,North,P008,Jacket,Apparel,2164,1
ORD781292,2025-11-19,North,P009,Sofa,Home & Living,2477,7
ORD781293,2025-11-18,East,P003,Headphones,Electronics,2094,1
ORD781294,2025-09-29,West,P006,T-Shirt,Apparel,301,2
ORD781295,2025-11-01,South,P008,Jacket,Apparel,1290,3
ORD781296,2025-07-26,West,P015,Other Product,Others,1591,3
ORD781297,2025-11-07,West,P011,Car Seat,Automotive,963,8
ORD781298,2025-07-02,South,P007,Jeans,Apparel,2487,5
ORD781299,2025-08-11,South,P014,Shampoo,Health & Beauty,1588,4
ORD781300,2025-02-25,North,P005,Keyboard,Electronics,1489,2
ORD781301,2025-01-13,South,P007,Jeans,Apparel,1633,6
ORD781302,2025-05-31,North,P014,Shampoo,Health & Beauty,902,1
ORD781303,2025-04-20,North,P008,Jacket,Apparel,746,6
ORD781304,2025-05-15,North,P010,Dining Table,Home & Living,2099,3
ORD781305,2025-01-16,South,P006,T-Shirt,Apparel,983,5
ORD781306,2025-11-10,South,P011,Car Seat,Automotive,2019,2
ORD781307,2025-04-02,South,P001,Laptop,Electronics,348,5
ORD781308,2025-10-04,North,P009,Sofa,Home & Living,685,5
ORD781309,2025-02-01,North,P001,Laptop,Electronics,703,7
ORD781310,2025-03-22,East,P014,Shampoo,Health & Beauty,858,6
ORD781311,2025-03-14,West,P002,Smartphone,Electronics,1177,3
ORD781312,2025-10-26,North,P001,Laptop,Electronics,817,8
ORD781313,2025-03-26,South,P011,Car Seat,Automotive,1198,2
ORD781314,2025-06-15,North,P010,Dining Table,Home & Living,2012,2
ORD781315,2025-05-16,West,P013,Face Cream,Health & Beauty,1895,9
ORD781316,2025-08-14,East,P008,Jacket,Apparel,921,8
ORD781317,2025-03-29,East,P003,Headphones,Electronics,1898,9
ORD781318,2025-11-07,West,P003,Headphones,Electronics,755,7
ORD781319,2025-04-25,West,P001,Laptop,Electronics,1439,8
ORD781320,2025-03-16,East,P002,Smartphone,Electronics,2047,5
ORD781321,2025-01-09,West,P002,Smartphone,Electronics,1844,7
ORD781322,2025-11-22,South,P005,Keyboard,Electronics,2075,6
ORD781323,2025-05-10,South,P010,Dining Table,Home & Living,2050,8
ORD781324,2025-09-10,West,P015,Other Product,Others,1467,3
ORD781325,2025-09-23,East,P006,T-Shirt,Apparel,1790,3
ORD781326,2025-07-04,North,P012,Engine Oil,Automotive,2177,7
ORD781327,2025-09-14,North,P008,Jacket,Apparel,2219,9
ORD781328,2025-08-14,West,P013,Face Cream,Health & Beauty,1873,1
ORD781329,2025-09-12,South,P013,Face Cream,Health & Beauty,1520,5
ORD781330,2025-08-11,East,P009,Sofa,Home & Living,824,1
ORD781331,2025-02-25,North,P009,Sofa,Home & Living,2436,7
ORD781332,2025-12-01,North,P014,Shampoo,Health & Beauty,1078,6
ORD781333,2025-10-25,South,P005,Keyboard,Electronics,696,6
ORD781334,2025-08-14,East,P009,Sofa,Home & Living,1192,8
ORD781335,2025-11-09,North,P014,Shampoo,Health & Beauty,1824,2
ORD781336,2025-02-12,North,P004,Monitor,Electronics,1833,9
ORD781337,2025-01-27,East,P013,Face Cream,Health & Beauty,1104,4
ORD781338,2025-05-02,North,P003,Headphones,Electronics,165,6
ORD781339,2025-05-21,South,P007,Jeans,Apparel,2034,6
ORD781340,2025-08-10,South,P010,Dining Table,Home & Living,1893,5
ORD781341,2025-11-28,East,P006,T-Shirt,Apparel,852,5
ORD781342,2025-08-05,North,P011,Car Seat,Automotive,2336,7
ORD781343,2025-05-28,South,P006,T-Shirt,Apparel,1443,7
ORD781344,2025-02-25,South,P007,Jeans,Apparel,1193,1
ORD781345,2025-07-17,East,P015,Other Product,Others,339,8
ORD781346,2025-07-30,North,P011,Car Seat,Automotive,2253,5
ORD781347,2025-04-13,South,P007,Jeans,Apparel,2091,8
ORD781348,2025-05-18,East,P005,Keyboard,Electronics,2384,5
ORD781349,2025-09-20,North,P002,Smartphone,Electronics,2485,6
ORD781350,2025-04-08,North,P004,Monitor,Electronics,1517,5
ORD781351,2025-08-11,North,P015,Other Product,Others,341,6
ORD781352,2025-01-31,West,P008,Jacket,Apparel,1601,7
ORD781353,2025-04-06,North,P009,Sofa,Home & Living,698,3
ORD781354,2025-09-25,South,P012,Engine Oil,Automotive,1766,7
ORD781355,2025-04-25,North,P005,Keyboard,Electronics,2495,3
ORD781356,2025-09-02,West,P002,Smartphone,Electronics,1031,8
ORD781357,2025-11-02,West,P014,Shampoo,Health & Beauty,2306,8
ORD781358,2025-02-01,North,P006,T-Shirt,Apparel,1199,3
ORD781359,2025-12-04,South,P012,Engine Oil,Automotive,871,1
ORD781360,2025-09-21,South,P015,Other Product,Others,119,9
ORD781361,2025-10-27,West,P007,Jeans,Apparel,1930,9
ORD781362,2025-12-16,North,P008,Jacket,Apparel,459,1
ORD781363,2025-04-22,North,P003,Headphones,Electronics,253,5
ORD781364,2025-05-13,South,P006,T-Shirt,Apparel,1375,3
ORD781365,2025-02-28,South,P003,Headphones,Electronics,880,1
ORD781366,2025-03-06,North,P010,Dining Table,Home & Living,673,6
ORD781367,2025-03-25,West,P006,T-Shirt,Apparel,1759,8
ORD781368,2025-04-12,South,P002,Smartphone,Electronics,2065,9
ORD781369,2025-11-16,East,P009,Sofa,Home & Living,1528,2
ORD781370,2025-01-07,West,P013,Face Cream,Health & Beauty,2162,6
ORD781371,2025-12-06,West,P004,Monitor,Electronics,2179,6
ORD781372,2025-03-03,East,P008,Jacket,Apparel,2072,9
ORD781373,2025-12-25,North,P012,Engine Oil,Automotive,1210,3
ORD781374,2025-03-24,East,P015,Other Product,Others,1007,7
ORD781375,2025-09-03,West,P005,Keyboard,Electronics,1054,1
ORD781376,2025-01-19,North,P008,Jacket,Apparel,977,4
ORD781377,2025-02-17,South,P012,Engine Oil,Automotive,165,5
ORD781378,2025-03-11,South,P005,Keyboard,Electronics,1410,3
ORD781379,2025-08-28,West,P011,Car Seat,Automotive,306,5
ORD781380,2025-02-28,East,P010,Dining Table,Home & Living,1373,8
ORD781381,2025-07-11,East,P006,T-Shirt,Apparel,194,2
ORD781382,2025-04-15,North,P009,Sofa,Home & Living,1334,1
ORD781383,2025-06-08,South,P002,Smartphone,Electronics,2033,2
ORD781384,2025-04-09,North,P015,Other Product,Others,330,7
ORD781385,2025-04-11,East,P008,Jacket,Apparel,1348,4
ORD781386,2025-01-28,West,P009,Sofa,Home & Living,452,2
ORD781387,2025-01-02,East,P007,Jeans,Apparel,1284,8
ORD781388,2025-07-09,North,P003,Headphones,Electronics,811,2
ORD781389,2025-03-14,North,P006,T-Shirt,Apparel,990,7
ORD781390,2025-07-14,North,P013,Face Cream,Health & Beauty,1555,6
ORD781391,2025-11-12,West,P012,Engine Oil,Automotive,1947,1
ORD781392,2025-10-02,East,P003,Headphones,Electronics,1636,9
ORD781393,2025-07-22,East,P010,Dining Table,Home & Living,1728,9
ORD781394,2025-08-24,West,P002,Smartphone,Electronics,1143,7
ORD781395,2025-03-20,West,P005,Keyboard,Electronics,668,7
ORD781396,2025-01-12,East,P011,Car Seat,Automotive,2424,4
ORD781397,2025-09-19,East,P014,Shampoo,Health & Beauty,333,8
ORD781398,2025-10-29,South,P006,T-Shirt,Apparel,369,6
ORD781399,2025-05-11,South,P006,T-Shirt,Apparel,490,8
ORD781400,2025-03-19,North,P004,Monitor,Electronics,1098,8
ORD781401,2025-02-20,North,P014,Shampoo,Health & Beauty,2126,3
ORD781402,2025-05-07,West,P014,Shampoo,Health & Beauty,914,9
ORD781403,2025-01-13,West,P012,Engine Oil,Automotive,703,7
ORD781404,2025-04-10,East,P003,Headphones,Electronics,1199,5
ORD781405,2025-12-31,North,P011,Car Seat,Automotive,1077,7
ORD781406,2025-02-12,South,P006,T-Shirt,Apparel,599,7
ORD781407,2025-11-14,North,P011,Car Seat,Automotive,713,3
ORD781408,2025-11-03,West,P015,Other Product,Others,2239,3
ORD781409,2025-12-26,South,P014,Shampoo,Health & Beauty,635,3
ORD781410,2025-04-20,North,P014,Shampoo,Health & Beauty,1187,2
ORD781411,2025-02-18,North,P004,Monitor,Electronics,2081,7
ORD781412,2025-03-28,West,P013,Face Cream,Health & Beauty,2056,6
ORD781413,2025-09-05,West,P003,Headphones,Electronics,1520,1
ORD781414,2025-05-03,North,P012,Engine Oil,Automotive,605,9
ORD781415,2025-08-22,North,P003,Headphones,Electronics,2114,4
ORD781416,2025-10-11,South,P007,Jeans,Apparel,1918,7
ORD781417,2025-01-11,North,P007,Jeans,Apparel,2255,4
ORD781418,2025-08-03,North,P007,Jeans,Apparel,1654,4
ORD781419,2025-02-22,East,P008,Jacket,Apparel,2225,8
ORD781420,2025-02-25,West,P014,Shampoo,Health & Beauty,430,5
ORD781421,2025-03-29,East,P015,Other Product,Others,1483,1
ORD781422,2025-06-12,North,P006,T-Shirt,Apparel,2248,7
ORD781423,2025-09-24,West,P011,Car Seat,Automotive,1652,5
ORD781424,2025-06-15,West,P004,Monitor,Electronics,1068,9
ORD781425,2025-05-14,North,P001,Laptop,Electronics,237,8
ORD781426,2025-05-21,West,P014,Shampoo,Health & Beauty,507,9
ORD781427,2025-01-18,North,P001,Laptop,Electronics,1448,2
ORD781428,2025-08-31,South,P015,Other Product,Others,945,7
ORD781429,2025-10-23,North,P012,Engine Oil,Automotive,1360,3
ORD781430,2025-09-25,North,P007,Jeans,Apparel,499,7
ORD781431,2025-03-13,North,P015,Other Product,Others,1751,1
ORD781432,2025-09-12,South,P014,Shampoo,Health & Beauty,531,6
ORD781433,2025-05-14,West,P010,Dining Table,Home & Living,1408,8
ORD781434,2025-03-05,East,P011,Car Seat,Automotive,2023,5
ORD781435,2025-10-13,West,P015,Other Product,Others,629,7
ORD781436,2025-10-24,North,P014,Shampoo,Health & Beauty,300,3
ORD781437,2025-07-18,North,P012,Engine Oil,Automotive,2450,8
ORD781438,2025-05-17,East,P003,Headphones,Electronics,170,6
ORD781439,2025-06-30,South,P001,Laptop,Electronics,571,6
ORD781440,2025-01-20,South,P003,Headphones,Electronics,511,1
ORD781441,2025-08-04,East,P009,Sofa,Home & Living,2433,7
ORD781442,2025-12-02,East,P008,Jacket,Apparel,1439,2
ORD781443,2025-05-30,South,P010,Dining Table,Home & Living,1349,4
ORD781444,2025-09-02,North,P003,Headphones,Electronics,2305,2
ORD781445,2025-02-04,North,P015,Other Product,Others,2387,9
ORD781446,2025-11-03,South,P013,Face Cream,Health & Beauty,1869,3
ORD781447,2025-04-29,West,P008,Jacket,Apparel,678,1
ORD781448,2025-04-14,East,P014,Shampoo,Health & Beauty,1239,1
ORD781449,2025-04-18,East,P015,Other Product,Others,354,2
ORD781450,2025-10-30,East,P013,Face Cream,Health & Beauty,2339,8
ORD781451,2025-01-11,South,P011,Car Seat,Automotive,1006,3
ORD781452,2025-07-10,West,P014,Shampoo,Health & Beauty,125,9
ORD781453,2025-04-20,West,P009,Sofa,Home & Living,537,3
ORD781454,2025-12-17,West,P009,Sofa,Home & Living,1458,7
ORD781455,2025-07-20,West,P011,Car Seat,Automotive,2394,6
ORD781456,2025-10-19,South,P012,Engine Oil,Automotive,157,5
ORD781457,2025-08-02,West,P006,T-Shirt,Apparel,179,2
ORD781458,2025-11-10,North,P010,Dining Table,Home & Living,2136,8
ORD781459,2025-10-15,North,P013,Face Cream,Health & Beauty,1579,7
ORD781460,2025-02-02,West,P003,Headphones,Electronics,1052,6
ORD781461,2025-01-28,South,P001,Laptop,Electronics,1106,8
ORD781462,2025-10-26,North,P007,Jeans,Apparel,2017,6
ORD781463,2025-09-30,South,P006,T-Shirt,Apparel,1226,3
ORD781464,2025-05-13,West,P002,Smartphone,Electronics,2319,3
ORD781465,2025-11-10,South,P014,Shampoo,Health & Beauty,1324,1
ORD781466,2025-09-07,East,P007,Jeans,Apparel,1256,1
ORD781467,2025-01-26,East,P007,Jeans,Apparel,1777,1
ORD781468,2025-01-30,West,P001,Laptop,Electronics,2080,7
ORD781469,2025-09-27,North,P012,Engine Oil,Automotive,1163,7
ORD781470,2025-06-26,West,P006,T-Shirt,Apparel,1632,1
ORD781471,2025-03-09,North,P010,Dining Table,Home & Living,220,5
ORD781472,2025-06-28,North,P009,Sofa,Home & Living,1339,5
ORD781473,2025-04-23,North,P010,Dining Table,Home & Living,237,8
ORD781474,2025-10-17,South,P014,Shampoo,Health & Beauty,1616,5
ORD781475,2025-05-02,West,P001,Laptop,Electronics,2193,2
ORD781476,2025-09-03,East,P001,Laptop,Electronics,2382,9
ORD781477,2025-04-10,North,P004,Monitor,Electronics,1751,9
ORD781478,2025-05-13,South,P007,Jeans,Apparel,429,5
ORD781479,2025-04-13,South,P013,Face Cream,Health & Beauty,1681,5
ORD781480,2025-05-22,North,P012,Engine Oil,Automotive,317,8
ORD781481,2025-05-26,West,P014,Shampoo,Health & Beauty,1701,3
ORD781482,2025-05-23,North,P003,Headphones,Electronics,1761,1
ORD781483,2025-01-21,East,P010,Dining Table,Home & Living,219,5
ORD781484,2025-12-04,South,P011,Car Seat,Automotive,233,7
ORD781485,2025-03-21,West,P014,Shampoo,Health & Beauty,1148,9
ORD781486,2025-10-29,South,P002,Smartphone,Electronics,2493,1
ORD781487,2025-11-17,West,P003,Headphones,Electronics,1279,2
ORD781488,2025-12-23,West,P012,Engine Oil,Automotive,415,3
ORD781489,2025-12-21,South,P013,Face Cream,Health & Beauty,1567,5
ORD781490,2025-01-02,North,P001,Laptop,Electronics,1350,2
ORD781491,2025-11-25,North,P009,Sofa,Home & Living,2245,1
ORD781492,2025-10-09,North,P006,T-Shirt,Apparel,1598,3
ORD781493,2025-04-08,South,P006,T-Shirt,Apparel,1794,3
ORD781494,2025-11-03,North,P014,Shampoo,Health & Beauty,376,6
ORD781495,2025-12-22,North,P002,Smartphone,Electronics,535,2
ORD781496,2025-11-21,South,P014,Shampoo,Health & Beauty,293,6
ORD781497,2025-10-27,East,P004,Monitor,Electronics,795,1
ORD781498,2025-04-16,East,P011,Car Seat,Automotive,152,6
ORD781499,2025-07-09,West,P006,T-Shirt,Apparel,2249,6
ORD781500,2025-05-19,North,P005,Keyboard,Electronics,1742,3
ORD781501,2025-12-18,South,P009,Sofa,Home & Living,2192,1
ORD781502,2025-08-10,East,P012,Engine Oil,Automotive,440,6
ORD781503,2025-04-12,South,P006,T-Shirt,Apparel,1870,2
ORD781504,2025-01-28,South,P008,Jacket,Apparel,1599,4
ORD781505,2025-03-09,North,P005,Keyboard,Electronics,1401,5
ORD781506,2025-11-24,North,P013,Face Cream,Health & Beauty,2439,5
ORD781507,2025-10-15,East,P005,Keyboard,Electronics,1467,3
ORD781508,2025-05-10,East,P014,Shampoo,Health & Beauty,1873,9
ORD781509,2025-03-31,East,P011,Car Seat,Automotive,1451,2
ORD781510,2025-06-10,East,P012,Engine Oil,Automotive,1742,8
ORD781511,2025-01-26,West,P005,Keyboard,Electronics,2189,1
ORD781512,2025-02-26,West,P007,Jeans,Apparel,2446,1
ORD781513,2025-11-24,East,P012,Engine Oil,Automotive,200,8
ORD781514,2025-01-13,West,P012,Engine Oil,Automotive,2392,3
ORD781515,2025-05-10,North,P008,Jacket,Apparel,1949,5
ORD781516,2025-06-25,West,P003,Headphones,Electronics,1249,4
ORD781517,2025-08-26,South,P002,Smartphone,Electronics,478,5
ORD781518,2025-11-26,South,P005,Keyboard,Electronics,1144,6
ORD781519,2025-04-30,North,P005,Keyboard,Electronics,1890,3
ORD781520,2025-03-27,West,P015,Other Product,Others,1202,8
ORD781521,2025-10-29,North,P011,Car Seat,Automotive,2338,4
ORD781522,2025-03-24,East,P005,Keyboard,Electronics,1539,6
ORD781523,2025-10-07,North,P009,Sofa,Home & Living,1388,8
ORD781524,2025-10-28,West,P011,Car Seat,Automotive,530,6
ORD781525,2025-12-02,East,P010,Dining Table,Home & Living,605,5
ORD781526,2025-06-05,South,P011,Car Seat,Automotive,982,1
ORD781527,2025-07-30,West,P015,Other Product,Others,1832,3
ORD781528,2025-07-15,North,P015,Other Product,Others,2279,7
ORD781529,2025-12-06,West,P010,Dining Table,Home & Living,1460,7
ORD781530,2025-05-12,West,P004,Monitor,Electronics,286,8
ORD781531,2025-07-03,East,P012,Engine Oil,Automotive,576,2
ORD781532,2025-07-11,North,P007,Jeans,Apparel,1309,5
ORD781533,2025-02-15,South,P010,Dining Table,Home & Living,889,6
ORD781534,2025-10-02,North,P007,Jeans,Apparel,2465,2
ORD781535,2025-04-07,West,P009,Sofa,Home & Living,831,6
ORD781536,2025-03-03,North,P015,Other Product,Others,256,6
ORD781537,2025-11-08,West,P013,Face Cream,Health & Beauty,1884,9
ORD781538,2025-12-08,West,P015,Other Product,Others,715,5
ORD781539,2025-11-18,West,P006,T-Shirt,Apparel,2481,2
ORD781540,2025-03-12,South,P006,T-Shirt,Apparel,1826,4
ORD781541,2025-10-28,North,P007,Jeans,Apparel,344,1
ORD781542,2025-10-20,South,P007,Jeans,Apparel,1510,4
ORD781543,2025-08-24,East,P014,Shampoo,Health & Beauty,1256,7
ORD781544,2025-11-20,South,P001,Laptop,Electronics,580,9
ORD781545,2025-08-09,East,P009,Sofa,Home & Living,1556,2
ORD781546,2025-10-12,East,P006,T-Shirt,Apparel,895,7
ORD781547,2025-12-05,East,P006,T-Shirt,Apparel,2263,3
ORD781548,2025-05-30,North,P015,Other Product,Others,1569,5
ORD781549,2025-04-07,West,P015,Other Product,Others,1026,4
ORD781550,2025-08-30,South,P004,Monitor,Electronics,2259,6
ORD781551,2025-06-12,South,P007,Jeans,Apparel,1854,4
ORD781552,2025-07-02,North,P011,Car Seat,Automotive,2259,1
ORD781553,2025-07-17,South,P011,Car Seat,Automotive,135,6
ORD781554,2025-02-02,West,P004,Monitor,Electronics,1557,1
ORD781555,2025-01-30,South,P014,Shampoo,Health & Beauty,1769,4
ORD781556,2025-12-01,North,P008,Jacket,Apparel,260,2
ORD781557,2025-09-23,West,P013,Face Cream,Health & Beauty,564,9
ORD781558,2025-09-11,West,P009,Sofa,Home & Living,848,1
ORD781559,2025-09-22,South,P003,Headphones,Electronics,2142,2
ORD781560,2025-08-07,North,P002,Smartphone,Electronics,1656,6
ORD781561,2025-06-24,West,P002,Smartphone,Electronics,1460,8
ORD781562,2025-09-15,North,P005,Keyboard,Electronics,305,7
ORD781563,2025-07-29,West,P010,Dining Table,Home & Living,2447,9
ORD781564,2025-02-19,West,P012,Engine Oil,Automotive,708,4
ORD781565,2025-09-30,East,P014,Shampoo,Health & Beauty,1049,6
ORD781566,2025-11-12,North,P006,T-Shirt,Apparel,1945,5
ORD781567,2025-11-17,West,P004,Monitor,Electronics,556,1
ORD781568,2025-08-04,North,P006,T-Shirt,Apparel,1090,8
ORD781569,2025-05-12,North,P009,Sofa,Home & Living,1544,1
ORD781570,2025-05-29,South,P010,Dining Table,Home & Living,1023,1
ORD781571,2025-06-18,North,P007,Jeans,Apparel,1726,3
ORD781572,2025-09-23,North,P001,Laptop,Electronics,445,1
ORD781573,2025-10-17,West,P008,Jacket,Apparel,2212,4
ORD781574,2025-08-12,East,P009,Sofa,Home & Living,430,8
ORD781575,2025-01-20,South,P013,Face Cream,Health & Beauty,1327,7
ORD781576,2025-07-20,East,P001,Laptop,Electronics,2324,7
ORD781577,2025-05-21,West,P014,Shampoo,Health & Beauty,137,4
ORD781578,2025-11-13,West,P012,Engine Oil,Automotive,2234,6
ORD781579,2025-04-09,East,P013,Face Cream,Health & Beauty,1389,5
ORD781580,2025-10-15,South,P001,Laptop,Electronics,1104,4
ORD781581,2025-03-09,North,P012,Engine Oil,Automotive,1380,3
ORD781582,2025-08-01,West,P015,Other Product,Others,1915,3
ORD781583,2025-03-22,East,P007,Jeans,Apparel,838,1
ORD781584,2025-04-27,East,P007,Jeans,Apparel,1979,8
ORD781585,2025-06-22,West,P013,Face Cream,Health & Beauty,2290,7
ORD781586,2025-07-13,North,P009,Sofa,Home & Living,904,6
ORD781587,2025-12-13,North,P010,Dining Table,Home & Living,403,7
ORD781588,2025-02-25,East,P001,Laptop,Electronics,693,8
ORD781589,2025-02-20,North,P002,Smartphone,Electronics,2422,3
ORD781590,2025-10-17,West,P012,Engine Oil,Automotive,2464,4
ORD781591,2025-05-22,South,P008,Jacket,Apparel,546,6
ORD781592,2025-10-28,West,P003,Headphones,Electronics,252,9
ORD781593,2025-04-11,East,P010,Dining Table,Home & Living,700,3
ORD781594,2025-11-20,North,P015,Other Product,Others,1708,8
ORD781595,2025-12-28,West,P011,Car Seat,Automotive,265,9
ORD781596,2025-03-14,North,P012,Engine Oil,Automotive,1497,6
ORD781597,2025-07-05,East,P013,Face Cream,Health & Beauty,1917,2
ORD781598,2025-03-28,West,P011,Car Seat,Automotive,1674,9
ORD781599,2025-01-18,South,P007,Jeans,Apparel,2222,1
ORD781600,2025-02-18,North,P010,Dining Table,Home & Living,2293,7
ORD781601,2025-09-21,South,P012,Engine Oil,Automotive,1174,1
ORD781602,2025-11-27,East,P002,Smartphone,Electronics,2253,1
ORD781603,2025-04-06,East,P014,Shampoo,Health & Beauty,493,2
ORD781604,2025-11-18,North,P003,Headphones,Electronics,1536,5
ORD781605,2025-03-18,North,P008,Jacket,Apparel,1535,9
ORD781606,2025-10-17,East,P009,Sofa,Home & Living,306,2
ORD781607,2025-12-27,South,P004,Monitor,Electronics,810,1
ORD781608,2025-11-07,North,P004,Monitor,Electronics,1543,2
ORD781609,2025-03-03,North,P005,Keyboard,Electronics,370,6
ORD781610,2025-06-02,North,P011,Car Seat,Automotive,1152,5
ORD781611,2025-01-20,West,P002,Smartphone,Electronics,1272,5
ORD781612,2025-09-27,South,P010,Dining Table,Home & Living,1094,4
ORD781613,2025-07-20,North,P012,Engine Oil,Automotive,1334,1
ORD781614,2025-12-23,West,P005,Keyboard,Electronics,1130,1
ORD781615,2025-04-26,West,P014,Shampoo,Health & Beauty,1907,3
ORD781616,2025-12-15,North,P002,Smartphone,Electronics,1803,2
ORD781617,2025-03-20,East,P002,Smartphone,Electronics,1594,1
ORD781618,2025-01-17,West,P014,Shampoo,Health & Beauty,1823,4
ORD781619,2025-05-17,West,P010,Dining Table,Home & Living,1358,3
ORD781620,2025-12-01,East,P015,Other Product,Others,1727,9
ORD781621,2025-01-09,North,P009,Sofa,Home & Living,2146,3
ORD781622,2025-12-20,North,P011,Car Seat,Automotive,704,7
ORD781623,2025-10-23,North,P001,Laptop,Electronics,1645,6
ORD781624,2025-08-25,West,P007,Jeans,Apparel,1540,7
ORD781625,2025-02-07,North,P002,Smartphone,Electronics,2482,3
ORD781626,2025-04-12,West,P003,Headphones,Electronics,2050,8
ORD781627,2025-12-18,North,P006,T-Shirt,Apparel,453,4
ORD781628,2025-11-11,East,P013,Face Cream,Health & Beauty,2295,7
ORD781629,2025-11-07,East,P006,T-Shirt,Apparel,181,6
ORD781630,2025-05-14,West,P002,Smartphone,Electronics,1425,4
ORD781631,2025-01-16,South,P001,Laptop,Electronics,828,6
ORD781632,2025-06-29,North,P005,Keyboard,Electronics,2082,6
ORD781633,2025-06-05,North,P013,Face Cream,Health & Beauty,1485,7
ORD781634,2025-12-02,South,P001,Laptop,Electronics,2223,9
ORD781635,2025-12-28,South,P007,Jeans,Apparel,2385,4
ORD781636,2025-08-25,North,P013,Face Cream,Health & Beauty,502,3
ORD781637,2025-03-15,North,P006,T-Shirt,Apparel,2183,5
ORD781638,2025-02-25,South,P005,Keyboard,Electronics,461,2
ORD781639,2025-04-18,East,P011,Car Seat,Automotive,1474,7
ORD781640,2025-11-19,East,P003,Headphones,Electronics,1907,1
ORD781641,2025-06-24,West,P008,Jacket,Apparel,669,9
ORD781642,2025-01-29,West,P010,Dining Table,Home & Living,573,8
ORD781643,2025-06-22,North,P007,Jeans,Apparel,2194,5
ORD781644,2025-09-18,North,P003,Headphones,Electronics,1242,8
ORD781645,2025-03-23,South,P006,T-Shirt,Apparel,135,6
ORD781646,2025-12-04,West,P013,Face Cream,Health & Beauty,2142,8
ORD781647,2025-04-03,North,P012,Engine Oil,Automotive,2072,5
ORD781648,2025-03-29,West,P003,Headphones,Electronics,478,1
ORD781649,2025-06-21,East,P011,Car Seat,Automotive,592,3
ORD781650,2025-12-16,North,P002,Smartphone,Electronics,553,6
ORD781651,2025-07-22,West,P015,Other Product,Others,495,4
ORD781652,2025-12-14,East,P014,Shampoo,Health & Beauty,553,1
ORD781653,2025-10-28,North,P008,Jacket,Apparel,886,1
ORD781654,2025-01-17,South,P009,Sofa,Home & Living,1545,5
ORD781655,2025-03-20,North,P002,Smartphone,Electronics,1010,6
ORD781656,2025-12-11,West,P006,T-Shirt,Apparel,352,7
ORD781657,2025-03-10,West,P008,Jacket,Apparel,1920,3
ORD781658,2025-05-17,North,P001,Laptop,Electronics,1875,1
ORD781659,2025-01-20,North,P004,Monitor,Electronics,200,8
ORD781660,2025-05-14,South,P004,Monitor,Electronics,2213,2
ORD781661,2025-10-29,West,P007,Jeans,Apparel,1352,7
ORD781662,2025-10-09,West,P011,Car Seat,Automotive,1670,9
ORD781663,2025-11-27,East,P002,Smartphone,Electronics,297,9
ORD781664,2025-02-13,East,P010,Dining Table,Home & Living,895,2
ORD781665,2025-03-27,North,P001,Laptop,Electronics,1906,8
ORD781666,2025-05-21,South,P008,Jacket,Apparel,1577,2
ORD781667,2025-07-08,North,P009,Sofa,Home & Living,316,6
ORD781668,2025-09-13,East,P003,Headphones,Electronics,862,3
ORD781669,2025-01-11,North,P009,Sofa,Home & Living,2046,7
ORD781670,2025-09-11,North,P013,Face Cream,Health & Beauty,912,3
ORD781671,2025-01-21,West,P004,Monitor,Electronics,1625,6
ORD781672,2025-09-06,East,P012,Engine Oil,Automotive,2217,2
ORD781673,2025-06-26,South,P002,Smartphone,Electronics,1040,9
ORD781674,2025-08-01,West,P004,Monitor,Electronics,303,9
ORD781675,2025-11-05,East,P010,Dining Table,Home & Living,1384,2
ORD781676,2025-03-31,East,P001,Laptop,Electronics,250,8
ORD781677,2025-10-11,North,P007,Jeans,Apparel,766,5
ORD781678,2025-05-13,North,P007,Jeans,Apparel,1159,2
ORD781679,2025-01-13,North,P013,Face Cream,Health & Beauty,1458,7
ORD781680,2025-05-08,South,P001,Laptop,Electronics,1214,2
ORD781681,2025-01-19,North,P002,Smartphone,Electronics,726,8
ORD781682,2025-08-04,East,P015,Other Product,Others,2026,3
ORD781683,2025-06-06,West,P007,Jeans,Apparel,705,2
ORD781684,2025-01-17,South,P011,Car Seat,Automotive,566,9
ORD781685,2025-06-29,East,P004,Monitor,Electronics,444,8
ORD781686,2025-03-27,East,P004,Monitor,Electronics,529,6
ORD781687,2025-03-18,West,P006,T-Shirt,Apparel,383,1
ORD781688,2025-03-13,South,P006,T-Shirt,Apparel,2387,6
ORD781689,2025-08-01,East,P013,Face Cream,Health & Beauty,2089,6
ORD781690,2025-02-06,North,P006,T-Shirt,Apparel,1508,3
ORD781691,2025-11-06,East,P013,Face Cream,Health & Beauty,1178,9
ORD781692,2025-11-09,North,P011,Car Seat,Automotive,2134,2
ORD781693,2025-01-31,North,P010,Dining Table,Home & Living,2122,2
ORD781694,2025-02-11,North,P015,Other Product,Others,1329,8
ORD781695,2025-03-05,West,P004,Monitor,Electronics,2241,7
ORD781696,2025-07-08,East,P003,Headphones,Electronics,1298,9
ORD781697,2025-01-15,East,P003,Headphones,Electronics,1666,2
ORD781698,2025-10-05,East,P008,Jacket,Apparel,991,2
ORD781699,2025-03-17,North,P007,Jeans,Apparel,660,6
ORD781700,2025-05-16,West,P007,Jeans,Apparel,286,6
ORD781701,2025-06-19,East,P010,Dining Table,Home & Living,2426,7
ORD781702,2025-05-23,West,P008,Jacket,Apparel,275,7
ORD781703,2025-09-06,West,P002,Smartphone,Electronics,284,9
ORD781704,2025-10-02,North,P014,Shampoo,Health & Beauty,1355,8
ORD781705,2025-09-05,South,P009,Sofa,Home & Living,329,5
ORD781706,2025-07-23,West,P003,Headphones,Electronics,281,7
ORD781707,2025-06-19,East,P005,Keyboard,Electronics,1094,4
ORD781708,2025-10-13,North,P001,Laptop,Electronics,1609,6
ORD781709,2025-10-17,West,P006,T-Shirt,Apparel,1465,6
ORD781710,2025-04-10,South,P001,Laptop,Electronics,1686,6
ORD781711,2025-06-03,North,P001,Laptop,Electronics,2427,7
ORD781712,2025-01-22,North,P003,Headphones,Electronics,834,4
ORD781713,2025-09-09,West,P007,Jeans,Apparel,1632,5
ORD781714,2025-11-11,West,P001,Laptop,Electronics,810,2
ORD781715,2025-12-22,West,P006,T-Shirt,Apparel,1626,9
ORD781716,2025-04-02,South,P005,Keyboard,Electronics,508,3
ORD781717,2025-05-04,West,P002,Smartphone,Electronics,1909,8
ORD781718,2025-03-20,West,P001,Laptop,Electronics,600,4
ORD781719,2025-09-08,North,P004,Monitor,Electronics,1302,7
ORD781720,2025-04-02,South,P003,Headphones,Electronics,2434,2
ORD781721,2025-05-25,West,P010,Dining Table,Home & Living,1654,4
ORD781722,2025-05-27,East,P014,Shampoo,Health & Beauty,1012,3
ORD781723,2025-08-28,North,P012,Engine Oil,Automotive,1415,5
ORD781724,2025-08-29,North,P011,Car Seat,Automotive,1997,5
ORD781725,2025-07-22,South,P008,Jacket,Apparel,1579,3
ORD781726,2025-08-16,East,P007,Jeans,Apparel,849,7
ORD781727,2025-05-25,North,P006,T-Shirt,Apparel,286,9
ORD781728,2025-12-05,North,P013,Face Cream,Health & Beauty,1342,6
ORD781729,2025-09-11,North,P004,Monitor,Electronics,1744,7
ORD781730,2025-11-27,South,P009,Sofa,Home & Living,1552,6
ORD781731,2025-06-01,South,P008,Jacket,Apparel,680,3
ORD781732,2025-09-08,South,P006,T-Shirt,Apparel,1239,4
ORD781733,2025-06-18,North,P013,Face Cream,Health & Beauty,459,9
ORD781734,2025-06-04,South,P008,Jacket,Apparel,1877,7
ORD781735,2025-10-20,South,P005,Keyboard,Electronics,1857,7
ORD781736,2025-12-09,West,P001,Laptop,Electronics,579,2
ORD781737,2025-11-06,South,P009,Sofa,Home & Living,837,8
ORD781738,2025-01-21,East,P010,Dining Table,Home & Living,2213,1
ORD781739,2025-12-10,West,P012,Engine Oil,Automotive,2414,3
ORD781740,2025-10-09,North,P002,Smartphone,Electronics,2348,4
ORD781741,2025-06-05,South,P008,Jacket,Apparel,243,6
ORD781742,2025-03-08,South,P010,Dining Table,Home & Living,1398,1
ORD781743,2025-11-07,North,P002,Smartphone,Electronics,1304,2
ORD781744,2025-05-31,West,P010,Dining Table,Home & Living,2217,4
ORD781745,2025-09-14,South,P011,Car Seat,Automotive,345,1
ORD781746,2025-10-06,North,P006,T-Shirt,Apparel,1298,1
ORD781747,2025-10-18,West,P012,Engine Oil,Automotive,1514,9
ORD781748,2025-10-05,West,P002,Smartphone,Electronics,1141,3
ORD781749,2025-11-11,West,P012,Engine Oil,Automotive,1816,5
ORD781750,2025-12-01,North,P012,Engine Oil,Automotive,483,3
ORD781751,2025-10-10,East,P008,Jacket,Apparel,1811,4
ORD781752,2025-07-09,North,P003,Headphones,Electronics,1383,2
ORD781753,2025-07-29,West,P002,Smartphone,Electronics,2104,9
ORD781754,2025-11-29,East,P011,Car Seat,Automotive,1746,1
ORD781755,2025-01-26,West,P012,Engine Oil,Automotive,2351,1
ORD781756,2025-09-15,South,P011,Car Seat,Automotive,2388,9
ORD781757,2025-01-27,East,P005,Keyboard,Electronics,1849,2
ORD781758,2025-10-31,East,P003,Headphones,Electronics,281,3
ORD781759,2025-06-04,North,P002,Smartphone,Electronics,2200,8
ORD781760,2025-07-21,South,P010,Dining Table,Home & Living,1396,8
ORD781761,2025-08-14,North,P011,Car Seat,Automotive,482,1
ORD781762,2025-12-10,North,P001,Laptop,Electronics,1682,4
ORD781763,2025-01-16,West,P010,Dining Table,Home & Living,1304,5
ORD781764,2025-10-02,South,P006,T-Shirt,Apparel,1150,9
ORD781765,2025-12-10,South,P006,T-Shirt,Apparel,271,6
ORD781766,2025-07-05,South,P013,Face Cream,Health & Beauty,1747,6
ORD781767,2025-06-11,West,P015,Other Product,Others,2040,6
ORD781768,2025-07-18,North,P015,Other Product,Others,657,7
ORD781769,2025-06-19,South,P007,Jeans,Apparel,340,5
ORD781770,2025-08-21,South,P007,Jeans,Apparel,542,3
ORD781771,2025-05-16,East,P006,T-Shirt,Apparel,1959,3
ORD781772,2025-10-28,North,P015,Other Product,Others,477,7
ORD781773,2025-07-27,South,P001,Laptop,Electronics,179,9
ORD781774,2025-03-01,North,P007,Jeans,Apparel,1850,9
ORD781775,2025-12-12,West,P010,Dining Table,Home & Living,486,6
ORD781776,2025-12-07,East,P009,Sofa,Home & Living,711,7
ORD781777,2025-11-23,North,P003,Headphones,Electronics,2304,9
ORD781778,2025-07-15,West,P001,Laptop,Electronics,599,7
ORD781779,2025-03-08,South,P004,Monitor,Electronics,1843,2
ORD781780,2025-09-09,West,P005,Keyboard,Electronics,757,2
ORD781781,2025-11-18,West,P015,Other Product,Others,1337,8
ORD781782,2025-09-14,East,P011,Car Seat,Automotive,1891,3
ORD781783,2025-05-28,East,P010,Dining Table,Home & Living,1846,3
ORD781784,2025-06-16,South,P012,Engine Oil,Automotive,2284,1
ORD781785,2025-03-08,North,P009,Sofa,Home & Living,654,3
ORD781786,2025-05-19,West,P002,Smartphone,Electronics,1246,2
ORD781787,2025-04-18,West,P009,Sofa,Home & Living,1970,6
ORD781788,2025-10-21,East,P002,Smartphone,Electronics,282,3
ORD781789,2025-06-26,South,P006,T-Shirt,Apparel,692,5
ORD781790,2025-06-24,South,P006,T-Shirt,Apparel,1960,5
ORD781791,2025-09-06,North,P003,Headphones,Electronics,1514,2
ORD781792,2025-02-03,West,P010,Dining Table,Home & Living,2463,2
ORD781793,2025-04-14,South,P015,Other Product,Others,1199,6
ORD781794,2025-03-10,West,P009,Sofa,Home & Living,1143,7
ORD781795,2025-05-22,North,P009,Sofa,Home & Living,1447,7
ORD781796,2025-06-09,North,P008,Jacket,Apparel,441,6
ORD781797,2025-10-13,East,P002,Smartphone,Electronics,2228,6
ORD781798,2025-07-12,South,P005,Keyboard,Electronics,1692,4
ORD781799,2025-06-18,North,P003,Headphones,Electronics,1471,8
ORD781800,2025-06-19,North,P014,Shampoo,Health & Beauty,1565,9
ORD781801,2025-09-16,East,P003,Headphones,Electronics,1276,9
ORD781802,2025-03-28,East,P004,Monitor,Electronics,1398,2
ORD781803,2025-06-20,South,P004,Monitor,Electronics,2433,6
ORD781804,2025-09-28,South,P011,Car Seat,Automotive,1275,6
ORD781805,2025-11-17,East,P007,Jeans,Apparel,356,5
ORD781806,2025-10-04,West,P012,Engine Oil,Automotive,1895,7
ORD781807,2025-04-26,South,P002,Smartphone,Electronics,327,2
ORD781808,2025-06-28,North,P012,Engine Oil,Automotive,546,8
ORD781809,2025-09-18,West,P002,Smartphone,Electronics,392,6
ORD781810,2025-05-18,West,P007,Jeans,Apparel,723,5
ORD781811,2025-07-16,East,P002,Smartphone,Electronics,1151,1
ORD781812,2025-03-31,North,P015,Other Product,Others,1790,1
ORD781813,2025-05-11,West,P003,Headphones,Electronics,1409,2
ORD781814,2025-07-30,South,P003,Headphones,Electronics,1233,1
ORD781815,2025-04-22,North,P004,Monitor,Electronics,2126,8
ORD781816,2025-07-24,South,P011,Car Seat,Automotive,2067,1
ORD781817,2025-01-14,West,P011,Car Seat,Automotive,1810,1
ORD781818,2025-03-25,East,P009,Sofa,Home & Living,1342,1
ORD781819,2025-05-29,North,P015,Other Product,Others,2126,2
ORD781820,2025-08-16,South,P002,Smartphone,Electronics,880,8
ORD781821,2025-01-01,South,P010,Dining Table,Home & Living,1635,7
ORD781822,2025-09-19,North,P008,Jacket,Apparel,1008,7
ORD781823,2025-10-15,North,P015,Other Product,Others,1089,4
ORD781824,2025-05-09,North,P003,Headphones,Electronics,1301,5
ORD781825,2025-06-13,West,P004,Monitor,Electronics,391,5
ORD781826,2025-03-31,North,P013,Face Cream,Health & Beauty,2458,6
ORD781827,2025-06-12,North,P010,Dining Table,Home & Living,1843,1
ORD781828,2025-06-08,West,P003,Headphones,Electronics,1215,8
ORD781829,2025-01-01,East,P008,Jacket,Apparel,1621,1
ORD781830,2025-06-01,North,P003,Headphones,Electronics,1371,7
ORD781831,2025-10-23,West,P004,Monitor,Electronics,1688,7
ORD781832,2025-11-16,South,P008,Jacket,Apparel,878,6
ORD781833,2025-08-23,South,P013,Face Cream,Health & Beauty,1091,5
ORD781834,2025-06-01,South,P008,Jacket,Apparel,645,4
ORD781835,2025-01-02,East,P002,Smartphone,Electronics,530,4
ORD781836,2025-02-25,North,P012,Engine Oil,Automotive,195,7
ORD781837,2025-09-25,North,P013,Face Cream,Health & Beauty,1638,3
ORD781838,2025-08-08,West,P003,Headphones,Electronics,428,8
ORD781839,2025-05-01,West,P002,Smartphone,Electronics,2442,7
ORD781840,2025-07-06,South,P008,Jacket,Apparel,2454,1
ORD781841,2025-10-12,West,P006,T-Shirt,Apparel,1724,8
ORD781842,2025-08-17,West,P003,Headphones,Electronics,365,2
ORD781843,2025-10-12,East,P013,Face Cream,Health & Beauty,760,9
ORD781844,2025-06-09,East,P004,Monitor,Electronics,2404,9
ORD781845,2025-07-23,North,P013,Face Cream,Health & Beauty,2072,4
ORD781846,2025-07-22,South,P009,Sofa,Home & Living,2023,2
ORD781847,2025-04-17,West,P006,T-Shirt,Apparel,1059,8
ORD781848,2025-02-28,South,P004,Monitor,Electronics,776,7
ORD781849,2025-06-22,West,P003,Headphones,Electronics,1597,7
ORD781850,2025-11-02,East,P015,Other Product,Others,1869,9
ORD781851,2025-08-14,West,P013,Face Cream,Health & Beauty,1110,4
ORD781852,2025-09-16,East,P011,Car Seat,Automotive,745,4
ORD781853,2025-04-20,North,P002,Smartphone,Electronics,2403,2
ORD781854,2025-09-28,South,P004,Monitor,Electronics,1178,1
ORD781855,2025-01-06,West,P013,Face Cream,Health & Beauty,1761,7
ORD781856,2025-02-08,South,P010,Dining Table,Home & Living,167,1
ORD781857,2025-01-09,West,P014,Shampoo,Health & Beauty,373,8
ORD781858,2025-12-23,South,P013,Face Cream,Health & Beauty,2419,3
ORD781859,2025-11-04,West,P014,Shampoo,Health & Beauty,1340,5
ORD781860,2025-03-12,North,P010,Dining Table,Home & Living,1971,8
ORD781861,2025-10-08,South,P002,Smartphone,Electronics,969,4
ORD781862,2025-03-17,West,P007,Jeans,Apparel,2321,7
ORD781863,2025-01-09,North,P007,Jeans,Apparel,1998,1
ORD781864,2025-06-18,North,P005,Keyboard,Electronics,1882,5
ORD781865,2025-08-03,West,P004,Monitor,Electronics,1686,9
ORD781866,2025-03-05,North,P002,Smartphone,Electronics,559,6
ORD781867,2025-08-17,North,P013,Face Cream,Health & Beauty,1593,4
ORD781868,2025-01-15,East,P012,Engine Oil,Automotive,2236,7
ORD781869,2025-09-29,East,P007,Jeans,Apparel,111,2
ORD781870,2025-01-05,West,P009,Sofa,Home & Living,2251,5
ORD781871,2025-05-17,West,P001,Laptop,Electronics,1728,5
ORD781872,2025-02-15,North,P002,Smartphone,Electronics,2198,2
ORD781873,2025-05-29,North,P011,Car Seat,Automotive,1428,6
ORD781874,2025-11-10,North,P010,Dining Table,Home & Living,2128,2
ORD781875,2025-08-02,South,P010,Dining Table,Home & Living,629,7
ORD781876,2025-11-03,North,P002,Smartphone,Electronics,1033,3
ORD781877,2025-04-19,North,P004,Monitor,Electronics,1111,7
ORD781878,2025-06-13,North,P006,T-Shirt,Apparel,261,2
ORD781879,2025-04-25,South,P011,Car Seat,Automotive,393,8
ORD781880,2025-12-30,South,P004,Monitor,Electronics,908,7
ORD781881,2025-07-12,West,P003,Headphones,Electronics,1872,7
ORD781882,2025-03-19,South,P013,Face Cream,Health & Beauty,844,2
ORD781883,2025-08-16,North,P011,Car Seat,Automotive,332,1
ORD781884,2025-09-23,East,P008,Jacket,Apparel,322,9
ORD781885,2025-04-05,East,P009,Sofa,Home & Living,1010,2
ORD781886,2025-01-20,South,P003,Headphones,Electronics,720,3
ORD781887,2025-01-30,West,P015,Other Product,Others,2129,9
ORD781888,2025-10-09,East,P006,T-Shirt,Apparel,1573,2
ORD781889,2025-06-14,West,P002,Smartphone,Electronics,1374,6
ORD781890,2025-11-28,West,P015,Other Product,Others,1807,9
ORD781891,2025-12-28,North,P013,Face Cream,Health & Beauty,485,3
ORD781892,2025-02-11,West,P007,Jeans,Apparel,789,5
ORD781893,2025-07-23,North,P015,Other Product,Others,282,4
ORD781894,2025-06-12,South,P001,Laptop,Electronics,212,9
ORD781895,2025-08-24,East,P010,Dining Table,Home & Living,1792,7
ORD781896,2025-05-27,North,P001,Laptop,Electronics,1565,7
ORD781897,2025-09-22,East,P015,Other Product,Others,614,3
ORD781898,2025-04-15,West,P011,Car Seat,Automotive,888,1
ORD781899,2025-09-14,East,P008,Jacket,Apparel,1089,4
ORD781900,2025-07-03,South,P011,Car Seat,Automotive,1651,8
ORD781901,2025-01-03,North,P006,T-Shirt,Apparel,186,2
ORD781902,2025-04-30,North,P004,Monitor,Electronics,2332,1
ORD781903,2025-11-09,South,P007,Jeans,Apparel,1276,4
ORD781904,2025-09-07,South,P011,Car Seat,Automotive,2099,1
ORD781905,2025-06-30,West,P002,Smartphone,Electronics,2146,8
ORD781906,2025-09-10,South,P009,Sofa,Home & Living,281,3
ORD781907,2025-08-08,West,P010,Dining Table,Home & Living,507,4
ORD781908,2025-12-27,North,P011,Car Seat,Automotive,2104,3
ORD781909,2025-12-09,North,P012,Engine Oil,Automotive,2332,8
ORD781910,2025-05-22,East,P011,Car Seat,Automotive,843,3
ORD781911,2025-08-24,South,P006,T-Shirt,Apparel,808,1
ORD781912,2025-09-03,North,P005,Keyboard,Electronics,1302,5
ORD781913,2025-09-15,South,P014,Shampoo,Health & Beauty,621,9
ORD781914,2025-05-01,West,P006,T-Shirt,Apparel,233,1
ORD781915,2025-05-27,North,P008,Jacket,Apparel,2399,9
ORD781916,2025-09-08,South,P011,Car Seat,Automotive,1719,2
ORD781917,2025-05-12,South,P013,Face Cream,Health & Beauty,2404,4
ORD781918,2025-09-25,South,P009,Sofa,Home & Living,1319,3
ORD781919,2025-11-02,South,P003,Headphones,Electronics,2057,7
ORD781920,2025-01-25,East,P002,Smartphone,Electronics,252,5
ORD781921,2025-08-14,East,P004,Monitor,Electronics,2094,3
ORD781922,2025-07-24,East,P014,Shampoo,Health & Beauty,2407,7
ORD781923,2025-07-19,South,P013,Face Cream,Health & Beauty,1459,6
ORD781924,2025-01-18,West,P005,Keyboard,Electronics,1137,3
ORD781925,2025-03-23,North,P013,Face Cream,Health & Beauty,737,6
ORD781926,2025-11-04,South,P010,Dining Table,Home & Living,1812,4
ORD781927,2025-04-05,East,P007,Jeans,Apparel,170,5
ORD781928,2025-12-30,South,P011,Car Seat,Automotive,242,7
ORD781929,2025-03-11,East,P011,Car Seat,Automotive,719,5
ORD781930,2025-11-09,East,P007,Jeans,Apparel,853,7
ORD781931,2025-02-24,West,P012,Engine Oil,Automotive,1451,4
ORD781932,2025-12-03,South,P013,Face Cream,Health & Beauty,2302,7
ORD781933,2025-11-17,North,P002,Smartphone,Electronics,1412,2
ORD781934,2025-02-23,North,P014,Shampoo,Health & Beauty,1216,8
ORD781935,2025-03-21,North,P006,T-Shirt,Apparel,234,2
ORD781936,2025-03-12,West,P004,Monitor,Electronics,344,5
ORD781937,2025-04-03,South,P002,Smartphone,Electronics,214,4
ORD781938,2025-08-29,West,P006,T-Shirt,Apparel,1803,6
ORD781939,2025-05-12,East,P004,Monitor,Electronics,2182,2
ORD781940,2025-08-08,West,P011,Car Seat,Automotive,1716,6
ORD781941,2025-08-15,South,P005,Keyboard,Electronics,466,4
ORD781942,2025-04-26,North,P014,Shampoo,Health & Beauty,1784,5
ORD781943,2025-04-14,South,P007,Jeans,Apparel,1265,5
ORD781944,2025-05-14,North,P003,Headphones,Electronics,2125,9
ORD781945,2025-11-07,North,P015,Other Product,Others,1425,5
ORD781946,2025-10-01,West,P004,Monitor,Electronics,491,8
ORD781947,2025-07-18,East,P015,Other Product,Others,2466,1
ORD781948,2025-02-14,North,P002,Smartphone,Electronics,782,3
ORD781949,2025-10-11,North,P013,Face Cream,Health & Beauty,2229,6
ORD781950,2025-01-10,South,P015,Other Product,Others,237,5
ORD781951,2025-09-11,East,P012,Engine Oil,Automotive,819,7
ORD781952,2025-02-16,South,P009,Sofa,Home & Living,1007,9
ORD781953,2025-06-21,West,P004,Monitor,Electronics,496,8
ORD781954,2025-04-01,West,P015,Other Product,Others,1470,2
ORD781955,2025-03-22,South,P003,Headphones,Electronics,780,6
ORD781956,2025-08-02,West,P009,Sofa,Home & Living,423,6
ORD781957,2025-09-10,South,P014,Shampoo,Health & Beauty,213,2
ORD781958,2025-08-26,North,P006,T-Shirt,Apparel,1345,6
ORD781959,2025-02-08,East,P011,Car Seat,Automotive,978,1
ORD781960,2025-05-16,North,P004,Monitor,Electronics,1184,5
ORD781961,2025-12-31,North,P011,Car Seat,Automotive,807,9
ORD781962,2025-06-05,East,P007,Jeans,Apparel,1517,3
ORD781963,2025-05-20,North,P007,Jeans,Apparel,183,5
ORD781964,2025-08-02,South,P012,Engine Oil,Automotive,1982,5
ORD781965,2025-12-01,West,P014,Shampoo,Health & Beauty,2263,4
ORD781966,2025-04-17,South,P010,Dining Table,Home & Living,2441,9
ORD781967,2025-07-22,West,P015,Other Product,Others,1745,7
ORD781968,2025-09-17,West,P012,Engine Oil,Automotive,2094,4
ORD781969,2025-09-01,South,P014,Shampoo,Health & Beauty,2113,4
ORD781970,2025-04-20,West,P012,Engine Oil,Automotive,2080,8
ORD781971,2025-11-04,North,P014,Shampoo,Health & Beauty,436,8
ORD781972,2025-01-05,South,P010,Dining Table,Home & Living,869,3
ORD781973,2025-12-05,South,P012,Engine Oil,Automotive,1333,5
ORD781974,2025-03-01,North,P015,Other Product,Others,2421,9
ORD781975,2025-08-24,East,P010,Dining Table,Home & Living,326,9
ORD781976,2025-10-08,East,P007,Jeans,Apparel,1839,3
ORD781977,2025-04-29,West,P009,Sofa,Home & Living,2027,5
ORD781978,2025-04-13,South,P005,Keyboard,Electronics,2354,7
ORD781979,2025-04-18,South,P002,Smartphone,Electronics,1341,6
ORD781980,2025-11-09,West,P005,Keyboard,Electronics,506,1
ORD781981,2025-11-26,West,P015,Other Product,Others,403,7
ORD781982,2025-10-10,South,P003,Headphones,Electronics,1552,6
ORD781983,2025-03-02,West,P004,Monitor,Electronics,1194,7
ORD781984,2025-01-12,East,P012,Engine Oil,Automotive,475,3
ORD781985,2025-10-30,West,P001,Laptop,Electronics,254,3
ORD781986,2025-11-23,East,P004,Monitor,Electronics,969,6
ORD781987,2025-08-18,West,P015,Other Product,Others,878,3
ORD781988,2025-07-21,East,P011,Car Seat,Automotive,1701,8
ORD781989,2025-08-19,South,P011,Car Seat,Automotive,1030,5
ORD781990,2025-04-13,South,P004,Monitor,Electronics,531,4
ORD781991,2025-01-28,North,P006,T-Shirt,Apparel,1020,8
ORD781992,2025-11-18,West,P009,Sofa,Home & Living,2078,2
ORD781993,2025-04-09,North,P012,Engine Oil,Automotive,1924,8
ORD781994,2025-08-03,West,P002,Smartphone,Electronics,817,5
ORD781995,2025-06-30,South,P001,Laptop,Electronics,682,7
ORD781996,2025-07-04,South,P003,Headphones,Electronics,1027,5
ORD781997,2025-07-12,South,P015,Other Product,Others,807,2
ORD781998,2025-11-20,North,P002,Smartphone,Electronics,996,2
ORD781999,2025-11-12,North,P013,Face Cream,Health & Beauty,193,7
ORD782000,2025-07-27,South,P003,Headphones,Electronics,1666,5
ORD782001,2025-06-03,North,P007,Jeans,Apparel,1901,4
ORD782002,2025-08-22,East,P005,Keyboard,Electronics,1334,2
ORD782003,2025-04-06,North,P013,Face Cream,Health & Beauty,187,3
ORD782004,2025-12-22,North,P015,Other Product,Others,980,4
ORD782005,2025-11-04,South,P009,Sofa,Home & Living,993,9
ORD782006,2025-05-28,North,P004,Monitor,Electronics,1025,3
ORD782007,2025-06-25,North,P001,Laptop,Electronics,1119,8
ORD782008,2025-08-05,North,P008,Jacket,Apparel,1544,7
ORD782009,2025-10-21,North,P014,Shampoo,Health & Beauty,2197,5
ORD782010,2025-04-17,North,P011,Car Seat,Automotive,1347,6
ORD782011,2025-03-19,South,P007,Jeans,Apparel,1165,6
ORD782012,2025-11-11,South,P015,Other Product,Others,2280,3
ORD782013,2025-10-22,East,P008,Jacket,Apparel,1348,6
ORD782014,2025-04-19,South,P010,Dining Table,Home & Living,1092,3
ORD782015,2025-01-08,East,P014,Shampoo,Health & Beauty,2010,9
ORD782016,2025-04-24,South,P010,Dining Table,Home & Living,520,2
ORD782017,2025-09-07,South,P012,Engine Oil,Automotive,1521,5
ORD782018,2025-02-21,East,P003,Headphones,Electronics,2183,2
ORD782019,2025-07-19,West,P006,T-Shirt,Apparel,1398,1
ORD782020,2025-03-29,East,P005,Keyboard,Electronics,2290,7
ORD782021,2025-01-04,North,P010,Dining Table,Home & Living,1873,2
ORD782022,2025-09-11,West,P011,Car Seat,Automotive,1536,6
ORD782023,2025-12-17,North,P009,Sofa,Home & Living,2369,5
ORD782024,2025-02-08,South,P010,Dining Table,Home & Living,720,4
ORD782025,2025-08-30,South,P015,Other Product,Others,2337,3
ORD782026,2025-01-19,East,P008,Jacket,Apparel,924,9
ORD782027,2025-07-05,East,P013,Face Cream,Health & Beauty,634,9
ORD782028,2025-06-09,East,P012,Engine Oil,Automotive,2404,4
ORD782029,2025-08-06,West,P010,Dining Table,Home & Living,908,4
ORD782030,2025-03-17,South,P007,Jeans,Apparel,1132,8
ORD782031,2025-05-28,West,P015,Other Product,Others,328,5
ORD782032,2025-06-20,West,P009,Sofa,Home & Living,153,1
ORD782033,2025-05-28,West,P009,Sofa,Home & Living,1240,8
ORD782034,2025-01-29,West,P007,Jeans,Apparel,2096,6
ORD782035,2025-02-20,North,P008,Jacket,Apparel,690,3
ORD782036,2025-01-24,North,P010,Dining Table,Home & Living,1956,1
ORD782037,2025-05-16,South,P011,Car Seat,Automotive,2441,2
ORD782038,2025-01-25,North,P005,Keyboard,Electronics,1415,1
ORD782039,2025-10-04,North,P014,Shampoo,Health & Beauty,1180,8
ORD782040,2025-02-06,North,P012,Engine Oil,Automotive,2111,7
ORD782041,2025-05-06,East,P002,Smartphone,Electronics,2202,1
ORD782042,2025-06-08,North,P004,Monitor,Electronics,1619,7
ORD782043,2025-05-24,West,P012,Engine Oil,Automotive,1395,8
ORD782044,2025-04-23,West,P011,Car Seat,Automotive,1461,4
ORD782045,2025-07-31,North,P008,Jacket,Apparel,263,2
ORD782046,2025-05-10,North,P003,Headphones,Electronics,1827,4
ORD782047,2025-09-10,North,P012,Engine Oil,Automotive,568,1
ORD782048,2025-12-14,South,P001,Laptop,Electronics,876,7
ORD782049,2025-01-18,East,P004,Monitor,Electronics,229,4
ORD782050,2025-02-10,North,P006,T-Shirt,Apparel,2149,9
ORD782051,2025-05-01,West,P011,Car Seat,Automotive,2247,2
ORD782052,2025-09-24,West,P011,Car Seat,Automotive,956,2
ORD782053,2025-04-30,West,P013,Face Cream,Health & Beauty,1352,8
ORD782054,2025-04-08,South,P004,Monitor,Electronics,1414,2
ORD782055,2025-08-19,West,P013,Face Cream,Health & Beauty,1238,4
ORD782056,2025-03-22,South,P005,Keyboard,Electronics,1994,6
ORD782057,2025-08-06,North,P006,T-Shirt,Apparel,1280,3
ORD782058,2025-07-29,North,P011,Car Seat,Automotive,418,3
ORD782059,2025-10-18,West,P011,Car Seat,Automotive,1576,1
ORD782060,2025-02-27,East,P005,Keyboard,Electronics,316,2
ORD782061,2025-05-29,South,P009,Sofa,Home & Living,1019,7
ORD782062,2025-11-03,East,P013,Face Cream,Health & Beauty,1007,1
ORD782063,2025-10-27,West,P009,Sofa,Home & Living,2262,4
ORD782064,2025-08-11,East,P009,Sofa,Home & Living,1435,5
ORD782065,2025-03-21,North,P005,Keyboard,Electronics,2412,6
ORD782066,2025-11-16,North,P004,Monitor,Electronics,547,4
ORD782067,2025-07-24,West,P010,Dining Table,Home & Living,877,2
ORD782068,2025-02-18,West,P005,Keyboard,Electronics,583,3
ORD782069,2025-06-25,West,P004,Monitor,Electronics,1106,4
ORD782070,2025-08-30,West,P012,Engine Oil,Automotive,100,3
ORD782071,2025-07-05,South,P004,Monitor,Electronics,376,4
ORD782072,2025-12-14,North,P015,Other Product,Others,1446,4
ORD782073,2025-10-18,South,P006,T-Shirt,Apparel,308,6
ORD782074,2025-05-23,East,P011,Car Seat,Automotive,1329,5
ORD782075,2025-11-27,North,P014,Shampoo,Health & Beauty,153,4
ORD782076,2025-05-23,North,P011,Car Seat,Automotive,1152,2
ORD782077,2025-08-06,South,P010,Dining Table,Home & Living,1559,5
ORD782078,2025-12-25,North,P002,Smartphone,Electronics,2048,7
ORD782079,2025-06-28,North,P015,Other Product,Others,1235,7
ORD782080,2025-10-15,North,P006,T-Shirt,Apparel,1244,3
ORD782081,2025-07-09,North,P003,Headphones,Electronics,2337,6
ORD782082,2025-07-03,West,P006,T-Shirt,Apparel,1503,2
ORD782083,2025-08-27,West,P003,Headphones,Electronics,2120,6
ORD782084,2025-08-15,South,P010,Dining Table,Home & Living,782,8
ORD782085,2025-09-03,West,P008,Jacket,Apparel,2219,2
ORD782086,2025-10-09,South,P006,T-Shirt,Apparel,775,1
ORD782087,2025-04-25,South,P012,Engine Oil,Automotive,1435,6
ORD782088,2025-03-06,East,P012,Engine Oil,Automotive,1561,9
ORD782089,2025-06-05,East,P010,Dining Table,Home & Living,990,2
ORD782090,2025-03-02,West,P010,Dining Table,Home & Living,483,2
ORD782091,2025-01-27,South,P011,Car Seat,Automotive,580,6
ORD782092,2025-03-19,South,P012,Engine Oil,Automotive,1927,8
ORD782093,2025-04-03,East,P003,Headphones,Electronics,1284,2
ORD782094,2025-08-16,North,P013,Face Cream,Health & Beauty,2172,7
ORD782095,2025-04-08,West,P004,Monitor,Electronics,1506,4
ORD782096,2025-08-01,West,P013,Face Cream,Health & Beauty,353,3
ORD782097,2025-01-03,South,P005,Keyboard,Electronics,1172,4
ORD782098,2025-05-30,West,P013,Face Cream,Health & Beauty,486,9
ORD782099,2025-10-16,South,P008,Jacket,Apparel,228,6
ORD782100,2025-01-21,West,P013,Face Cream,Health & Beauty,1575,8
ORD782101,2025-08-23,West,P013,Face Cream,Health & Beauty,1338,3
ORD782102,2025-08-27,North,P007,Jeans,Apparel,2444,1
ORD782103,2025-12-01,West,P012,Engine Oil,Automotive,1773,1
ORD782104,2025-05-20,North,P004,Monitor,Electronics,2441,4
ORD782105,2025-01-15,South,P013,Face Cream,Health & Beauty,1680,7
ORD782106,2025-11-28,North,P014,Shampoo,Health & Beauty,1001,1
ORD782107,2025-12-23,West,P013,Face Cream,Health & Beauty,842,8
ORD782108,2025-04-23,South,P005,Keyboard,Electronics,2273,9
ORD782109,2025-05-09,West,P004,Monitor,Electronics,2219,6
ORD782110,2025-02-21,South,P015,Other Product,Others,1099,6
ORD782111,2025-07-14,West,P005,Keyboard,Electronics,1487,3
ORD782112,2025-01-19,North,P007,Jeans,Apparel,729,4
ORD782113,2025-11-05,East,P007,Jeans,Apparel,307,1
ORD782114,2025-10-17,South,P009,Sofa,Home & Living,936,2
ORD782115,2025-07-15,East,P005,Keyboard,Electronics,2076,6
ORD782116,2025-01-24,East,P005,Keyboard,Electronics,1208,8
ORD782117,2025-03-18,West,P002,Smartphone,Electronics,1857,5
ORD782118,2025-11-07,South,P001,Laptop,Electronics,2080,8
ORD782119,2025-10-29,South,P010,Dining Table,Home & Living,930,1
ORD782120,2025-06-03,North,P005,Keyboard,Electronics,1272,5
ORD782121,2025-07-11,East,P011,Car Seat,Automotive,2408,5
ORD782122,2025-09-19,South,P006,T-Shirt,Apparel,1557,5
ORD782123,2025-04-01,West,P009,Sofa,Home & Living,2052,9
ORD782124,2025-06-14,South,P012,Engine Oil,Automotive,2037,9
ORD782125,2025-12-18,South,P003,Headphones,Electronics,407,6
ORD782126,2025-10-01,West,P002,Smartphone,Electronics,565,1
ORD782127,2025-12-30,West,P002,Smartphone,Electronics,2006,7
ORD782128,2025-12-03,East,P006,T-Shirt,Apparel,590,6
ORD782129,2025-01-25,East,P014,Shampoo,Health & Beauty,1011,7
ORD782130,2025-10-01,North,P008,Jacket,Apparel,726,2
ORD782131,2025-12-21,East,P008,Jacket,Apparel,436,2
ORD782132,2025-06-21,North,P010,Dining Table,Home & Living,586,3
ORD782133,2025-06-22,West,P006,T-Shirt,Apparel,2243,8
ORD782134,2025-09-25,West,P011,Car Seat,Automotive,1275,7
ORD782135,2025-10-01,East,P007,Jeans,Apparel,1971,6
ORD782136,2025-06-03,West,P011,Car Seat,Automotive,1341,6
ORD782137,2025-01-15,North,P007,Jeans,Apparel,1438,5
ORD782138,2025-11-07,East,P002,Smartphone,Electronics,335,4
ORD782139,2025-10-27,West,P009,Sofa,Home & Living,1575,7
ORD782140,2025-04-17,West,P002,Smartphone,Electronics,397,7
ORD782141,2025-06-15,North,P007,Jeans,Apparel,2274,4
ORD782142,2025-08-16,North,P014,Shampoo,Health & Beauty,2217,7
ORD782143,2025-01-19,West,P015,Other Product,Others,1568,3
ORD782144,2025-12-23,East,P009,Sofa,Home & Living,2175,1
ORD782145,2025-06-04,North,P009,Sofa,Home & Living,656,4
ORD782146,2025-04-30,South,P003,Headphones,Electronics,2271,2
ORD782147,2025-11-26,North,P012,Engine Oil,Automotive,325,6
ORD782148,2025-07-25,North,P009,Sofa,Home & Living,1027,5
ORD782149,2025-02-03,North,P005,Keyboard,Electronics,2215,4
ORD782150,2025-04-30,North,P012,Engine Oil,Automotive,1483,5
ORD782151,2025-10-02,East,P008,Jacket,Apparel,1284,6
ORD782152,2025-04-08,West,P015,Other Product,Others,431,5
ORD782153,2025-01-05,North,P002,Smartphone,Electronics,1147,2
ORD782154,2025-04-05,East,P011,Car Seat,Automotive,306,2
ORD782155,2025-03-06,West,P003,Headphones,Electronics,800,6
ORD782156,2025-11-21,South,P009,Sofa,Home & Living,541,1
ORD782157,2025-09-24,North,P010,Dining Table,Home & Living,156,6
ORD782158,2025-07-01,North,P006,T-Shirt,Apparel,1715,3
ORD782159,2025-10-02,South,P008,Jacket,Apparel,652,2
ORD782160,2025-06-02,South,P007,Jeans,Apparel,1645,3
ORD782161,2025-09-24,East,P011,Car Seat,Automotive,1706,1
ORD782162,2025-04-18,South,P003,Headphones,Electronics,400,1
ORD782163,2025-02-06,East,P005,Keyboard,Electronics,982,3
ORD782164,2025-05-25,North,P005,Keyboard,Electronics,388,7
ORD782165,2025-02-13,West,P011,Car Seat,Automotive,2173,2
ORD782166,2025-05-09,West,P012,Engine Oil,Automotive,2362,4
ORD782167,2025-03-12,South,P014,Shampoo,Health & Beauty,278,3
ORD782168,2025-01-03,North,P003,Headphones,Electronics,1112,4
ORD782169,2025-09-29,South,P001,Laptop,Electronics,1820,1
ORD782170,2025-02-09,South,P008,Jacket,Apparel,650,4
ORD782171,2025-05-25,South,P008,Jacket,Apparel,1655,7
ORD782172,2025-05-13,West,P011,Car Seat,Automotive,1695,9
ORD782173,2025-03-19,South,P014,Shampoo,Health & Beauty,552,7
ORD782174,2025-06-29,East,P007,Jeans,Apparel,313,6
ORD782175,2025-09-09,North,P007,Jeans,Apparel,1102,2
ORD782176,2025-04-25,North,P013,Face Cream,Health & Beauty,332,5
ORD782177,2025-12-16,West,P002,Smartphone,Electronics,735,1
ORD782178,2025-02-16,West,P006,T-Shirt,Apparel,1047,4
ORD782179,2025-11-29,North,P001,Laptop,Electronics,654,7
ORD782180,2025-05-13,South,P008,Jacket,Apparel,258,1
ORD782181,2025-05-30,North,P014,Shampoo,Health & Beauty,1488,5
ORD782182,2025-01-04,East,P009,Sofa,Home & Living,849,4
ORD782183,2025-02-23,East,P010,Dining Table,Home & Living,377,7
ORD782184,2025-12-11,West,P001,Laptop,Electronics,2452,8
ORD782185,2025-03-16,East,P007,Jeans,Apparel,1559,7
ORD782186,2025-06-24,North,P009,Sofa,Home & Living,1139,9
ORD782187,2025-02-12,North,P002,Smartphone,Electronics,156,2
ORD782188,2025-08-06,South,P007,Jeans,Apparel,2088,4
ORD782189,2025-02-26,South,P013,Face Cream,Health & Beauty,1143,2
ORD782190,2025-02-28,North,P006,T-Shirt,Apparel,401,6
ORD782191,2025-07-31,East,P006,T-Shirt,Apparel,747,2
ORD782192,2025-10-13,North,P004,Monitor,Electronics,1477,2
ORD782193,2025-12-05,North,P008,Jacket,Apparel,2103,8
ORD782194,2025-12-31,East,P012,Engine Oil,Automotive,1330,7
ORD782195,2025-08-04,South,P012,Engine Oil,Automotive,2071,4
ORD782196,2025-08-03,South,P015,Other Product,Others,1863,2
ORD782197,2025-08-19,West,P011,Car Seat,Automotive,1167,2
ORD782198,2025-10-11,North,P002,Smartphone,Electronics,1076,1
ORD782199,2025-12-22,South,P004,Monitor,Electronics,1487,8
ORD782200,2025-09-07,North,P003,Headphones,Electronics,403,6
ORD782201,2025-06-03,South,P003,Headphones,Electronics,1754,6
ORD782202,2025-04-27,West,P012,Engine Oil,Automotive,1314,7
ORD782203,2025-01-17,West,P014,Shampoo,Health & Beauty,173,7
ORD782204,2025-04-21,West,P005,Keyboard,Electronics,250,1
ORD782205,2025-06-21,West,P011,Car Seat,Automotive,983,7
ORD782206,2025-01-28,North,P014,Shampoo,Health & Beauty,2498,1
ORD782207,2025-04-15,West,P009,Sofa,Home & Living,2028,8
ORD782208,2025-12-27,West,P014,Shampoo,Health & Beauty,604,8
ORD782209,2025-11-30,East,P006,T-Shirt,Apparel,1205,6
ORD782210,2025-02-05,West,P012,Engine Oil,Automotive,375,3
ORD782211,2025-09-18,East,P014,Shampoo,Health & Beauty,2133,2
ORD782212,2025-05-06,South,P011,Car Seat,Automotive,985,4
ORD782213,2025-05-03,West,P002,Smartphone,Electronics,2026,5
ORD782214,2025-08-17,North,P003,Headphones,Electronics,2328,5
ORD782215,2025-08-13,West,P014,Shampoo,Health & Beauty,470,4
ORD782216,2025-09-10,North,P008,Jacket,Apparel,372,6
ORD782217,2025-08-30,South,P005,Keyboard,Electronics,1126,6
ORD782218,2025-07-14,East,P006,T-Shirt,Apparel,1169,5
ORD782219,2025-03-01,South,P015,Other Product,Others,723,9
ORD782220,2025-07-09,East,P013,Face Cream,Health & Beauty,2472,8
ORD782221,2025-03-15,West,P008,Jacket,Apparel,2006,5
ORD782222,2025-11-08,North,P003,Headphones,Electronics,1176,5
ORD782223,2025-07-13,South,P002,Smartphone,Electronics,894,8
ORD782224,2025-10-03,South,P009,Sofa,Home & Living,208,8
ORD782225,2025-06-10,North,P012,Engine Oil,Automotive,568,5
ORD782226,2025-08-02,North,P015,Other Product,Others,2151,8
ORD782227,2025-03-06,South,P005,Keyboard,Electronics,772,5
ORD782228,2025-03-23,South,P012,Engine Oil,Automotive,530,3
ORD782229,2025-10-08,North,P012,Engine Oil,Automotive,1340,5
ORD782230,2025-07-12,North,P004,Monitor,Electronics,159,4
ORD782231,2025-05-22,South,P012,Engine Oil,Automotive,194,2
ORD782232,2025-08-30,West,P003,Headphones,Electronics,653,7
ORD782233,2025-06-05,South,P005,Keyboard,Electronics,765,1
ORD782234,2025-04-16,East,P003,Headphones,Electronics,220,9
ORD782235,2025-11-09,South,P011,Car Seat,Automotive,1842,5
ORD782236,2025-01-06,West,P012,Engine Oil,Automotive,1366,9
ORD782237,2025-08-03,North,P002,Smartphone,Electronics,1445,6
ORD782238,2025-03-16,North,P005,Keyboard,Electronics,1696,6
ORD782239,2025-06-05,North,P004,Monitor,Electronics,1998,9
ORD782240,2025-06-29,West,P007,Jeans,Apparel,525,9
ORD782241,2025-12-03,East,P015,Other Product,Others,266,1
ORD782242,2025-03-26,West,P007,Jeans,Apparel,1464,7
ORD782243,2025-11-30,West,P013,Face Cream,Health & Beauty,298,6
ORD782244,2025-08-15,West,P010,Dining Table,Home & Living,1316,6
ORD782245,2025-05-25,North,P013,Face Cream,Health & Beauty,713,1
ORD782246,2025-05-04,North,P001,Laptop,Electronics,658,4
ORD782247,2025-08-12,South,P006,T-Shirt,Apparel,1365,8
ORD782248,2025-05-28,North,P010,Dining Table,Home & Living,1363,1
ORD782249,2025-02-15,North,P015,Other Product,Others,521,1
ORD782250,2025-10-26,East,P011,Car Seat,Automotive,1189,2
ORD782251,2025-07-26,South,P001,Laptop,Electronics,707,4
ORD782252,2025-05-02,West,P015,Other Product,Others,1661,8
ORD782253,2025-10-07,East,P004,Monitor,Electronics,1002,8
ORD782254,2025-01-18,South,P009,Sofa,Home & Living,1728,8
ORD782255,2025-05-16,South,P012,Engine Oil,Automotive,1481,1
ORD782256,2025-01-31,East,P010,Dining Table,Home & Living,1776,8
ORD782257,2025-09-07,East,P009,Sofa,Home & Living,2289,5
ORD782258,2025-01-25,South,P008,Jacket,Apparel,1472,3
ORD782259,2025-08-14,West,P004,Monitor,Electronics,2036,9
ORD782260,2025-03-31,South,P012,Engine Oil,Automotive,1768,8
ORD782261,2025-08-17,West,P002,Smartphone,Electronics,1932,3
ORD782262,2025-11-09,North,P003,Headphones,Electronics,855,9
ORD782263,2025-10-15,East,P013,Face Cream,Health & Beauty,1810,4
ORD782264,2025-09-28,North,P005,Keyboard,Electronics,1922,2
ORD782265,2025-09-15,East,P013,Face Cream,Health & Beauty,2185,5
ORD782266,2025-01-13,South,P003,Headphones,Electronics,778,7
ORD782267,2025-08-05,South,P015,Other Product,Others,1380,9
ORD782268,2025-01-10,West,P011,Car Seat,Automotive,2179,5
ORD782269,2025-12-30,South,P013,Face Cream,Health & Beauty,2033,1
ORD782270,2025-01-21,South,P008,Jacket,Apparel,1247,8
ORD782271,2025-05-27,South,P012,Engine Oil,Automotive,1665,5
ORD782272,2025-06-27,West,P008,Jacket,Apparel,282,5
ORD782273,2025-01-05,East,P006,T-Shirt,Apparel,622,2
ORD782274,2025-11-02,South,P014,Shampoo,Health & Beauty,2346,3
ORD782275,2025-05-09,North,P004,Monitor,Electronics,912,1
ORD782276,2025-04-17,West,P005,Keyboard,Electronics,1975,7
ORD782277,2025-03-25,North,P013,Face Cream,Health & Beauty,2168,9
ORD782278,2025-03-06,North,P003,Headphones,Electronics,2457,1
ORD782279,2025-08-11,West,P014,Shampoo,Health & Beauty,1223,3
ORD782280,2025-11-11,West,P004,Monitor,Electronics,1879,6
ORD782281,2025-09-26,West,P009,Sofa,Home & Living,1267,2
ORD782282,2025-03-09,South,P014,Shampoo,Health & Beauty,722,6
ORD782283,2025-06-28,East,P012,Engine Oil,Automotive,2438,2
ORD782284,2025-04-07,East,P008,Jacket,Apparel,1933,6
ORD782285,2025-02-24,West,P001,Laptop,Electronics,1589,5
ORD782286,2025-05-20,South,P005,Keyboard,Electronics,2027,3
ORD782287,2025-02-17,North,P011,Car Seat,Automotive,1667,7
ORD782288,2025-07-25,North,P001,Laptop,Electronics,1168,2
ORD782289,2025-12-16,East,P015,Other Product,Others,1716,8
ORD782290,2025-12-12,South,P002,Smartphone,Electronics,1491,8
ORD782291,2025-03-11,East,P014,Shampoo,Health & Beauty,2055,2
ORD782292,2025-09-14,South,P008,Jacket,Apparel,1435,9
ORD782293,2025-07-09,North,P007,Jeans,Apparel,1253,1
ORD782294,2025-08-04,South,P004,Monitor,Electronics,2407,7
ORD782295,2025-06-18,West,P009,Sofa,Home & Living,807,9
ORD782296,2025-09-21,East,P002,Smartphone,Electronics,151,7
ORD782297,2025-01-26,West,P003,Headphones,Electronics,1389,5
ORD782298,2025-03-17,North,P003,Headphones,Electronics,1694,4
ORD782299,2025-07-04,West,P015,Other Product,Others,780,4
ORD782300,2025-03-14,West,P001,Laptop,Electronics,2209,7
ORD782301,2025-05-14,North,P012,Engine Oil,Automotive,1201,5
ORD782302,2025-10-23,West,P010,Dining Table,Home & Living,205,1
ORD782303,2025-06-20,South,P011,Car Seat,Automotive,1955,9
ORD782304,2025-07-21,East,P007,Jeans,Apparel,1092,8
ORD782305,2025-10-21,South,P006,T-Shirt,Apparel,1096,5
ORD782306,2025-03-24,North,P001,Laptop,Electronics,2009,6
ORD782307,2025-11-08,West,P001,Laptop,Electronics,1080,6
ORD782308,2025-04-01,North,P015,Other Product,Others,832,8
ORD782309,2025-09-08,West,P008,Jacket,Apparel,456,8
ORD782310,2025-06-24,North,P002,Smartphone,Electronics,578,2
ORD782311,2025-12-02,North,P011,Car Seat,Automotive,545,7
ORD782312,2025-07-16,East,P003,Headphones,Electronics,330,7
ORD782313,2025-04-25,North,P014,Shampoo,Health & Beauty,1232,5
ORD782314,2025-01-10,East,P013,Face Cream,Health & Beauty,2379,5
ORD782315,2025-07-31,West,P008,Jacket,Apparel,995,8
ORD782316,2025-10-11,South,P001,Laptop,Electronics,770,5
ORD782317,2025-01-26,South,P002,Smartphone,Electronics,2423,6
ORD782318,2025-09-23,North,P005,Keyboard,Electronics,533,5
ORD782319,2025-08-17,North,P007,Jeans,Apparel,1708,2
ORD782320,2025-04-05,South,P003,Headphones,Electronics,1449,5
ORD782321,2025-01-16,South,P010,Dining Table,Home & Living,1942,3
ORD782322,2025-11-14,East,P004,Monitor,Electronics,1735,8
ORD782323,2025-11-28,North,P010,Dining Table,Home & Living,2035,1
ORD782324,2025-02-24,North,P010,Dining Table,Home & Living,694,4
ORD782325,2025-03-30,South,P015,Other Product,Others,838,5
ORD782326,2025-10-29,West,P001,Laptop,Electronics,1763,8
ORD782327,2025-07-19,West,P011,Car Seat,Automotive,1393,2
ORD782328,2025-09-21,East,P005,Keyboard,Electronics,1545,9
ORD782329,2025-08-03,North,P015,Other Product,Others,1415,3
ORD782330,2025-04-10,West,P002,Smartphone,Electronics,1793,9
ORD782331,2025-01-04,South,P003,Headphones,Electronics,2233,4
ORD782332,2025-03-05,North,P005,Keyboard,Electronics,553,7
ORD782333,2025-03-29,South,P003,Headphones,Electronics,2254,2
ORD782334,2025-12-06,North,P011,Car Seat,Automotive,1261,9
ORD782335,2025-07-28,North,P015,Other Product,Others,1960,3
ORD782336,2025-12-29,South,P003,Headphones,Electronics,1164,4
ORD782337,2025-09-07,East,P011,Car Seat,Automotive,1954,9
ORD782338,2025-06-27,East,P004,Monitor,Electronics,856,5
ORD782339,2025-01-31,East,P003,Headphones,Electronics,488,6
ORD782340,2025-08-12,East,P010,Dining Table,Home & Living,2417,2
ORD782341,2025-05-25,South,P009,Sofa,Home & Living,1322,7
ORD782342,2025-04-06,North,P012,Engine Oil,Automotive,2118,7
ORD782343,2025-06-23,West,P015,Other Product,Others,1448,8
ORD782344,2025-12-21,West,P011,Car Seat,Automotive,1070,4
ORD782345,2025-06-21,North,P002,Smartphone,Electronics,2101,2
ORD782346,2025-03-29,South,P010,Dining Table,Home & Living,769,1
ORD782347,2025-09-22,North,P003,Headphones,Electronics,2407,3
ORD782348,2025-09-17,East,P001,Laptop,Electronics,2006,9
ORD782349,2025-04-24,West,P003,Headphones,Electronics,1986,2
ORD782350,2025-05-26,South,P015,Other Product,Others,2325,8
ORD782351,2025-01-02,West,P014,Shampoo,Health & Beauty,1607,2
ORD782352,2025-11-04,East,P005,Keyboard,Electronics,581,8
ORD782353,2025-03-09,West,P006,T-Shirt,Apparel,1478,6
ORD782354,2025-04-17,South,P007,Jeans,Apparel,2414,4
ORD782355,2025-12-06,South,P004,Monitor,Electronics,2414,6
ORD782356,2025-10-04,South,P014,Shampoo,Health & Beauty,2074,2
ORD782357,2025-03-29,South,P007,Jeans,Apparel,2366,1
ORD782358,2025-03-11,North,P001,Laptop,Electronics,1109,9
ORD782359,2025-06-29,West,P007,Jeans,Apparel,2011,8
ORD782360,2025-05-30,East,P015,Other Product,Others,2193,4
ORD782361,2025-01-15,North,P005,Keyboard,Electronics,2415,4
ORD782362,2025-07-24,North,P011,Car Seat,Automotive,1730,9
ORD782363,2025-01-22,East,P004,Monitor,Electronics,802,2
ORD782364,2025-10-12,North,P001,Laptop,Electronics,1047,1
ORD782365,2025-07-17,West,P013,Face Cream,Health & Beauty,1906,5
ORD782366,2025-12-12,North,P013,Face Cream,Health & Beauty,1375,7
ORD782367,2025-07-25,South,P004,Monitor,Electronics,1444,8
ORD782368,2025-01-24,East,P010,Dining Table,Home & Living,420,6
ORD782369,2025-01-28,East,P015,Other Product,Others,178,4
ORD782370,2025-04-19,East,P012,Engine Oil,Automotive,2345,7
ORD782371,2025-02-16,South,P005,Keyboard,Electronics,344,8
ORD782372,2025-08-19,South,P010,Dining Table,Home & Living,500,2
ORD782373,2025-03-23,North,P011,Car Seat,Automotive,371,6
ORD782374,2025-01-07,South,P003,Headphones,Electronics,2383,7
ORD782375,2025-04-12,West,P004,Monitor,Electronics,670,4
ORD782376,2025-05-21,East,P004,Monitor,Electronics,2046,3
ORD782377,2025-02-08,West,P005,Keyboard,Electronics,399,2
ORD782378,2025-02-17,East,P012,Engine Oil,Automotive,2395,5
ORD782379,2025-10-29,West,P015,Other Product,Others,2140,3
ORD782380,2025-02-06,North,P002,Smartphone,Electronics,1881,7
ORD782381,2025-12-13,North,P015,Other Product,Others,1123,8
ORD782382,2025-12-11,West,P012,Engine Oil,Automotive,767,2
ORD782383,2025-02-02,West,P009,Sofa,Home & Living,2007,5
ORD782384,2025-09-25,West,P012,Engine Oil,Automotive,893,1
ORD782385,2025-01-04,East,P005,Keyboard,Electronics,506,5
ORD782386,2025-09-26,South,P007,Jeans,Apparel,648,8
ORD782387,2025-11-29,West,P002,Smartphone,Electronics,1294,9
ORD782388,2025-05-27,South,P004,Monitor,Electronics,976,8
ORD782389,2025-12-30,North,P006,T-Shirt,Apparel,2413,1
ORD782390,2025-05-18,North,P013,Face Cream,Health & Beauty,1004,9
ORD782391,2025-03-23,North,P006,T-Shirt,Apparel,578,8
ORD782392,2025-04-29,North,P009,Sofa,Home & Living,1474,6
ORD782393,2025-02-01,West,P009,Sofa,Home & Living,584,9
ORD782394,2025-06-23,North,P004,Monitor,Electronics,1730,6
ORD782395,2025-08-02,South,P010,Dining Table,Home & Living,238,4
ORD782396,2025-05-21,West,P011,Car Seat,Automotive,2434,8
ORD782397,2025-08-03,East,P006,T-Shirt,Apparel,919,3
ORD782398,2025-03-27,West,P011,Car Seat,Automotive,123,6
ORD782399,2025-08-03,North,P007,Jeans,Apparel,1829,5
ORD782400,2025-01-30,East,P008,Jacket,Apparel,1031,6
ORD782401,2025-07-22,South,P012,Engine Oil,Automotive,1021,6
ORD782402,2025-05-09,North,P009,Sofa,Home & Living,706,7
ORD782403,2025-04-14,North,P015,Other Product,Others,1256,3
ORD782404,2025-05-26,East,P009,Sofa,Home & Living,725,7
ORD782405,2025-01-22,West,P010,Dining Table,Home & Living,1985,1
ORD782406,2025-11-28,South,P008,Jacket,Apparel,1762,4
ORD782407,2025-10-23,East,P005,Keyboard,Electronics,1460,2
ORD782408,2025-09-27,North,P011,Car Seat,Automotive,1484,3
ORD782409,2025-06-03,West,P002,Smartphone,Electronics,565,2
ORD782410,2025-03-30,West,P002,Smartphone,Electronics,1343,9
ORD782411,2025-07-24,North,P002,Smartphone,Electronics,1976,7
ORD782412,2025-07-06,North,P011,Car Seat,Automotive,880,8
ORD782413,2025-04-16,South,P015,Other Product,Others,1135,6
ORD782414,2025-02-03,West,P010,Dining Table,Home & Living,362,9
ORD782415,2025-12-02,North,P004,Monitor,Electronics,489,9
ORD782416,2025-05-24,South,P007,Jeans,Apparel,161,7
ORD782417,2025-10-17,East,P002,Smartphone,Electronics,2086,4
ORD782418,2025-12-30,West,P009,Sofa,Home & Living,2064,6
ORD782419,2025-02-14,East,P005,Keyboard,Electronics,1393,5
ORD782420,2025-09-10,North,P010,Dining Table,Home & Living,1946,9
ORD782421,2025-01-04,West,P008,Jacket,Apparel,230,9
ORD782422,2025-01-18,South,P011,Car Seat,Automotive,1146,8
ORD782423,2025-05-18,South,P005,Keyboard,Electronics,1071,3
ORD782424,2025-10-31,North,P005,Keyboard,Electronics,2416,2
ORD782425,2025-08-24,East,P004,Monitor,Electronics,964,4
ORD782426,2025-05-31,South,P002,Smartphone,Electronics,1210,3
ORD782427,2025-03-20,South,P005,Keyboard,Electronics,2317,6
ORD782428,2025-12-31,East,P001,Laptop,Electronics,1128,6
ORD782429,2025-02-12,South,P008,Jacket,Apparel,1777,6
ORD782430,2025-04-23,West,P003,Headphones,Electronics,2376,6
ORD782431,2025-04-07,South,P008,Jacket,Apparel,618,8
ORD782432,2025-06-17,East,P013,Face Cream,Health & Beauty,2166,9
ORD782433,2025-06-10,North,P012,Engine Oil,Automotive,192,8
ORD782434,2025-11-26,South,P002,Smartphone,Electronics,1099,2
ORD782435,2025-07-02,South,P014,Shampoo,Health & Beauty,960,5
ORD782436,2025-12-07,East,P003,Headphones,Electronics,1376,4
ORD782437,2025-12-15,North,P008,Jacket,Apparel,1131,4
ORD782438,2025-04-17,North,P015,Other Product,Others,580,7
ORD782439,2025-04-12,North,P004,Monitor,Electronics,1036,1
ORD782440,2025-04-12,South,P014,Shampoo,Health & Beauty,1378,7
ORD782441,2025-11-23,North,P007,Jeans,Apparel,639,1
ORD782442,2025-08-09,South,P008,Jacket,Apparel,886,4
ORD782443,2025-08-02,South,P005,Keyboard,Electronics,1725,3
ORD782444,2025-09-26,North,P008,Jacket,Apparel,133,4
ORD782445,2025-02-22,South,P001,Laptop,Electronics,2294,9
ORD782446,2025-06-03,East,P014,Shampoo,Health & Beauty,1716,7
ORD782447,2025-03-14,North,P007,Jeans,Apparel,529,4
ORD782448,2025-05-04,North,P007,Jeans,Apparel,1041,8
ORD782449,2025-03-06,West,P009,Sofa,Home & Living,2389,6
ORD782450,2025-11-27,South,P004,Monitor,Electronics,1847,6
ORD782451,2025-06-06,South,P010,Dining Table,Home & Living,2292,7
ORD782452,2025-05-25,North,P011,Car Seat,Automotive,1064,6
ORD782453,2025-04-22,North,P006,T-Shirt,Apparel,319,2
ORD782454,2025-08-31,South,P003,Headphones,Electronics,371,1
ORD782455,2025-12-20,West,P013,Face Cream,Health & Beauty,274,3
ORD782456,2025-09-10,North,P011,Car Seat,Automotive,2322,7
ORD782457,2025-06-21,East,P008,Jacket,Apparel,1461,6
ORD782458,2025-04-01,North,P013,Face Cream,Health & Beauty,2136,5
ORD782459,2025-03-13,South,P015,Other Product,Others,224,7
ORD782460,2025-12-31,West,P004,Monitor,Electronics,368,3
ORD782461,2025-07-20,North,P006,T-Shirt,Apparel,1577,9
ORD782462,2025-09-22,South,P009,Sofa,Home & Living,508,2
ORD782463,2025-04-10,West,P011,Car Seat,Automotive,2214,1
ORD782464,2025-05-25,East,P013,Face Cream,Health & Beauty,997,7
ORD782465,2025-02-24,North,P008,Jacket,Apparel,2123,7
ORD782466,2025-12-30,West,P012,Engine Oil,Automotive,797,9
ORD782467,2025-06-16,East,P015,Other Product,Others,1730,6
ORD782468,2025-02-20,West,P015,Other Product,Others,1483,9
ORD782469,2025-05-30,North,P005,Keyboard,Electronics,2454,3
ORD782470,2025-12-02,South,P015,Other Product,Others,1616,4
ORD782471,2025-11-24,North,P006,T-Shirt,Apparel,2084,1
ORD782472,2025-11-28,North,P012,Engine Oil,Automotive,613,7
ORD782473,2025-10-12,West,P012,Engine Oil,Automotive,908,6
ORD782474,2025-06-09,North,P014,Shampoo,Health & Beauty,1884,1
ORD782475,2025-04-28,South,P014,Shampoo,Health & Beauty,1872,4
ORD782476,2025-10-15,West,P004,Monitor,Electronics,316,1
ORD782477,2025-12-12,North,P007,Jeans,Apparel,506,1
ORD782478,2025-04-07,South,P006,T-Shirt,Apparel,2357,5
ORD782479,2025-12-14,East,P002,Smartphone,Electronics,1536,3
ORD782480,2025-06-03,South,P009,Sofa,Home & Living,342,5
ORD782481,2025-08-12,South,P005,Keyboard,Electronics,2258,6
ORD782482,2025-11-20,South,P007,Jeans,Apparel,640,4
ORD782483,2025-12-20,South,P006,T-Shirt,Apparel,888,3
ORD782484,2025-06-27,East,P003,Headphones,Electronics,181,2
ORD782485,2025-04-23,North,P003,Headphones,Electronics,924,8
ORD782486,2025-12-03,North,P013,Face Cream,Health & Beauty,517,8
ORD782487,2025-01-05,South,P001,Laptop,Electronics,2325,7
ORD782488,2025-04-23,North,P001,Laptop,Electronics,753,4
ORD782489,2025-01-20,North,P010,Dining Table,Home & Living,2015,5
ORD782490,2025-09-25,West,P010,Dining Table,Home & Living,2242,1
ORD782491,2025-02-27,South,P002,Smartphone,Electronics,2140,8
ORD782492,2025-03-25,South,P009,Sofa,Home & Living,2190,3
ORD782493,2025-10-28,North,P005,Keyboard,Electronics,1170,8
ORD782494,2025-03-18,South,P011,Car Seat,Automotive,1536,2
ORD782495,2025-10-07,North,P002,Smartphone,Electronics,2387,9
ORD782496,2025-11-05,North,P007,Jeans,Apparel,2485,1
ORD782497,2025-08-22,East,P011,Car Seat,Automotive,1662,8
ORD782498,2025-08-24,West,P005,Keyboard,Electronics,795,8
ORD782499,2025-02-22,South,P007,Jeans,Apparel,718,8
ORD782500,2025-04-23,North,P001,Laptop,Electronics,1656,8
ORD782501,2025-01-14,West,P006,T-Shirt,Apparel,1061,1
ORD782502,2025-11-01,South,P010,Dining Table,Home & Living,220,6
ORD782503,2025-07-17,South,P002,Smartphone,Electronics,596,7
ORD782504,2025-08-26,South,P015,Other Product,Others,861,1
ORD782505,2025-06-25,West,P015,Other Product,Others,740,2
ORD782506,2025-03-13,East,P013,Face Cream,Health & Beauty,127,3
ORD782507,2025-08-01,North,P004,Monitor,Electronics,429,2
ORD782508,2025-10-21,East,P015,Other Product,Others,793,2
ORD782509,2025-07-10,South,P007,Jeans,Apparel,1131,3
ORD782510,2025-01-23,East,P002,Smartphone,Electronics,820,9
ORD782511,2025-11-29,East,P007,Jeans,Apparel,469,7
ORD782512,2025-11-16,West,P014,Shampoo,Health & Beauty,782,6
ORD782513,2025-06-23,South,P012,Engine Oil,Automotive,1200,4
ORD782514,2025-10-11,West,P004,Monitor,Electronics,630,8
ORD782515,2025-01-16,North,P003,Headphones,Electronics,2291,2
ORD782516,2025-10-13,South,P003,Headphones,Electronics,944,8
ORD782517,2025-02-03,North,P002,Smartphone,Electronics,1700,9
ORD782518,2025-02-01,North,P002,Smartphone,Electronics,126,6
ORD782519,2025-03-20,North,P009,Sofa,Home & Living,834,5
ORD782520,2025-04-13,North,P005,Keyboard,Electronics,1914,9
ORD782521,2025-12-22,East,P002,Smartphone,Electronics,347,3
ORD782522,2025-04-28,South,P006,T-Shirt,Apparel,925,7
ORD782523,2025-01-17,South,P003,Headphones,Electronics,828,3
ORD782524,2025-11-01,South,P008,Jacket,Apparel,1052,2
ORD782525,2025-08-24,East,P013,Face Cream,Health & Beauty,1099,4
ORD782526,2025-05-06,East,P014,Shampoo,Health & Beauty,2026,6
ORD782527,2025-12-25,South,P003,Headphones,Electronics,770,9
ORD782528,2025-02-06,West,P002,Smartphone,Electronics,1580,3
ORD782529,2025-06-08,West,P004,Monitor,Electronics,1895,2
ORD782530,2025-05-10,North,P006,T-Shirt,Apparel,1608,5
ORD782531,2025-09-23,North,P011,Car Seat,Automotive,130,4
ORD782532,2025-01-18,North,P005,Keyboard,Electronics,674,6
ORD782533,2025-05-21,West,P013,Face Cream,Health & Beauty,2269,2
ORD782534,2025-10-27,West,P004,Monitor,Electronics,1035,8
ORD782535,2025-01-06,West,P011,Car Seat,Automotive,1889,5
ORD782536,2025-01-13,South,P001,Laptop,Electronics,969,3
ORD782537,2025-01-18,West,P011,Car Seat,Automotive,1538,8
ORD782538,2025-12-05,East,P008,Jacket,Apparel,1645,1
ORD782539,2025-05-05,West,P009,Sofa,Home & Living,2332,7
ORD782540,2025-04-26,South,P008,Jacket,Apparel,2207,5
ORD782541,2025-06-13,East,P012,Engine Oil,Automotive,2080,4
ORD782542,2025-07-29,North,P015,Other Product,Others,491,7
ORD782543,2025-11-28,South,P005,Keyboard,Electronics,2437,7
ORD782544,2025-03-21,West,P013,Face Cream,Health & Beauty,886,5
ORD782545,2025-03-28,South,P009,Sofa,Home & Living,935,6
ORD782546,2025-12-04,North,P009,Sofa,Home & Living,776,2
ORD782547,2025-04-17,North,P004,Monitor,Electronics,145,7
ORD782548,2025-08-14,West,P010,Dining Table,Home & Living,2205,1
ORD782549,2025-04-30,West,P007,Jeans,Apparel,2184,3
ORD782550,2025-02-26,South,P007,Jeans,Apparel,1661,8
ORD782551,2025-03-21,North,P012,Engine Oil,Automotive,313,5
ORD782552,2025-06-30,West,P006,T-Shirt,Apparel,1614,3
ORD782553,2025-12-28,South,P004,Monitor,Electronics,368,4
ORD782554,2025-10-18,East,P004,Monitor,Electronics,1051,9
ORD782555,2025-05-13,North,P010,Dining Table,Home & Living,890,3
ORD782556,2025-08-14,North,P013,Face Cream,Health & Beauty,1713,3
ORD782557,2025-06-03,South,P001,Laptop,Electronics,1419,3
ORD782558,2025-09-15,South,P006,T-Shirt,Apparel,1116,5
ORD782559,2025-01-12,South,P008,Jacket,Apparel,1042,6
ORD782560,2025-01-30,East,P002,Smartphone,Electronics,1243,6
ORD782561,2025-07-24,West,P014,Shampoo,Health & Beauty,998,9
ORD782562,2025-07-10,East,P006,T-Shirt,Apparel,429,1
ORD782563,2025-01-15,North,P012,Engine Oil,Automotive,2060,4
ORD782564,2025-08-23,West,P007,Jeans,Apparel,2247,2
ORD782565,2025-09-13,East,P008,Jacket,Apparel,1582,1
ORD782566,2025-11-08,South,P011,Car Seat,Automotive,1176,7
ORD782567,2025-10-13,South,P006,T-Shirt,Apparel,526,4
ORD782568,2025-01-27,North,P011,Car Seat,Automotive,1063,7
ORD782569,2025-09-03,South,P002,Smartphone,Electronics,2201,4
ORD782570,2025-08-03,North,P003,Headphones,Electronics,2009,9
ORD782571,2025-05-14,South,P005,Keyboard,Electronics,1970,7
ORD782572,2025-04-04,North,P007,Jeans,Apparel,1780,4
ORD782573,2025-10-02,North,P008,Jacket,Apparel,273,7
ORD782574,2025-02-28,South,P001,Laptop,Electronics,2226,8
ORD782575,2025-12-20,South,P011,Car Seat,Automotive,1767,4
ORD782576,2025-07-01,North,P007,Jeans,Apparel,1236,5
ORD782577,2025-03-12,North,P010,Dining Table,Home & Living,691,6
ORD782578,2025-05-17,West,P008,Jacket,Apparel,292,2
ORD782579,2025-02-24,East,P008,Jacket,Apparel,2008,4
ORD782580,2025-09-26,West,P007,Jeans,Apparel,1172,5
ORD782581,2025-08-17,West,P007,Jeans,Apparel,1529,2
ORD782582,2025-08-14,South,P003,Headphones,Electronics,485,5
ORD782583,2025-11-13,North,P008,Jacket,Apparel,2414,4
ORD782584,2025-05-06,South,P014,Shampoo,Health & Beauty,2017,1
ORD782585,2025-12-21,West,P009,Sofa,Home & Living,864,5
ORD782586,2025-03-26,South,P012,Engine Oil,Automotive,834,6
ORD782587,2025-01-02,South,P008,Jacket,Apparel,864,7
ORD782588,2025-10-10,North,P009,Sofa,Home & Living,1288,6
ORD782589,2025-03-17,South,P010,Dining Table,Home & Living,101,8
ORD782590,2025-06-07,East,P015,Other Product,Others,1865,7
ORD782591,2025-12-20,West,P009,Sofa,Home & Living,1388,7
ORD782592,2025-07-04,South,P006,T-Shirt,Apparel,274,1
ORD782593,2025-05-09,North,P009,Sofa,Home & Living,266,3
ORD782594,2025-10-15,North,P006,T-Shirt,Apparel,625,9
ORD782595,2025-09-10,West,P007,Jeans,Apparel,876,3
ORD782596,2025-06-15,East,P006,T-Shirt,Apparel,654,7
ORD782597,2025-03-05,West,P006,T-Shirt,Apparel,304,3
ORD782598,2025-10-15,West,P010,Dining Table,Home & Living,1382,8
ORD782599,2025-06-24,North,P015,Other Product,Others,786,8
ORD782600,2025-05-27,East,P014,Shampoo,Health & Beauty,839,2
ORD782601,2025-06-07,East,P004,Monitor,Electronics,1537,9
ORD782602,2025-08-05,East,P001,Laptop,Electronics,1265,8
ORD782603,2025-11-17,East,P004,Monitor,Electronics,2073,7
ORD782604,2025-10-16,North,P001,Laptop,Electronics,1031,9
ORD782605,2025-05-14,North,P001,Laptop,Electronics,2231,4
ORD782606,2025-10-05,North,P008,Jacket,Apparel,601,8
ORD782607,2025-02-12,South,P007,Jeans,Apparel,1564,7
ORD782608,2025-05-09,East,P003,Headphones,Electronics,1583,9
ORD782609,2025-09-07,North,P008,Jacket,Apparel,2366,9
ORD782610,2025-08-28,East,P001,Laptop,Electronics,1844,5
ORD782611,2025-07-14,North,P014,Shampoo,Health & Beauty,1096,5
ORD782612,2025-06-13,East,P002,Smartphone,Electronics,576,8
ORD782613,2025-05-25,West,P012,Engine Oil,Automotive,1949,9
ORD782614,2025-08-12,South,P004,Monitor,Electronics,559,2
ORD782615,2025-01-29,South,P014,Shampoo,Health & Beauty,1514,6
ORD782616,2025-12-16,East,P004,Monitor,Electronics,832,8
ORD782617,2025-11-07,West,P011,Car Seat,Automotive,354,5
ORD782618,2025-05-09,East,P013,Face Cream,Health & Beauty,574,6
ORD782619,2025-06-02,South,P010,Dining Table,Home & Living,1066,2
ORD782620,2025-07-30,East,P005,Keyboard,Electronics,918,8
ORD782621,2025-10-03,North,P010,Dining Table,Home & Living,1938,4
ORD782622,2025-01-07,North,P009,Sofa,Home & Living,1658,1
ORD782623,2025-06-29,North,P015,Other Product,Others,758,6
ORD782624,2025-01-01,North,P014,Shampoo,Health & Beauty,2140,8
ORD782625,2025-10-20,North,P004,Monitor,Electronics,1834,3
ORD782626,2025-07-08,North,P008,Jacket,Apparel,2476,5
ORD782627,2025-01-29,North,P014,Shampoo,Health & Beauty,1218,2
ORD782628,2025-03-29,East,P013,Face Cream,Health & Beauty,283,1
ORD782629,2025-07-21,South,P005,Keyboard,Electronics,978,6
ORD782630,2025-05-13,West,P003,Headphones,Electronics,1461,1
ORD782631,2025-01-03,West,P012,Engine Oil,Automotive,2328,2
ORD782632,2025-06-03,North,P010,Dining Table,Home & Living,1349,1
ORD782633,2025-05-26,North,P008,Jacket,Apparel,1877,7
ORD782634,2025-07-12,North,P007,Jeans,Apparel,1364,6
ORD782635,2025-04-12,South,P002,Smartphone,Electronics,2384,5
ORD782636,2025-01-02,South,P005,Keyboard,Electronics,1786,4
ORD782637,2025-04-06,South,P009,Sofa,Home & Living,883,9
ORD782638,2025-05-18,South,P002,Smartphone,Electronics,2294,1
ORD782639,2025-02-01,East,P001,Laptop,Electronics,589,7
ORD782640,2025-09-05,West,P002,Smartphone,Electronics,1860,5
ORD782641,2025-07-17,East,P002,Smartphone,Electronics,346,6
ORD782642,2025-11-22,South,P001,Laptop,Electronics,1538,7
ORD782643,2025-11-20,North,P003,Headphones,Electronics,330,6
ORD782644,2025-04-25,West,P011,Car Seat,Automotive,1563,1
ORD782645,2025-04-22,West,P004,Monitor,Electronics,1908,2
ORD782646,2025-05-03,North,P005,Keyboard,Electronics,2323,3
ORD782647,2025-02-16,South,P004,Monitor,Electronics,1973,3
ORD782648,2025-11-08,North,P011,Car Seat,Automotive,2190,8
ORD782649,2025-05-31,South,P013,Face Cream,Health & Beauty,696,2
ORD782650,2025-03-11,West,P014,Shampoo,Health & Beauty,277,8
ORD782651,2025-01-31,North,P013,Face Cream,Health & Beauty,443,8
ORD782652,2025-12-07,North,P012,Engine Oil,Automotive,254,1
ORD782653,2025-03-07,East,P009,Sofa,Home & Living,504,8
ORD782654,2025-08-19,North,P006,T-Shirt,Apparel,496,7
ORD782655,2025-10-12,South,P015,Other Product,Others,881,2
ORD782656,2025-12-19,West,P008,Jacket,Apparel,1011,1
ORD782657,2025-04-22,South,P009,Sofa,Home & Living,1481,5
ORD782658,2025-12-18,South,P013,Face Cream,Health & Beauty,1800,2
ORD782659,2025-04-23,South,P003,Headphones,Electronics,1286,4
ORD782660,2025-08-07,West,P009,Sofa,Home & Living,1219,8
ORD782661,2025-09-23,North,P005,Keyboard,Electronics,1604,1
ORD782662,2025-05-23,South,P005,Keyboard,Electronics,2236,6
ORD782663,2025-03-25,North,P014,Shampoo,Health & Beauty,2365,9
ORD782664,2025-07-07,West,P007,Jeans,Apparel,2124,5
ORD782665,2025-04-20,South,P015,Other Product,Others,517,3
ORD782666,2025-08-03,East,P004,Monitor,Electronics,830,9
ORD782667,2025-05-04,North,P014,Shampoo,Health & Beauty,908,2
ORD782668,2025-08-06,West,P014,Shampoo,Health & Beauty,213,1
ORD782669,2025-01-28,West,P014,Shampoo,Health & Beauty,650,1
ORD782670,2025-04-12,West,P002,Smartphone,Electronics,1870,2
ORD782671,2025-10-22,North,P004,Monitor,Electronics,2070,9
ORD782672,2025-03-08,East,P002,Smartphone,Electronics,2266,6
ORD782673,2025-10-05,West,P014,Shampoo,Health & Beauty,967,2
ORD782674,2025-06-27,West,P010,Dining Table,Home & Living,1367,8
ORD782675,2025-02-06,South,P009,Sofa,Home & Living,1894,8
ORD782676,2025-11-28,North,P002,Smartphone,Electronics,1222,8
ORD782677,2025-10-14,South,P014,Shampoo,Health & Beauty,2282,9
ORD782678,2025-07-22,North,P004,Monitor,Electronics,321,9
ORD782679,2025-12-14,West,P009,Sofa,Home & Living,2086,5
ORD782680,2025-10-25,West,P007,Jeans,Apparel,250,7
ORD782681,2025-08-15,East,P009,Sofa,Home & Living,1534,8
ORD782682,2025-06-30,West,P009,Sofa,Home & Living,312,8
ORD782683,2025-05-02,East,P007,Jeans,Apparel,387,2
ORD782684,2025-10-01,West,P008,Jacket,Apparel,131,7
ORD782685,2025-12-11,North,P008,Jacket,Apparel,1028,5
ORD782686,2025-12-27,North,P002,Smartphone,Electronics,2230,1
ORD782687,2025-08-01,West,P012,Engine Oil,Automotive,832,1
ORD782688,2025-02-07,West,P002,Smartphone,Electronics,951,8
ORD782689,2025-07-12,West,P008,Jacket,Apparel,1460,5
ORD782690,2025-10-25,South,P014,Shampoo,Health & Beauty,1983,7
ORD782691,2025-09-06,East,P009,Sofa,Home & Living,218,6
ORD782692,2025-11-15,North,P009,Sofa,Home & Living,2365,3
ORD782693,2025-05-26,West,P014,Shampoo,Health & Beauty,635,5
ORD782694,2025-01-08,South,P005,Keyboard,Electronics,164,9
ORD782695,2025-10-18,West,P005,Keyboard,Electronics,2231,8
ORD782696,2025-07-13,East,P014,Shampoo,Health & Beauty,925,9
ORD782697,2025-01-20,West,P001,Laptop,Electronics,2334,8
ORD782698,2025-07-19,South,P002,Smartphone,Electronics,635,9
ORD782699,2025-10-12,West,P008,Jacket,Apparel,1157,4
ORD782700,2025-06-25,West,P015,Other Product,Others,1868,6
ORD782701,2025-06-03,South,P006,T-Shirt,Apparel,1700,6
ORD782702,2025-05-29,East,P014,Shampoo,Health & Beauty,1105,1
ORD782703,2025-02-09,East,P003,Headphones,Electronics,2453,7
ORD782704,2025-05-13,North,P013,Face Cream,Health & Beauty,1319,8
ORD782705,2025-05-21,West,P005,Keyboard,Electronics,2280,7
ORD782706,2025-03-27,South,P009,Sofa,Home & Living,2059,7
ORD782707,2025-12-14,South,P011,Car Seat,Automotive,1905,4
ORD782708,2025-02-04,West,P006,T-Shirt,Apparel,1435,1
ORD782709,2025-10-06,South,P015,Other Product,Others,1830,9
ORD782710,2025-06-30,West,P006,T-Shirt,Apparel,415,7
ORD782711,2025-05-07,East,P013,Face Cream,Health & Beauty,1437,3
ORD782712,2025-11-23,North,P001,Laptop,Electronics,2261,9
ORD782713,2025-05-08,North,P006,T-Shirt,Apparel,573,5
ORD782714,2025-06-22,North,P002,Smartphone,Electronics,861,5
ORD782715,2025-09-28,South,P015,Other Product,Others,2166,4
ORD782716,2025-01-24,North,P005,Keyboard,Electronics,1116,4
ORD782717,2025-03-10,West,P013,Face Cream,Health & Beauty,310,7
ORD782718,2025-11-18,West,P004,Monitor,Electronics,1949,3
ORD782719,2025-10-13,South,P008,Jacket,Apparel,435,8
ORD782720,2025-06-29,West,P012,Engine Oil,Automotive,251,7
ORD782721,2025-05-10,West,P004,Monitor,Electronics,1372,7
ORD782722,2025-04-17,South,P015,Other Product,Others,615,4
ORD782723,2025-11-06,North,P004,Monitor,Electronics,1283,8
ORD782724,2025-07-09,West,P003,Headphones,Electronics,237,4
ORD782725,2025-03-17,East,P007,Jeans,Apparel,1322,1
ORD782726,2025-07-14,South,P009,Sofa,Home & Living,544,7
ORD782727,2025-05-09,South,P013,Face Cream,Health & Beauty,1994,9
ORD782728,2025-05-27,South,P006,T-Shirt,Apparel,450,2
ORD782729,2025-06-15,South,P009,Sofa,Home & Living,2401,9
ORD782730,2025-01-16,East,P009,Sofa,Home & Living,2487,1
ORD782731,2025-02-21,North,P013,Face Cream,Health & Beauty,1190,2
ORD782732,2025-06-18,East,P004,Monitor,Electronics,1171,1
ORD782733,2025-03-09,East,P001,Laptop,Electronics,2487,2
ORD782734,2025-07-16,South,P015,Other Product,Others,464,8
ORD782735,2025-11-01,East,P015,Other Product,Others,597,2
ORD782736,2025-04-05,South,P007,Jeans,Apparel,2360,9
ORD782737,2025-11-06,South,P014,Shampoo,Health & Beauty,1639,7
ORD782738,2025-07-24,East,P006,T-Shirt,Apparel,1855,5
ORD782739,2025-08-22,North,P001,Laptop,Electronics,1919,6
ORD782740,2025-12-19,East,P006,T-Shirt,Apparel,301,2
ORD782741,2025-08-21,West,P013,Face Cream,Health & Beauty,1539,1
ORD782742,2025-09-09,West,P013,Face Cream,Health & Beauty,720,8
ORD782743,2025-01-18,South,P001,Laptop,Electronics,1564,4
ORD782744,2025-04-22,East,P006,T-Shirt,Apparel,1632,9
ORD782745,2025-06-03,North,P009,Sofa,Home & Living,214,1
ORD782746,2025-10-04,East,P015,Other Product,Others,965,5
ORD782747,2025-06-14,North,P009,Sofa,Home & Living,1785,9
ORD782748,2025-01-17,North,P001,Laptop,Electronics,1252,5
ORD782749,2025-12-18,South,P011,Car Seat,Automotive,317,1
ORD782750,2025-11-14,South,P012,Engine Oil,Automotive,137,5
ORD782751,2025-06-10,South,P010,Dining Table,Home & Living,2181,2
ORD782752,2025-07-27,West,P015,Other Product,Others,1842,7
ORD782753,2025-05-18,North,P009,Sofa,Home & Living,1874,4
ORD782754,2025-06-06,West,P003,Headphones,Electronics,2331,3
ORD782755,2025-02-02,West,P007,Jeans,Apparel,784,9
ORD782756,2025-01-23,South,P002,Smartphone,Electronics,1619,7
ORD782757,2025-07-07,East,P008,Jacket,Apparel,2231,1
ORD782758,2025-07-07,East,P015,Other Product,Others,2205,6
ORD782759,2025-01-28,West,P014,Shampoo,Health & Beauty,515,6
ORD782760,2025-07-19,West,P011,Car Seat,Automotive,1777,9
ORD782761,2025-05-30,West,P009,Sofa,Home & Living,1784,8
ORD782762,2025-02-02,East,P011,Car Seat,Automotive,504,9
ORD782763,2025-09-04,South,P002,Smartphone,Electronics,637,6
ORD782764,2025-04-10,West,P012,Engine Oil,Automotive,1847,9
ORD782765,2025-12-03,South,P014,Shampoo,Health & Beauty,1056,6
ORD782766,2025-11-30,South,P005,Keyboard,Electronics,1488,4
ORD782767,2025-12-13,West,P015,Other Product,Others,2057,1
ORD782768,2025-12-03,South,P013,Face Cream,Health & Beauty,2473,7
ORD782769,2025-08-16,South,P004,Monitor,Electronics,2087,7
ORD782770,2025-06-18,South,P004,Monitor,Electronics,326,9
ORD782771,2025-04-05,South,P003,Headphones,Electronics,2281,2
ORD782772,2025-03-14,West,P003,Headphones,Electronics,2213,1
ORD782773,2025-09-28,North,P004,Monitor,Electronics,567,5
ORD782774,2025-10-28,South,P003,Headphones,Electronics,866,7
ORD782775,2025-01-01,North,P005,Keyboard,Electronics,2352,1
ORD782776,2025-09-22,South,P003,Headphones,Electronics,1652,5
ORD782777,2025-03-19,West,P003,Headphones,Electronics,1922,2
ORD782778,2025-08-21,East,P008,Jacket,Apparel,302,7
ORD782779,2025-05-29,North,P009,Sofa,Home & Living,1556,4
ORD782780,2025-04-04,West,P010,Dining Table,Home & Living,2363,4
ORD782781,2025-11-13,East,P011,Car Seat,Automotive,638,2
ORD782782,2025-01-05,West,P011,Car Seat,Automotive,1209,9
ORD782783,2025-04-22,West,P012,Engine Oil,Automotive,812,7
ORD782784,2025-04-10,North,P008,Jacket,Apparel,716,2
ORD782785,2025-09-11,North,P001,Laptop,Electronics,1488,3
ORD782786,2025-07-11,West,P013,Face Cream,Health & Beauty,861,4
ORD782787,2025-10-12,West,P011,Car Seat,Automotive,289,1
ORD782788,2025-07-10,South,P013,Face Cream,Health & Beauty,2101,5
ORD782789,2025-09-08,West,P013,Face Cream,Health & Beauty,1342,8
ORD782790,2025-03-24,South,P002,Smartphone,Electronics,2316,5
ORD782791,2025-06-20,South,P008,Jacket,Apparel,1882,7
ORD782792,2025-03-27,South,P009,Sofa,Home & Living,1180,2
ORD782793,2025-01-09,North,P014,Shampoo,Health & Beauty,844,7
ORD782794,2025-02-06,South,P011,Car Seat,Automotive,854,9
ORD782795,2025-07-15,North,P012,Engine Oil,Automotive,289,8
ORD782796,2025-06-18,East,P005,Keyboard,Electronics,285,3
ORD782797,2025-11-23,South,P003,Headphones,Electronics,824,2
ORD782798,2025-08-30,North,P004,Monitor,Electronics,1852,9
ORD782799,2025-05-10,East,P010,Dining Table,Home & Living,2149,8
ORD782800,2025-03-29,North,P009,Sofa,Home & Living,643,7
ORD782801,2025-11-06,South,P004,Monitor,Electronics,1148,3
ORD782802,2025-12-08,South,P002,Smartphone,Electronics,2252,9
ORD782803,2025-10-02,South,P002,Smartphone,Electronics,1121,2
ORD782804,2025-06-19,North,P012,Engine Oil,Automotive,1540,8
ORD782805,2025-12-12,North,P009,Sofa,Home & Living,1310,7
ORD782806,2025-08-23,East,P002,Smartphone,Electronics,219,9
ORD782807,2025-04-16,North,P002,Smartphone,Electronics,1400,9
ORD782808,2025-11-21,East,P009,Sofa,Home & Living,2250,6
ORD782809,2025-10-25,South,P015,Other Product,Others,2150,3
ORD782810,2025-06-18,North,P012,Engine Oil,Automotive,190,7
ORD782811,2025-08-27,East,P014,Shampoo,Health & Beauty,384,2
ORD782812,2025-06-29,South,P010,Dining Table,Home & Living,1628,4
ORD782813,2025-07-24,South,P011,Car Seat,Automotive,1890,7
ORD782814,2025-05-31,West,P010,Dining Table,Home & Living,472,7
ORD782815,2025-07-21,West,P004,Monitor,Electronics,876,6
ORD782816,2025-06-29,North,P007,Jeans,Apparel,1300,5
ORD782817,2025-08-01,West,P003,Headphones,Electronics,1627,5
ORD782818,2025-01-21,South,P010,Dining Table,Home & Living,1992,4
ORD782819,2025-05-30,South,P009,Sofa,Home & Living,238,4
ORD782820,2025-11-05,South,P008,Jacket,Apparel,2341,1
ORD782821,2025-04-03,North,P013,Face Cream,Health & Beauty,706,4
ORD782822,2025-09-29,East,P004,Monitor,Electronics,1424,3
ORD782823,2025-01-28,North,P004,Monitor,Electronics,431,1
ORD782824,2025-09-21,North,P002,Smartphone,Electronics,833,3
ORD782825,2025-07-10,South,P008,Jacket,Apparel,725,8
ORD782826,2025-09-04,West,P003,Headphones,Electronics,642,3
ORD782827,2025-03-12,South,P013,Face Cream,Health & Beauty,1255,2
ORD782828,2025-06-16,North,P004,Monitor,Electronics,2334,6
ORD782829,2025-10-26,North,P001,Laptop,Electronics,1218,7
ORD782830,2025-11-10,North,P003,Headphones,Electronics,1420,6
ORD782831,2025-01-30,West,P011,Car Seat,Automotive,1149,7
ORD782832,2025-02-08,East,P011,Car Seat,Automotive,1152,4
ORD782833,2025-04-24,East,P009,Sofa,Home & Living,2280,8
ORD782834,2025-07-12,North,P013,Face Cream,Health & Beauty,1517,8
ORD782835,2025-03-21,South,P002,Smartphone,Electronics,240,8
ORD782836,2025-09-24,West,P003,Headphones,Electronics,1943,6
ORD782837,2025-11-23,South,P011,Car Seat,Automotive,2058,3
ORD782838,2025-03-18,East,P011,Car Seat,Automotive,2315,4
ORD782839,2025-03-16,North,P007,Jeans,Apparel,315,1
ORD782840,2025-12-30,East,P007,Jeans,Apparel,335,6
ORD782841,2025-10-25,North,P007,Jeans,Apparel,1728,7
ORD782842,2025-05-01,West,P005,Keyboard,Electronics,1672,6
ORD782843,2025-08-06,South,P003,Headphones,Electronics,1797,2
ORD782844,2025-09-25,North,P013,Face Cream,Health & Beauty,683,2
ORD782845,2025-12-27,North,P010,Dining Table,Home & Living,2175,1
ORD782846,2025-10-27,West,P009,Sofa,Home & Living,1505,6
ORD782847,2025-01-22,North,P004,Monitor,Electronics,2349,9
ORD782848,2025-11-11,North,P012,Engine Oil,Automotive,862,4
ORD782849,2025-05-11,North,P007,Jeans,Apparel,1571,5
ORD782850,2025-03-18,West,P013,Face Cream,Health & Beauty,1045,8
ORD782851,2025-09-16,North,P004,Monitor,Electronics,1953,5
ORD782852,2025-07-30,East,P009,Sofa,Home & Living,2023,1
ORD782853,2025-06-04,South,P003,Headphones,Electronics,1405,7
ORD782854,2025-11-06,North,P003,Headphones,Electronics,552,4
ORD782855,2025-08-31,North,P013,Face Cream,Health & Beauty,800,3
ORD782856,2025-01-28,South,P011,Car Seat,Automotive,349,2
ORD782857,2025-05-07,West,P003,Headphones,Electronics,1356,1
ORD782858,2025-03-23,North,P010,Dining Table,Home & Living,2204,7
ORD782859,2025-09-17,East,P007,Jeans,Apparel,450,2
ORD782860,2025-04-06,North,P009,Sofa,Home & Living,1100,8
ORD782861,2025-05-17,East,P012,Engine Oil,Automotive,1839,5
ORD782862,2025-09-01,East,P013,Face Cream,Health & Beauty,382,5
ORD782863,2025-05-16,North,P005,Keyboard,Electronics,372,5
ORD782864,2025-12-28,South,P011,Car Seat,Automotive,2027,2
ORD782865,2025-09-17,South,P010,Dining Table,Home & Living,492,5
ORD782866,2025-03-04,South,P005,Keyboard,Electronics,2241,7
ORD782867,2025-12-21,West,P013,Face Cream,Health & Beauty,801,8
ORD782868,2025-08-09,North,P003,Headphones,Electronics,2274,9
ORD782869,2025-10-05,East,P011,Car Seat,Automotive,217,6
ORD782870,2025-08-23,South,P002,Smartphone,Electronics,889,2
ORD782871,2025-11-29,South,P007,Jeans,Apparel,235,8
ORD782872,2025-09-24,West,P003,Headphones,Electronics,507,3
ORD782873,2025-09-11,North,P004,Monitor,Electronics,425,5
ORD782874,2025-08-01,West,P004,Monitor,Electronics,1176,1
ORD782875,2025-01-11,North,P012,Engine Oil,Automotive,474,8
ORD782876,2025-02-16,North,P004,Monitor,Electronics,403,9
ORD782877,2025-05-09,North,P005,Keyboard,Electronics,1555,7
ORD782878,2025-08-08,East,P013,Face Cream,Health & Beauty,782,1
ORD782879,2025-10-21,East,P011,Car Seat,Automotive,1420,2
ORD782880,2025-01-08,South,P001,Laptop,Electronics,528,4
ORD782881,2025-10-27,North,P014,Shampoo,Health & Beauty,2224,9
ORD782882,2025-12-16,North,P011,Car Seat,Automotive,2015,5
ORD782883,2025-05-06,East,P006,T-Shirt,Apparel,1575,2
ORD782884,2025-05-14,South,P012,Engine Oil,Automotive,2216,6
ORD782885,2025-07-25,North,P009,Sofa,Home & Living,2392,6
ORD782886,2025-11-14,West,P009,Sofa,Home & Living,1799,2
ORD782887,2025-03-18,East,P004,Monitor,Electronics,475,6
ORD782888,2025-12-01,South,P003,Headphones,Electronics,330,7
ORD782889,2025-06-19,West,P015,Other Product,Others,787,3
ORD782890,2025-12-29,North,P013,Face Cream,Health & Beauty,2487,6
ORD782891,2025-05-19,South,P008,Jacket,Apparel,1709,7
