Shipment_ID,Order_ID,Product,Destination,Status,Ship_Date,Delivery_Date
SHP120000,ORD778000,Face Cream,East,Delivered,2025-09-18,2025-09-23
SHP120001,ORD778001,Jacket,West,Delivered,2025-06-26,2025-06-29
SHP120002,ORD778002,Monitor,South,Delivered,2025-02-12,2025-02-16
SHP120003,ORD778003,Engine Oil,South,Delivered,2025-04-26,2025-04-30
SHP120004,ORD778004,Other Product,North,Delivered,2025-05-27,2025-05-31
SHP120005,ORD778005,Engine Oil,East,Delivered,2025-01-09,2025-01-12
SHP120006,ORD778006,Headphones,South,Delivered,2025-09-06,2025-09-12
SHP120007,ORD778007,Sofa,North,Delivered,2025-08-01,2025-08-07
SHP120008,ORD778008,Jacket,East,Delivered,2025-04-19,2025-04-25
SHP120009,ORD778009,Engine Oil,North,Delivered,2025-09-24,2025-09-26
SHP120010,ORD778010,Shampoo,North,Delivered,2025-03-26,2025-03-30
SHP120011,ORD778011,Shampoo,North,Delivered,2025-01-23,2025-01-28
SHP120012,ORD778012,Engine Oil,North,Delivered,2025-05-19,2025-05-21
SHP120013,ORD778013,Keyboard,West,Delivered,2025-06-12,2025-06-17
SHP120014,ORD778014,Jeans,West,Delivered,2025-09-16,2025-09-21
SHP120015,ORD778015,Shampoo,South,In Transit,2025-07-13,2025-07-18
SHP120016,ORD778016,Smartphone,South,Delivered,2025-04-16,2025-04-20
SHP120017,ORD778017,Other Product,North,Delivered,2025-05-26,2025-05-31
SHP120018,ORD778018,Dining Table,East,Delivered,2025-02-01,2025-02-05
SHP120019,ORD778019,Laptop,East,Delivered,2025-12-07,2025-12-15
SHP120020,ORD778020,Other Product,South,Delivered,2025-09-07,2025-09-10
SHP120021,ORD778021,Laptop,West,Delivered,2025-06-16,2025-06-22
SHP120022,ORD778022,Keyboard,North,Delivered,2025-01-03,2025-01-10
SHP120023,ORD778023,Headphones,North,Delivered,2025-08-28,2025-08-30
SHP120024,ORD778024,Dining Table,East,Delivered,2025-05-24,2025-05-29
SHP120025,ORD778025,Face Cream,West,Delivered,2025-02-27,2025-03-06
SHP120026,ORD778026,Face Cream,West,Delivered,2025-04-05,2025-04-07
SHP120027,ORD778027,Keyboard,East,Delivered,2025-02-27,2025-03-06
SHP120028,ORD778028,Monitor,West,Delivered,2025-06-16,2025-06-21
SHP120029,ORD778029,Jacket,North,Delivered,2025-08-24,2025-08-26
SHP120030,ORD778030,Monitor,South,Delivered,2025-05-09,2025-05-17
SHP120031,ORD778031,Keyboard,South,Delivered,2025-05-26,2025-05-30
SHP120032,ORD778032,Dining Table,East,Delivered,2025-09-27,2025-10-02
SHP120033,ORD778033,Smartphone,West,Delivered,2025-06-09,2025-06-11
SHP120034,ORD778034,Monitor,North,Delivered,2025-07-01,2025-07-05
SHP120035,ORD778035,Keyboard,North,Delivered,2025-01-17,2025-01-20
SHP120036,ORD778036,Jacket,West,Delivered,2025-08-20,2025-08-23
SHP120037,ORD778037,Jeans,South,Delivered,2025-07-04,2025-07-10
SHP120038,ORD778038,Other Product,West,Delivered,2025-04-19,2025-04-21
SHP120039,ORD778039,Sofa,North,Delivered,2025-02-26,2025-03-02
SHP120040,ORD778040,Face Cream,South,In Transit,2025-04-04,2025-04-10
SHP120041,ORD778041,Keyboard,North,Delivered,2025-04-17,2025-04-21
SHP120042,ORD778042,T-Shirt,North,Delivered,2025-12-20,2025-12-28
SHP120043,ORD778043,Headphones,West,Delivered,2025-01-11,2025-01-14
SHP120044,ORD778044,Keyboard,East,Delivered,2025-07-06,2025-07-09
SHP120045,ORD778045,Smartphone,West,Delivered,2025-06-10,2025-06-13
SHP120046,ORD778046,T-Shirt,North,Delivered,2025-11-04,2025-11-09
SHP120047,ORD778047,Jacket,South,Delivered,2025-10-08,2025-10-13
SHP120048,ORD778048,Face Cream,North,Delivered,2025-03-28,2025-03-30
SHP120049,ORD778049,Engine Oil,South,Delivered,2025-10-12,2025-10-18
SHP120050,ORD778050,Keyboard,West,Delivered,2025-08-31,2025-09-05
SHP120051,ORD778051,Car Seat,South,Delivered,2025-06-24,2025-06-27
SHP120052,ORD778052,Shampoo,West,Delivered,2025-05-04,2025-05-09
SHP120053,ORD778053,Keyboard,East,Delivered,2025-05-19,2025-05-22
SHP120054,ORD778054,Smartphone,South,Delivered,2025-09-23,2025-09-25
SHP120055,ORD778055,Laptop,South,Delivered,2025-02-22,2025-02-26
SHP120056,ORD778056,Dining Table,West,Delivered,2025-04-14,2025-04-21
SHP120057,ORD778057,Face Cream,South,Delivered,2025-09-14,2025-09-17
SHP120058,ORD778058,Headphones,North,Delivered,2025-02-26,2025-03-02
SHP120059,ORD778059,Sofa,South,Delivered,2025-04-13,2025-04-16
SHP120060,ORD778060,Car Seat,West,Delivered,2025-06-08,2025-06-16
SHP120061,ORD778061,Other Product,East,In Transit,2025-12-15,2025-12-18
SHP120062,ORD778062,Sofa,East,Delayed,2025-08-30,2025-09-04
SHP120063,ORD778063,Monitor,South,Delivered,2025-01-09,2025-01-12
SHP120064,ORD778064,Keyboard,East,Delivered,2025-03-26,2025-03-30
SHP120065,ORD778065,Face Cream,South,Delivered,2025-03-19,2025-03-23
SHP120066,ORD778066,Smartphone,West,Delivered,2025-01-08,2025-01-12
SHP120067,ORD778067,Jeans,North,Delivered,2025-01-29,2025-02-04
SHP120068,ORD778068,Jacket,South,Delivered,2025-01-08,2025-01-10
SHP120069,ORD778069,Jeans,South,Delivered,2025-10-08,2025-10-16
SHP120070,ORD778070,Jacket,West,In Transit,2025-07-25,2025-07-29
SHP120071,ORD778071,Headphones,West,Delivered,2025-11-04,2025-11-09
SHP120072,ORD778072,Laptop,East,Delivered,2025-11-14,2025-11-16
SHP120073,ORD778073,Face Cream,West,Delivered,2025-11-08,2025-11-12
SHP120074,ORD778074,Dining Table,West,Delivered,2025-10-01,2025-10-03
SHP120075,ORD778075,Laptop,South,Delivered,2025-05-21,2025-05-26
SHP120076,ORD778076,Jacket,South,Delivered,2025-01-18,2025-01-23
SHP120077,ORD778077,Sofa,South,Delivered,2025-08-09,2025-08-13
SHP120078,ORD778078,Engine Oil,South,Delivered,2025-05-25,2025-05-29
SHP120079,ORD778079,Face Cream,East,Delivered,2025-04-28,2025-05-04
SHP120080,ORD778080,Monitor,North,Delivered,2025-06-18,2025-06-23
SHP120081,ORD778081,Other Product,South,Delivered,2025-05-13,2025-05-19
SHP120082,ORD778082,Engine Oil,West,Delivered,2025-11-16,2025-11-22
SHP120083,ORD778083,Shampoo,East,Delivered,2025-10-11,2025-10-19
SHP120084,ORD778084,Headphones,East,Delivered,2025-10-31,2025-11-04
SHP120085,ORD778085,Monitor,West,Delivered,2025-12-19,2025-12-23
SHP120086,ORD778086,Keyboard,North,Delivered,2025-09-07,2025-09-14
SHP120087,ORD778087,Jacket,East,Delivered,2025-04-04,2025-04-11
SHP120088,ORD778088,Keyboard,South,Delivered,2025-05-26,2025-05-30
SHP120089,ORD778089,Other Product,North,Delivered,2025-03-03,2025-03-06
SHP120090,ORD778090,Shampoo,West,Delivered,2025-04-29,2025-05-03
SHP120091,ORD778091,Car Seat,North,Delivered,2025-07-21,2025-07-29
SHP120092,ORD778092,Dining Table,South,Delivered,2025-04-12,2025-04-20
SHP120093,ORD778093,Engine Oil,South,Delivered,2025-10-23,2025-10-30
SHP120094,ORD778094,Face Cream,South,Delivered,2025-01-09,2025-01-14
SHP120095,ORD778095,Car Seat,North,Delivered,2025-02-27,2025-03-05
SHP120096,ORD778096,Keyboard,South,Delivered,2025-09-04,2025-09-07
SHP120097,ORD778097,Keyboard,West,Delivered,2025-04-26,2025-05-03
SHP120098,ORD778098,Jeans,North,Delivered,2025-03-18,2025-03-23
SHP120099,ORD778099,Jeans,North,Delivered,2025-03-07,2025-03-11
SHP120100,ORD778100,Laptop,West,Delivered,2025-09-16,2025-09-20
SHP120101,ORD778101,Sofa,East,Delivered,2025-05-18,2025-05-23
SHP120102,ORD778102,Jacket,South,Delivered,2025-05-22,2025-05-25
SHP120103,ORD778103,Dining Table,West,Delivered,2025-10-03,2025-10-07
SHP120104,ORD778104,Smartphone,East,Delivered,2025-03-07,2025-03-12
SHP120105,ORD778105,Jacket,South,Delivered,2025-05-20,2025-05-22
SHP120106,ORD778106,Car Seat,East,Delivered,2025-03-22,2025-03-30
SHP120107,ORD778107,Keyboard,West,Delivered,2025-03-26,2025-03-29
SHP120108,ORD778108,Face Cream,North,Delivered,2025-09-19,2025-09-27
SHP120109,ORD778109,Sofa,East,Delivered,2025-06-15,2025-06-22
SHP120110,ORD778110,Face Cream,East,Delivered,2025-04-06,2025-04-11
SHP120111,ORD778111,Laptop,South,Delivered,2025-10-20,2025-10-24
SHP120112,ORD778112,Keyboard,East,Delivered,2025-02-16,2025-02-21
SHP120113,ORD778113,Engine Oil,South,Delivered,2025-11-06,2025-11-09
SHP120114,ORD778114,Jacket,South,In Transit,2025-03-31,2025-04-03
SHP120115,ORD778115,Jeans,South,Delivered,2025-07-14,2025-07-19
SHP120116,ORD778116,Dining Table,West,Delivered,2025-07-12,2025-07-16
SHP120117,ORD778117,Keyboard,West,Delayed,2025-10-14,2025-10-17
SHP120118,ORD778118,Dining Table,South,Delivered,2025-03-28,2025-04-03
SHP120119,ORD778119,Shampoo,South,Delivered,2025-11-11,2025-11-18
SHP120120,ORD778120,Headphones,West,Delivered,2025-03-26,2025-04-01
SHP120121,ORD778121,Jeans,East,Delivered,2025-11-01,2025-11-05
SHP120122,ORD778122,Sofa,East,Delivered,2025-04-02,2025-04-06
SHP120123,ORD778123,Other Product,West,Delivered,2025-08-18,2025-08-25
SHP120124,ORD778124,Car Seat,West,Delayed,2025-11-02,2025-11-08
SHP120125,ORD778125,Car Seat,North,Delivered,2025-03-12,2025-03-17
SHP120126,ORD778126,Face Cream,East,Delivered,2025-11-18,2025-11-26
SHP120127,ORD778127,Keyboard,West,Delivered,2025-07-10,2025-07-14
SHP120128,ORD778128,T-Shirt,East,Delivered,2025-11-21,2025-11-28
SHP120129,ORD778129,Jacket,West,Delayed,2025-06-04,2025-06-07
SHP120130,ORD778130,Headphones,North,Delivered,2025-08-09,2025-08-16
SHP120131,ORD778131,Monitor,West,Delivered,2025-03-12,2025-03-15
SHP120132,ORD778132,Jeans,East,Delivered,2025-09-11,2025-09-14
SHP120133,ORD778133,Jacket,West,Delivered,2025-01-27,2025-01-31
SHP120134,ORD778134,Sofa,West,In Transit,2025-05-11,2025-05-15
SHP120135,ORD778135,Keyboard,West,Delivered,2025-10-24,2025-10-27
SHP120136,ORD778136,Keyboard,West,Delivered,2025-05-21,2025-05-29
SHP120137,ORD778137,Jacket,North,Delayed,2025-01-14,2025-01-19
SHP120138,ORD778138,Car Seat,North,Delivered,2025-11-18,2025-11-20
SHP120139,ORD778139,Jeans,West,Delivered,2025-08-25,2025-09-01
SHP120140,ORD778140,Jeans,East,Delivered,2025-12-17,2025-12-21
SHP120141,ORD778141,Jeans,West,Delivered,2025-08-27,2025-09-03
SHP120142,ORD778142,Shampoo,East,Delivered,2025-08-09,2025-08-12
SHP120143,ORD778143,Headphones,South,Delivered,2025-06-13,2025-06-17
SHP120144,ORD778144,Headphones,East,Delivered,2025-10-08,2025-10-13
SHP120145,ORD778145,Jeans,South,Delivered,2025-01-07,2025-01-10
SHP120146,ORD778146,Keyboard,South,Delivered,2025-11-06,2025-11-11
SHP120147,ORD778147,Headphones,West,Delivered,2025-02-10,2025-02-17
SHP120148,ORD778148,Engine Oil,West,Delivered,2025-08-13,2025-08-18
SHP120149,ORD778149,Car Seat,North,Delivered,2025-06-10,2025-06-15
SHP120150,ORD778150,Car Seat,West,Delivered,2025-07-08,2025-07-13
SHP120151,ORD778151,Headphones,East,Delivered,2025-11-01,2025-11-05
SHP120152,ORD778152,Jeans,North,Delivered,2025-02-14,2025-02-16
SHP120153,ORD778153,Keyboard,East,Delivered,2025-05-17,2025-05-21
SHP120154,ORD778154,Headphones,West,Delivered,2025-12-23,2025-12-28
SHP120155,ORD778155,T-Shirt,South,Delivered,2025-03-10,2025-03-15
SHP120156,ORD778156,Laptop,South,Delivered,2025-08-25,2025-08-30
SHP120157,ORD778157,T-Shirt,South,Delivered,2025-11-28,2025-12-06
SHP120158,ORD778158,Headphones,South,Delivered,2025-05-16,2025-05-20
SHP120159,ORD778159,Other Product,East,Delivered,2025-11-15,2025-11-18
SHP120160,ORD778160,Engine Oil,South,Delivered,2025-08-06,2025-08-12
SHP120161,ORD778161,Sofa,North,Delivered,2025-04-11,2025-04-15
SHP120162,ORD778162,Jeans,North,Delivered,2025-02-15,2025-02-19
SHP120163,ORD778163,T-Shirt,South,Delivered,2025-05-21,2025-05-24
SHP120164,ORD778164,Smartphone,East,Delivered,2025-10-05,2025-10-10
SHP120165,ORD778165,Face Cream,South,Delivered,2025-01-13,2025-01-15
SHP120166,ORD778166,T-Shirt,West,Delivered,2025-11-14,2025-11-18
SHP120167,ORD778167,Engine Oil,East,Delivered,2025-03-01,2025-03-09
SHP120168,ORD778168,Sofa,South,Delivered,2025-03-07,2025-03-11
SHP120169,ORD778169,Smartphone,East,Delivered,2025-12-31,2026-01-03
SHP120170,ORD778170,Face Cream,East,Delivered,2025-08-17,2025-08-20
SHP120171,ORD778171,Keyboard,North,Delivered,2025-01-07,2025-01-12
SHP120172,ORD778172,Laptop,South,In Transit,2025-04-03,2025-04-07
SHP120173,ORD778173,Smartphone,East,Delivered,2025-10-26,2025-10-28
SHP120174,ORD778174,Jeans,West,Delivered,2025-04-23,2025-04-29
SHP120175,ORD778175,Keyboard,South,In Transit,2025-05-14,2025-05-19
SHP120176,ORD778176,Engine Oil,North,In Transit,2025-09-17,2025-09-21
SHP120177,ORD778177,Headphones,East,Delivered,2025-06-12,2025-06-15
SHP120178,ORD778178,Shampoo,East,Delivered,2025-08-03,2025-08-07
SHP120179,ORD778179,Dining Table,West,Delivered,2025-07-19,2025-07-23
SHP120180,ORD778180,Jacket,North,In Transit,2025-03-12,2025-03-14
SHP120181,ORD778181,Smartphone,South,Delivered,2025-09-05,2025-09-08
SHP120182,ORD778182,Jacket,South,Delivered,2025-09-25,2025-10-01
SHP120183,ORD778183,Face Cream,East,Delayed,2025-07-25,2025-07-27
SHP120184,ORD778184,Smartphone,South,Delivered,2025-10-01,2025-10-07
SHP120185,ORD778185,Jeans,South,Delivered,2025-01-12,2025-01-18
SHP120186,ORD778186,Jacket,West,Delivered,2025-10-25,2025-10-27
SHP120187,ORD778187,Monitor,West,Delivered,2025-02-24,2025-03-01
SHP120188,ORD778188,Keyboard,West,Delayed,2025-11-08,2025-11-10
SHP120189,ORD778189,Smartphone,North,Delivered,2025-11-21,2025-11-26
SHP120190,ORD778190,Jeans,North,Delivered,2025-06-28,2025-07-02
SHP120191,ORD778191,T-Shirt,West,Delivered,2025-08-08,2025-08-12
SHP120192,ORD778192,Car Seat,North,Delivered,2025-02-01,2025-02-05
SHP120193,ORD778193,Car Seat,North,Delivered,2025-10-22,2025-10-24
SHP120194,ORD778194,Other Product,West,Delivered,2025-03-24,2025-03-26
SHP120195,ORD778195,Monitor,North,Delivered,2025-02-21,2025-02-25
SHP120196,ORD778196,Face Cream,West,Delivered,2025-05-02,2025-05-07
SHP120197,ORD778197,Face Cream,West,Delivered,2025-11-28,2025-12-02
SHP120198,ORD778198,Shampoo,West,Delivered,2025-05-17,2025-05-19
SHP120199,ORD778199,Monitor,North,Delivered,2025-07-25,2025-07-28
SHP120200,ORD778200,Laptop,South,Delivered,2025-03-24,2025-04-01
SHP120201,ORD778201,Shampoo,West,Delivered,2025-09-23,2025-09-30
SHP120202,ORD778202,Face Cream,North,Delivered,2025-01-14,2025-01-19
SHP120203,ORD778203,T-Shirt,North,Delivered,2025-07-05,2025-07-09
SHP120204,ORD778204,Jeans,East,Delivered,2025-12-28,2025-12-30
SHP120205,ORD778205,Sofa,South,Delivered,2025-06-06,2025-06-12
SHP120206,ORD778206,Engine Oil,East,Delivered,2025-11-02,2025-11-04
SHP120207,ORD778207,Keyboard,West,Delivered,2025-11-15,2025-11-18
SHP120208,ORD778208,Face Cream,East,Delivered,2025-09-08,2025-09-13
SHP120209,ORD778209,Shampoo,East,In Transit,2025-02-19,2025-02-24
SHP120210,ORD778210,Laptop,North,In Transit,2025-10-06,2025-10-12
SHP120211,ORD778211,Car Seat,North,Delivered,2025-01-02,2025-01-07
SHP120212,ORD778212,Jeans,East,Delivered,2025-02-23,2025-02-26
SHP120213,ORD778213,Face Cream,South,Delayed,2025-06-30,2025-07-05
SHP120214,ORD778214,Smartphone,East,Delivered,2025-09-09,2025-09-14
SHP120215,ORD778215,T-Shirt,South,Delivered,2025-09-13,2025-09-20
SHP120216,ORD778216,Other Product,West,Delayed,2025-06-28,2025-07-02
SHP120217,ORD778217,Headphones,East,Delivered,2025-11-07,2025-11-10
SHP120218,ORD778218,Jacket,East,Delivered,2025-05-22,2025-05-24
SHP120219,ORD778219,Sofa,West,Delivered,2025-10-03,2025-10-07
SHP120220,ORD778220,Engine Oil,East,Delivered,2025-12-30,2026-01-03
SHP120221,ORD778221,T-Shirt,East,Delivered,2025-10-13,2025-10-18
SHP120222,ORD778222,Sofa,East,Delivered,2025-01-23,2025-01-26
SHP120223,ORD778223,Sofa,West,Delivered,2025-12-18,2025-12-24
SHP120224,ORD778224,Jeans,West,Delivered,2025-10-21,2025-10-26
SHP120225,ORD778225,T-Shirt,West,Delivered,2025-05-07,2025-05-13
SHP120226,ORD778226,Headphones,North,Delivered,2025-10-19,2025-10-26
SHP120227,ORD778227,Jeans,South,Delivered,2025-08-30,2025-09-04
SHP120228,ORD778228,Face Cream,West,Delivered,2025-08-04,2025-08-12
SHP120229,ORD778229,Face Cream,North,Delivered,2025-01-22,2025-01-25
SHP120230,ORD778230,Sofa,East,Delivered,2025-03-25,2025-03-29
SHP120231,ORD778231,Smartphone,East,Delivered,2025-10-20,2025-10-24
SHP120232,ORD778232,Jeans,North,Delivered,2025-05-02,2025-05-05
SHP120233,ORD778233,Monitor,East,Delivered,2025-10-19,2025-10-21
SHP120234,ORD778234,Dining Table,North,Delivered,2025-05-10,2025-05-14
SHP120235,ORD778235,Dining Table,East,Delivered,2025-03-02,2025-03-09
SHP120236,ORD778236,T-Shirt,North,Delivered,2025-08-06,2025-08-14
SHP120237,ORD778237,Other Product,West,In Transit,2025-11-01,2025-11-06
SHP120238,ORD778238,Other Product,North,Delivered,2025-04-07,2025-04-09
SHP120239,ORD778239,Other Product,South,Delivered,2025-09-05,2025-09-07
SHP120240,ORD778240,Jacket,West,Delivered,2025-05-07,2025-05-13
SHP120241,ORD778241,Sofa,East,Delivered,2025-11-18,2025-11-23
SHP120242,ORD778242,Dining Table,West,Delivered,2025-09-25,2025-09-30
SHP120243,ORD778243,Keyboard,West,Delivered,2025-08-31,2025-09-04
SHP120244,ORD778244,Sofa,North,Delivered,2025-02-04,2025-02-10
SHP120245,ORD778245,Other Product,East,Delivered,2025-01-25,2025-01-28
SHP120246,ORD778246,Dining Table,North,Delivered,2025-06-23,2025-06-29
SHP120247,ORD778247,Jeans,North,Delivered,2025-06-24,2025-06-27
SHP120248,ORD778248,Smartphone,East,Delivered,2025-05-05,2025-05-07
SHP120249,ORD778249,T-Shirt,North,Delivered,2025-05-09,2025-05-13
SHP120250,ORD778250,Face Cream,South,Delivered,2025-10-30,2025-11-02
SHP120251,ORD778251,Shampoo,West,Delivered,2025-07-26,2025-08-03
SHP120252,ORD778252,T-Shirt,West,Delivered,2025-09-01,2025-09-05
SHP120253,ORD778253,Laptop,North,Delivered,2025-06-18,2025-06-20
SHP120254,ORD778254,Shampoo,North,Delivered,2025-03-03,2025-03-11
SHP120255,ORD778255,Laptop,West,In Transit,2025-05-11,2025-05-16
SHP120256,ORD778256,Headphones,East,Delivered,2025-04-24,2025-04-28
SHP120257,ORD778257,Jeans,South,Delivered,2025-05-05,2025-05-09
SHP120258,ORD778258,Smartphone,North,Delivered,2025-05-04,2025-05-07
SHP120259,ORD778259,Jeans,West,Delivered,2025-08-01,2025-08-04
SHP120260,ORD778260,Car Seat,East,Delivered,2025-10-11,2025-10-15
SHP120261,ORD778261,Shampoo,North,Delivered,2025-09-06,2025-09-09
SHP120262,ORD778262,Jeans,East,Delivered,2025-06-03,2025-06-06
SHP120263,ORD778263,T-Shirt,North,Delivered,2025-12-25,2025-12-31
SHP120264,ORD778264,Shampoo,North,Delivered,2025-01-25,2025-01-29
SHP120265,ORD778265,Car Seat,North,In Transit,2025-10-29,2025-11-01
SHP120266,ORD778266,Jacket,South,Delivered,2025-05-09,2025-05-17
SHP120267,ORD778267,Jacket,East,Delivered,2025-07-30,2025-08-05
SHP120268,ORD778268,Headphones,North,Delivered,2025-04-08,2025-04-11
SHP120269,ORD778269,Jacket,East,Delivered,2025-07-19,2025-07-26
SHP120270,ORD778270,Sofa,North,Delivered,2025-01-27,2025-01-31
SHP120271,ORD778271,Other Product,West,Delivered,2025-04-11,2025-04-16
SHP120272,ORD778272,Engine Oil,East,Delivered,2025-07-10,2025-07-13
SHP120273,ORD778273,Dining Table,West,Delivered,2025-05-05,2025-05-07
SHP120274,ORD778274,Other Product,North,Delivered,2025-11-14,2025-11-16
SHP120275,ORD778275,Jacket,North,Delivered,2025-12-30,2026-01-03
SHP120276,ORD778276,Monitor,West,Delivered,2025-04-22,2025-04-26
SHP120277,ORD778277,Headphones,South,Delivered,2025-06-15,2025-06-20
SHP120278,ORD778278,Monitor,East,Delivered,2025-12-08,2025-12-13
SHP120279,ORD778279,Jeans,North,Delivered,2025-02-17,2025-02-19
SHP120280,ORD778280,Jacket,East,Delivered,2025-10-12,2025-10-15
SHP120281,ORD778281,Other Product,East,Delivered,2025-01-26,2025-01-30
SHP120282,ORD778282,Car Seat,North,Delivered,2025-12-15,2025-12-21
SHP120283,ORD778283,Sofa,North,Delivered,2025-04-11,2025-04-14
SHP120284,ORD778284,Keyboard,North,In Transit,2025-10-24,2025-10-29
SHP120285,ORD778285,T-Shirt,South,Delivered,2025-04-22,2025-04-25
SHP120286,ORD778286,Other Product,East,Delivered,2025-04-18,2025-04-21
SHP120287,ORD778287,Jacket,North,Delivered,2025-06-21,2025-06-26
SHP120288,ORD778288,T-Shirt,West,Delivered,2025-03-04,2025-03-07
SHP120289,ORD778289,Sofa,North,Delivered,2025-12-09,2025-12-17
SHP120290,ORD778290,Engine Oil,South,Delivered,2025-02-18,2025-02-23
SHP120291,ORD778291,Jacket,North,Delivered,2025-08-28,2025-08-31
SHP120292,ORD778292,Jacket,South,Delivered,2025-05-28,2025-06-05
SHP120293,ORD778293,Shampoo,East,Delivered,2025-12-26,2025-12-28
SHP120294,ORD778294,Dining Table,North,Delivered,2025-09-04,2025-09-08
SHP120295,ORD778295,Keyboard,North,Delivered,2025-12-15,2025-12-20
SHP120296,ORD778296,Engine Oil,South,Delivered,2025-02-22,2025-02-28
SHP120297,ORD778297,Monitor,East,In Transit,2025-09-19,2025-09-22
SHP120298,ORD778298,Jeans,South,Delivered,2025-06-27,2025-06-29
SHP120299,ORD778299,Dining Table,West,In Transit,2025-07-10,2025-07-16
SHP120300,ORD778300,Jeans,West,Delivered,2025-05-26,2025-05-29
SHP120301,ORD778301,Keyboard,East,Delivered,2025-01-13,2025-01-18
SHP120302,ORD778302,Jacket,North,Delivered,2025-02-12,2025-02-17
SHP120303,ORD778303,Other Product,West,Delivered,2025-11-12,2025-11-16
SHP120304,ORD778304,Sofa,South,In Transit,2025-09-23,2025-09-27
SHP120305,ORD778305,Keyboard,South,Delivered,2025-02-06,2025-02-09
SHP120306,ORD778306,Smartphone,West,Delivered,2025-09-30,2025-10-02
SHP120307,ORD778307,Headphones,East,Delivered,2025-07-22,2025-07-28
SHP120308,ORD778308,Monitor,East,Delivered,2025-08-16,2025-08-22
SHP120309,ORD778309,Laptop,North,Delivered,2025-02-21,2025-02-26
SHP120310,ORD778310,T-Shirt,East,Delivered,2025-05-05,2025-05-07
SHP120311,ORD778311,Car Seat,East,Delivered,2025-04-19,2025-04-22
SHP120312,ORD778312,Other Product,North,Delayed,2025-06-21,2025-06-23
SHP120313,ORD778313,T-Shirt,North,Delivered,2025-07-13,2025-07-16
SHP120314,ORD778314,Sofa,South,Delivered,2025-04-17,2025-04-19
SHP120315,ORD778315,Smartphone,East,Delivered,2025-02-20,2025-02-24
SHP120316,ORD778316,T-Shirt,North,Delivered,2025-05-15,2025-05-19
SHP120317,ORD778317,Engine Oil,North,Delivered,2025-10-17,2025-10-22
SHP120318,ORD778318,Sofa,East,Delivered,2025-03-02,2025-03-06
SHP120319,ORD778319,T-Shirt,South,Delivered,2025-10-23,2025-10-30
SHP120320,ORD778320,T-Shirt,North,Delayed,2025-10-07,2025-10-10
SHP120321,ORD778321,Headphones,South,Delivered,2025-02-07,2025-02-10
SHP120322,ORD778322,Shampoo,North,Delivered,2025-01-11,2025-01-17
SHP120323,ORD778323,Shampoo,South,Delivered,2025-11-05,2025-11-12
SHP120324,ORD778324,Smartphone,East,Delivered,2025-01-10,2025-01-15
SHP120325,ORD778325,T-Shirt,West,Delivered,2025-06-24,2025-06-28
SHP120326,ORD778326,Monitor,South,Delivered,2025-10-19,2025-10-24
SHP120327,ORD778327,Headphones,East,Delivered,2025-02-24,2025-02-28
SHP120328,ORD778328,Monitor,South,In Transit,2025-11-03,2025-11-07
SHP120329,ORD778329,Car Seat,East,Delivered,2025-01-22,2025-01-26
SHP120330,ORD778330,Laptop,East,Delayed,2025-06-06,2025-06-08
SHP120331,ORD778331,Jeans,West,In Transit,2025-11-07,2025-11-11
SHP120332,ORD778332,Headphones,North,Delivered,2025-01-19,2025-01-23
SHP120333,ORD778333,Sofa,North,Delayed,2025-03-24,2025-03-28
SHP120334,ORD778334,Sofa,East,Delivered,2025-01-12,2025-01-18
SHP120335,ORD778335,Jacket,East,Delivered,2025-05-25,2025-05-30
SHP120336,ORD778336,Laptop,South,Delivered,2025-09-22,2025-09-27
SHP120337,ORD778337,Other Product,West,Delivered,2025-10-26,2025-10-29
SHP120338,ORD778338,Other Product,East,Delivered,2025-06-20,2025-06-22
SHP120339,ORD778339,Laptop,East,Delivered,2025-04-11,2025-04-15
SHP120340,ORD778340,Face Cream,East,Delivered,2025-09-26,2025-10-03
SHP120341,ORD778341,Car Seat,West,Delivered,2025-03-26,2025-03-28
SHP120342,ORD778342,Jeans,South,In Transit,2025-06-03,2025-06-08
SHP120343,ORD778343,Jeans,South,Delivered,2025-12-30,2026-01-03
SHP120344,ORD778344,Monitor,West,Delivered,2025-03-04,2025-03-07
SHP120345,ORD778345,Face Cream,North,Delivered,2025-04-12,2025-04-16
SHP120346,ORD778346,Dining Table,North,Delivered,2025-03-15,2025-03-19
SHP120347,ORD778347,Sofa,South,Delivered,2025-08-06,2025-08-11
SHP120348,ORD778348,Other Product,West,Delivered,2025-10-24,2025-10-31
SHP120349,ORD778349,Other Product,East,In Transit,2025-01-05,2025-01-08
SHP120350,ORD778350,Other Product,South,Delivered,2025-02-17,2025-02-22
SHP120351,ORD778351,Keyboard,South,Delivered,2025-11-16,2025-11-19
SHP120352,ORD778352,Jacket,North,Delivered,2025-04-11,2025-04-14
SHP120353,ORD778353,Keyboard,East,Delivered,2025-10-23,2025-10-30
SHP120354,ORD778354,Other Product,West,Delivered,2025-02-11,2025-02-15
SHP120355,ORD778355,Monitor,North,Delivered,2025-07-03,2025-07-09
SHP120356,ORD778356,Jeans,East,Delivered,2025-01-05,2025-01-08
SHP120357,ORD778357,T-Shirt,East,Delivered,2025-04-18,2025-04-23
SHP120358,ORD778358,Sofa,East,Delivered,2025-08-07,2025-08-11
SHP120359,ORD778359,Face Cream,North,Delivered,2025-11-11,2025-11-17
SHP120360,ORD778360,T-Shirt,North,Delivered,2025-06-30,2025-07-06
SHP120361,ORD778361,Monitor,North,Delivered,2025-07-10,2025-07-14
SHP120362,ORD778362,Laptop,North,Delivered,2025-12-15,2025-12-22
SHP120363,ORD778363,Keyboard,East,Delivered,2025-04-19,2025-04-24
SHP120364,ORD778364,Sofa,South,Delivered,2025-09-12,2025-09-15
SHP120365,ORD778365,Smartphone,North,Delivered,2025-11-14,2025-11-21
SHP120366,ORD778366,Jacket,West,Delivered,2025-12-30,2026-01-05
SHP120367,ORD778367,Jeans,South,Delivered,2025-06-26,2025-06-28
SHP120368,ORD778368,Jacket,West,Delivered,2025-02-22,2025-03-01
SHP120369,ORD778369,Engine Oil,West,Delivered,2025-08-26,2025-08-30
SHP120370,ORD778370,Laptop,South,Delivered,2025-08-06,2025-08-09
SHP120371,ORD778371,Face Cream,East,Delivered,2025-10-11,2025-10-15
SHP120372,ORD778372,Jeans,East,Delayed,2025-10-20,2025-10-23
SHP120373,ORD778373,Monitor,North,Delivered,2025-02-03,2025-02-06
SHP120374,ORD778374,Jeans,North,Delayed,2025-06-10,2025-06-14
SHP120375,ORD778375,Engine Oil,East,Delivered,2025-02-19,2025-02-21
SHP120376,ORD778376,Face Cream,East,Delivered,2025-11-29,2025-12-03
SHP120377,ORD778377,Monitor,South,Delivered,2025-02-11,2025-02-16
SHP120378,ORD778378,Car Seat,South,Delivered,2025-03-13,2025-03-21
SHP120379,ORD778379,Jacket,West,Delivered,2025-07-05,2025-07-12
SHP120380,ORD778380,Headphones,South,Delivered,2025-12-20,2025-12-24
SHP120381,ORD778381,Car Seat,West,Delivered,2025-12-13,2025-12-17
SHP120382,ORD778382,Engine Oil,East,Delivered,2025-10-20,2025-10-22
SHP120383,ORD778383,Monitor,East,Delivered,2025-02-07,2025-02-10
SHP120384,ORD778384,Monitor,East,Delivered,2025-12-10,2025-12-14
SHP120385,ORD778385,Shampoo,West,Delivered,2025-04-30,2025-05-03
SHP120386,ORD778386,Engine Oil,North,In Transit,2025-09-12,2025-09-18
SHP120387,ORD778387,T-Shirt,South,Delivered,2025-11-06,2025-11-12
SHP120388,ORD778388,Laptop,West,Delivered,2025-12-03,2025-12-10
SHP120389,ORD778389,Laptop,West,Delivered,2025-10-31,2025-11-03
SHP120390,ORD778390,Shampoo,South,Delivered,2025-12-30,2026-01-06
SHP120391,ORD778391,Laptop,West,Delivered,2025-03-20,2025-03-24
SHP120392,ORD778392,Shampoo,North,Delivered,2025-05-07,2025-05-11
SHP120393,ORD778393,Sofa,East,Delivered,2025-06-25,2025-07-01
SHP120394,ORD778394,Sofa,East,Delivered,2025-12-15,2025-12-21
SHP120395,ORD778395,Face Cream,South,Delivered,2025-01-20,2025-01-22
SHP120396,ORD778396,Jeans,West,Delivered,2025-07-06,2025-07-08
SHP120397,ORD778397,Dining Table,West,Delivered,2025-08-25,2025-08-28
SHP120398,ORD778398,Engine Oil,South,Delivered,2025-04-02,2025-04-05
SHP120399,ORD778399,Dining Table,North,Delivered,2025-09-04,2025-09-09
SHP120400,ORD778400,Headphones,East,Delivered,2025-08-06,2025-08-09
SHP120401,ORD778401,Face Cream,East,Delivered,2025-08-14,2025-08-18
SHP120402,ORD778402,Headphones,South,Delivered,2025-04-19,2025-04-21
SHP120403,ORD778403,Jacket,South,Delivered,2025-02-26,2025-03-01
SHP120404,ORD778404,Other Product,South,Delivered,2025-06-19,2025-06-22
SHP120405,ORD778405,Smartphone,East,Delivered,2025-09-04,2025-09-09
SHP120406,ORD778406,Smartphone,East,Delivered,2025-07-18,2025-07-21
SHP120407,ORD778407,Monitor,North,Delivered,2025-02-03,2025-02-08
SHP120408,ORD778408,Jacket,North,Delivered,2025-06-14,2025-06-19
SHP120409,ORD778409,Smartphone,South,Delivered,2025-02-12,2025-02-16
SHP120410,ORD778410,Face Cream,South,Delivered,2025-01-25,2025-01-30
SHP120411,ORD778411,Engine Oil,West,In Transit,2025-10-02,2025-10-08
SHP120412,ORD778412,Face Cream,South,Delivered,2025-10-18,2025-10-21
SHP120413,ORD778413,Dining Table,West,Delayed,2025-11-09,2025-11-13
SHP120414,ORD778414,Dining Table,North,Delivered,2025-03-20,2025-03-24
SHP120415,ORD778415,Other Product,South,Delivered,2025-09-19,2025-09-22
SHP120416,ORD778416,Shampoo,East,Delivered,2025-10-25,2025-10-30
SHP120417,ORD778417,T-Shirt,North,Delivered,2025-07-15,2025-07-18
SHP120418,ORD778418,Smartphone,North,Delivered,2025-01-29,2025-02-03
SHP120419,ORD778419,Sofa,South,Delivered,2025-11-25,2025-11-27
SHP120420,ORD778420,Car Seat,North,Delivered,2025-12-21,2025-12-23
SHP120421,ORD778421,Headphones,West,Delayed,2025-05-19,2025-05-27
SHP120422,ORD778422,Other Product,South,Delivered,2025-09-21,2025-09-24
SHP120423,ORD778423,Sofa,North,Delivered,2025-10-14,2025-10-17
SHP120424,ORD778424,T-Shirt,West,Delivered,2025-08-11,2025-08-13
SHP120425,ORD778425,Monitor,South,Delivered,2025-03-23,2025-03-27
SHP120426,ORD778426,Smartphone,East,Delivered,2025-10-22,2025-10-24
SHP120427,ORD778427,Other Product,East,In Transit,2025-01-24,2025-01-27
SHP120428,ORD778428,Monitor,West,Delivered,2025-09-23,2025-09-28
SHP120429,ORD778429,Keyboard,East,Delivered,2025-05-09,2025-05-15
SHP120430,ORD778430,T-Shirt,South,Delivered,2025-04-09,2025-04-13
SHP120431,ORD778431,Sofa,East,Delivered,2025-05-03,2025-05-08
SHP120432,ORD778432,Face Cream,North,Delivered,2025-04-28,2025-05-05
SHP120433,ORD778433,Shampoo,West,Delivered,2025-06-19,2025-06-21
SHP120434,ORD778434,Sofa,North,Delivered,2025-08-28,2025-09-01
SHP120435,ORD778435,Sofa,West,Delivered,2025-12-17,2025-12-21
SHP120436,ORD778436,T-Shirt,West,Delivered,2025-10-09,2025-10-14
SHP120437,ORD778437,Laptop,North,Delivered,2025-03-07,2025-03-12
SHP120438,ORD778438,Face Cream,East,Delivered,2025-05-01,2025-05-06
SHP120439,ORD778439,Car Seat,West,Delivered,2025-10-18,2025-10-21
SHP120440,ORD778440,Jacket,West,Delivered,2025-08-27,2025-09-01
SHP120441,ORD778441,Car Seat,East,Delivered,2025-12-22,2025-12-25
SHP120442,ORD778442,Car Seat,North,Delivered,2025-04-10,2025-04-16
SHP120443,ORD778443,Sofa,North,Delivered,2025-07-26,2025-07-31
SHP120444,ORD778444,Dining Table,West,Delivered,2025-04-18,2025-04-21
SHP120445,ORD778445,Car Seat,West,In Transit,2025-05-15,2025-05-20
SHP120446,ORD778446,Sofa,North,Delivered,2025-09-12,2025-09-14
SHP120447,ORD778447,Jeans,East,Delivered,2025-09-14,2025-09-16
SHP120448,ORD778448,Other Product,West,Delivered,2025-02-22,2025-03-01
SHP120449,ORD778449,Sofa,South,Delivered,2025-08-05,2025-08-11
SHP120450,ORD778450,Monitor,East,Delivered,2025-11-28,2025-12-02
SHP120451,ORD778451,Shampoo,South,Delivered,2025-06-11,2025-06-15
SHP120452,ORD778452,Jacket,South,Delivered,2025-11-15,2025-11-20
SHP120453,ORD778453,Laptop,South,Delivered,2025-06-14,2025-06-17
SHP120454,ORD778454,Dining Table,North,Delivered,2025-06-21,2025-06-23
SHP120455,ORD778455,Jeans,North,Delivered,2025-10-15,2025-10-18
SHP120456,ORD778456,Headphones,East,Delivered,2025-08-04,2025-08-10
SHP120457,ORD778457,Face Cream,West,Delivered,2025-04-21,2025-04-23
SHP120458,ORD778458,Jacket,East,Delivered,2025-02-12,2025-02-18
SHP120459,ORD778459,Other Product,South,Delivered,2025-12-27,2026-01-04
SHP120460,ORD778460,Shampoo,South,Delivered,2025-03-17,2025-03-23
SHP120461,ORD778461,Smartphone,North,Delivered,2025-02-12,2025-02-17
SHP120462,ORD778462,Car Seat,North,Delivered,2025-07-16,2025-07-21
SHP120463,ORD778463,Smartphone,West,Delivered,2025-09-05,2025-09-07
SHP120464,ORD778464,Engine Oil,North,Delivered,2025-02-11,2025-02-15
SHP120465,ORD778465,Engine Oil,South,Delivered,2025-09-13,2025-09-17
SHP120466,ORD778466,Jacket,West,Delivered,2025-01-26,2025-02-01
SHP120467,ORD778467,Monitor,East,Delivered,2025-09-05,2025-09-10
SHP120468,ORD778468,Headphones,West,Delivered,2025-08-09,2025-08-12
SHP120469,ORD778469,Dining Table,South,Delivered,2025-06-11,2025-06-15
SHP120470,ORD778470,Laptop,South,Delivered,2025-11-29,2025-12-03
SHP120471,ORD778471,Jeans,East,Delivered,2025-09-07,2025-09-13
SHP120472,ORD778472,T-Shirt,North,Delivered,2025-02-14,2025-02-22
SHP120473,ORD778473,Headphones,East,Delivered,2025-03-20,2025-03-27
SHP120474,ORD778474,Dining Table,West,Delivered,2025-08-17,2025-08-23
SHP120475,ORD778475,Dining Table,South,Delivered,2025-07-21,2025-07-23
SHP120476,ORD778476,Monitor,South,Delivered,2025-04-09,2025-04-12
SHP120477,ORD778477,Face Cream,West,Delayed,2025-08-13,2025-08-15
SHP120478,ORD778478,Jeans,East,Delivered,2025-04-25,2025-04-29
SHP120479,ORD778479,Smartphone,South,Delivered,2025-01-30,2025-02-01
SHP120480,ORD778480,Other Product,East,Delivered,2025-03-26,2025-04-01
SHP120481,ORD778481,Car Seat,South,Delivered,2025-03-05,2025-03-12
SHP120482,ORD778482,Face Cream,West,Delivered,2025-08-15,2025-08-20
SHP120483,ORD778483,Keyboard,West,Delivered,2025-04-28,2025-05-02
SHP120484,ORD778484,Other Product,South,Delayed,2025-12-29,2026-01-02
SHP120485,ORD778485,Shampoo,West,Delivered,2025-09-27,2025-10-01
SHP120486,ORD778486,Sofa,South,Delivered,2025-08-30,2025-09-04
SHP120487,ORD778487,Jeans,East,Delivered,2025-04-07,2025-04-09
SHP120488,ORD778488,Face Cream,West,Delivered,2025-05-06,2025-05-10
SHP120489,ORD778489,Dining Table,West,Delivered,2025-10-10,2025-10-17
SHP120490,ORD778490,Sofa,South,Delivered,2025-09-22,2025-09-25
SHP120491,ORD778491,Headphones,West,Delivered,2025-03-22,2025-03-24
SHP120492,ORD778492,Monitor,North,Delivered,2025-04-18,2025-04-21
SHP120493,ORD778493,Headphones,South,Delivered,2025-12-14,2025-12-16
SHP120494,ORD778494,Jacket,North,Delivered,2025-05-09,2025-05-16
SHP120495,ORD778495,Laptop,South,Delivered,2025-10-21,2025-10-25
SHP120496,ORD778496,Car Seat,East,Delivered,2025-08-07,2025-08-13
SHP120497,ORD778497,Jeans,East,Delivered,2025-04-09,2025-04-12
SHP120498,ORD778498,Keyboard,West,Delivered,2025-10-29,2025-11-05
SHP120499,ORD778499,Shampoo,South,Delivered,2025-04-20,2025-04-24
SHP120500,ORD778500,Dining Table,North,Delivered,2025-11-06,2025-11-10
SHP120501,ORD778501,Face Cream,West,Delivered,2025-08-04,2025-08-09
SHP120502,ORD778502,Jacket,South,Delivered,2025-03-31,2025-04-04
SHP120503,ORD778503,Keyboard,South,Delivered,2025-05-25,2025-05-28
SHP120504,ORD778504,Monitor,South,Delivered,2025-01-05,2025-01-12
SHP120505,ORD778505,Car Seat,South,Delivered,2025-04-13,2025-04-15
SHP120506,ORD778506,Engine Oil,East,In Transit,2025-04-02,2025-04-07
SHP120507,ORD778507,Dining Table,South,Delivered,2025-06-22,2025-06-24
SHP120508,ORD778508,Smartphone,South,Delivered,2025-06-09,2025-06-14
SHP120509,ORD778509,T-Shirt,South,Delivered,2025-08-09,2025-08-16
SHP120510,ORD778510,Laptop,North,Delivered,2025-08-21,2025-08-26
SHP120511,ORD778511,Jeans,North,Delayed,2025-12-27,2025-12-31
SHP120512,ORD778512,Monitor,East,Delivered,2025-02-08,2025-02-15
SHP120513,ORD778513,Jeans,East,Delivered,2025-10-09,2025-10-16
SHP120514,ORD778514,Laptop,South,Delivered,2025-06-23,2025-06-28
SHP120515,ORD778515,Other Product,East,Delivered,2025-04-24,2025-04-28
SHP120516,ORD778516,Smartphone,West,Delivered,2025-02-26,2025-03-06
SHP120517,ORD778517,Smartphone,North,Delivered,2025-12-15,2025-12-19
SHP120518,ORD778518,Car Seat,South,Delivered,2025-08-24,2025-08-29
SHP120519,ORD778519,Face Cream,North,Delivered,2025-09-05,2025-09-08
SHP120520,ORD778520,Monitor,North,Delivered,2025-11-29,2025-12-04
SHP120521,ORD778521,Other Product,South,Delivered,2025-12-15,2025-12-22
SHP120522,ORD778522,Jacket,West,In Transit,2025-10-05,2025-10-09
SHP120523,ORD778523,Headphones,East,Delivered,2025-04-21,2025-04-25
SHP120524,ORD778524,Engine Oil,East,Delivered,2025-04-02,2025-04-05
SHP120525,ORD778525,T-Shirt,West,Delivered,2025-07-17,2025-07-20
SHP120526,ORD778526,Dining Table,West,In Transit,2025-05-30,2025-06-07
SHP120527,ORD778527,Sofa,South,Delivered,2025-12-28,2025-12-30
SHP120528,ORD778528,T-Shirt,West,Delivered,2025-11-08,2025-11-13
SHP120529,ORD778529,Jacket,East,Delivered,2025-03-31,2025-04-02
SHP120530,ORD778530,Laptop,East,Delivered,2025-09-09,2025-09-13
SHP120531,ORD778531,Other Product,West,Delivered,2025-01-26,2025-02-02
SHP120532,ORD778532,Keyboard,North,Delivered,2025-04-15,2025-04-17
SHP120533,ORD778533,T-Shirt,North,Delivered,2025-08-30,2025-09-05
SHP120534,ORD778534,Jacket,West,Delivered,2025-08-12,2025-08-18
SHP120535,ORD778535,Car Seat,South,Delivered,2025-07-30,2025-08-07
SHP120536,ORD778536,Engine Oil,North,Delivered,2025-07-08,2025-07-15
SHP120537,ORD778537,Shampoo,South,In Transit,2025-05-07,2025-05-11
SHP120538,ORD778538,Dining Table,East,Delivered,2025-05-14,2025-05-18
SHP120539,ORD778539,Dining Table,South,Delayed,2025-09-28,2025-10-05
SHP120540,ORD778540,Sofa,East,Delivered,2025-05-25,2025-06-01
SHP120541,ORD778541,Dining Table,West,Delayed,2025-09-14,2025-09-18
SHP120542,ORD778542,Dining Table,West,Delivered,2025-04-25,2025-04-30
SHP120543,ORD778543,Jeans,West,Delivered,2025-02-09,2025-02-11
SHP120544,ORD778544,Face Cream,North,Delivered,2025-04-12,2025-04-14
SHP120545,ORD778545,Dining Table,South,Delivered,2025-01-23,2025-01-28
SHP120546,ORD778546,Headphones,South,Delivered,2025-10-29,2025-11-01
SHP120547,ORD778547,Jeans,East,Delivered,2025-05-21,2025-05-29
SHP120548,ORD778548,Face Cream,North,Delayed,2025-12-14,2025-12-16
SHP120549,ORD778549,Laptop,West,Delivered,2025-05-15,2025-05-18
SHP120550,ORD778550,Keyboard,North,Delivered,2025-10-23,2025-10-29
SHP120551,ORD778551,Shampoo,North,Delivered,2025-08-27,2025-09-01
SHP120552,ORD778552,Engine Oil,West,Delivered,2025-01-18,2025-01-25
SHP120553,ORD778553,Laptop,East,Delivered,2025-01-25,2025-01-29
SHP120554,ORD778554,Shampoo,West,Delivered,2025-06-30,2025-07-05
SHP120555,ORD778555,Dining Table,West,Delivered,2025-08-29,2025-09-01
SHP120556,ORD778556,Other Product,West,Delivered,2025-12-23,2025-12-28
SHP120557,ORD778557,Other Product,North,Delivered,2025-07-09,2025-07-13
SHP120558,ORD778558,T-Shirt,South,Delivered,2025-04-23,2025-04-30
SHP120559,ORD778559,Face Cream,East,Delivered,2025-12-16,2025-12-21
SHP120560,ORD778560,Headphones,South,Delivered,2025-08-03,2025-08-07
SHP120561,ORD778561,Shampoo,East,Delivered,2025-05-07,2025-05-11
SHP120562,ORD778562,Engine Oil,East,Delivered,2025-10-13,2025-10-17
SHP120563,ORD778563,Smartphone,South,Delivered,2025-01-13,2025-01-19
SHP120564,ORD778564,Monitor,West,Delivered,2025-09-19,2025-09-25
SHP120565,ORD778565,Shampoo,East,Delivered,2025-10-12,2025-10-18
SHP120566,ORD778566,Engine Oil,East,Delivered,2025-01-25,2025-01-29
SHP120567,ORD778567,Face Cream,West,Delivered,2025-07-06,2025-07-12
SHP120568,ORD778568,Dining Table,South,Delivered,2025-06-02,2025-06-07
SHP120569,ORD778569,Jeans,South,Delivered,2025-06-29,2025-07-02
SHP120570,ORD778570,Shampoo,North,Delivered,2025-05-27,2025-05-31
SHP120571,ORD778571,Other Product,West,Delivered,2025-11-24,2025-11-29
SHP120572,ORD778572,Other Product,West,Delivered,2025-09-20,2025-09-22
SHP120573,ORD778573,Engine Oil,North,Delayed,2025-11-03,2025-11-06
SHP120574,ORD778574,Jeans,West,Delivered,2025-07-01,2025-07-06
SHP120575,ORD778575,Jeans,East,Delivered,2025-03-11,2025-03-13
SHP120576,ORD778576,Other Product,North,In Transit,2025-01-07,2025-01-14
SHP120577,ORD778577,Jacket,East,Delivered,2025-04-16,2025-04-21
SHP120578,ORD778578,Engine Oil,North,Delivered,2025-11-07,2025-11-12
SHP120579,ORD778579,Laptop,South,Delivered,2025-01-03,2025-01-06
SHP120580,ORD778580,Sofa,West,Delivered,2025-09-19,2025-09-23
SHP120581,ORD778581,Jacket,West,Delivered,2025-08-17,2025-08-21
SHP120582,ORD778582,Smartphone,West,Delivered,2025-05-10,2025-05-13
SHP120583,ORD778583,Engine Oil,West,Delivered,2025-03-25,2025-03-28
SHP120584,ORD778584,Smartphone,North,Delayed,2025-06-04,2025-06-12
SHP120585,ORD778585,Jeans,West,Delivered,2025-08-18,2025-08-20
SHP120586,ORD778586,Smartphone,East,Delivered,2025-01-28,2025-02-04
SHP120587,ORD778587,Jeans,West,Delivered,2025-03-18,2025-03-21
SHP120588,ORD778588,T-Shirt,West,Delivered,2025-01-08,2025-01-12
SHP120589,ORD778589,Keyboard,West,Delivered,2025-04-08,2025-04-10
SHP120590,ORD778590,Engine Oil,North,Delivered,2025-08-13,2025-08-17
SHP120591,ORD778591,Sofa,North,Delivered,2025-12-12,2025-12-17
SHP120592,ORD778592,Face Cream,North,Delivered,2025-05-02,2025-05-07
SHP120593,ORD778593,Engine Oil,South,Delivered,2025-07-19,2025-07-23
SHP120594,ORD778594,Monitor,North,Delivered,2025-07-04,2025-07-06
SHP120595,ORD778595,Jacket,East,Delivered,2025-05-06,2025-05-10
SHP120596,ORD778596,Smartphone,North,Delivered,2025-12-03,2025-12-10
SHP120597,ORD778597,Keyboard,North,Delivered,2025-06-30,2025-07-04
SHP120598,ORD778598,Keyboard,North,Delivered,2025-02-15,2025-02-19
SHP120599,ORD778599,Sofa,North,Delivered,2025-12-11,2025-12-15
SHP120600,ORD778600,T-Shirt,East,Delivered,2025-07-16,2025-07-21
SHP120601,ORD778601,Keyboard,North,Delivered,2025-10-01,2025-10-06
SHP120602,ORD778602,Dining Table,West,Delivered,2025-06-05,2025-06-13
SHP120603,ORD778603,Dining Table,West,Delivered,2025-04-18,2025-04-23
SHP120604,ORD778604,Sofa,North,Delivered,2025-06-08,2025-06-12
SHP120605,ORD778605,Headphones,West,Delivered,2025-08-25,2025-08-27
SHP120606,ORD778606,Other Product,South,Delivered,2025-11-09,2025-11-12
SHP120607,ORD778607,Keyboard,South,Delivered,2025-07-20,2025-07-23
SHP120608,ORD778608,Laptop,East,In Transit,2025-12-07,2025-12-11
SHP120609,ORD778609,Smartphone,West,Delivered,2025-06-25,2025-06-29
SHP120610,ORD778610,Dining Table,West,Delivered,2025-12-01,2025-12-09
SHP120611,ORD778611,Sofa,West,Delivered,2025-02-16,2025-02-18
SHP120612,ORD778612,Car Seat,East,Delivered,2025-03-04,2025-03-07
SHP120613,ORD778613,Car Seat,South,Delivered,2025-07-16,2025-07-18
SHP120614,ORD778614,Other Product,West,Delivered,2025-12-30,2026-01-06
SHP120615,ORD778615,Monitor,West,Delivered,2025-04-23,2025-04-26
SHP120616,ORD778616,Headphones,North,Delivered,2025-02-27,2025-03-03
SHP120617,ORD778617,Shampoo,North,Delivered,2025-05-26,2025-05-28
SHP120618,ORD778618,Jeans,North,Delivered,2025-11-06,2025-11-10
SHP120619,ORD778619,Headphones,North,Delivered,2025-06-11,2025-06-13
SHP120620,ORD778620,Face Cream,East,Delivered,2025-12-03,2025-12-09
SHP120621,ORD778621,T-Shirt,East,Delivered,2025-11-21,2025-11-29
SHP120622,ORD778622,Dining Table,North,Delivered,2025-09-21,2025-09-24
SHP120623,ORD778623,T-Shirt,South,Delivered,2025-11-17,2025-11-22
SHP120624,ORD778624,Sofa,North,Delivered,2025-01-20,2025-01-25
SHP120625,ORD778625,Monitor,North,Delivered,2025-01-02,2025-01-08
SHP120626,ORD778626,Engine Oil,West,Delivered,2025-09-24,2025-09-28
SHP120627,ORD778627,Smartphone,West,Delivered,2025-12-08,2025-12-13
SHP120628,ORD778628,Car Seat,North,Delivered,2025-09-25,2025-09-30
SHP120629,ORD778629,Shampoo,West,Delivered,2025-08-31,2025-09-02
SHP120630,ORD778630,Shampoo,East,Delivered,2025-01-06,2025-01-13
SHP120631,ORD778631,Car Seat,North,Delivered,2025-02-17,2025-02-21
SHP120632,ORD778632,Jeans,North,Delivered,2025-04-08,2025-04-12
SHP120633,ORD778633,Other Product,South,Delivered,2025-08-26,2025-08-31
SHP120634,ORD778634,Engine Oil,North,Delivered,2025-01-03,2025-01-07
SHP120635,ORD778635,Smartphone,South,Delivered,2025-08-02,2025-08-07
SHP120636,ORD778636,Dining Table,North,Delivered,2025-06-06,2025-06-10
SHP120637,ORD778637,Dining Table,East,Delivered,2025-10-29,2025-11-03
SHP120638,ORD778638,Dining Table,East,Delivered,2025-10-19,2025-10-24
SHP120639,ORD778639,Keyboard,North,Delivered,2025-08-13,2025-08-20
SHP120640,ORD778640,Monitor,North,Delivered,2025-04-13,2025-04-18
SHP120641,ORD778641,Car Seat,South,Delivered,2025-02-02,2025-02-06
SHP120642,ORD778642,Car Seat,South,Delivered,2025-07-18,2025-07-22
SHP120643,ORD778643,Other Product,West,Delivered,2025-12-01,2025-12-08
SHP120644,ORD778644,Keyboard,West,Delivered,2025-04-22,2025-04-24
SHP120645,ORD778645,Engine Oil,North,Delivered,2025-08-21,2025-08-27
SHP120646,ORD778646,Shampoo,East,Delivered,2025-08-04,2025-08-08
SHP120647,ORD778647,Monitor,South,Delivered,2025-08-27,2025-09-01
SHP120648,ORD778648,Keyboard,East,Delivered,2025-02-21,2025-02-28
SHP120649,ORD778649,Headphones,West,In Transit,2025-03-19,2025-03-25
SHP120650,ORD778650,Jacket,South,Delivered,2025-06-11,2025-06-15
SHP120651,ORD778651,Smartphone,South,Delivered,2025-09-10,2025-09-13
SHP120652,ORD778652,Headphones,South,Delivered,2025-09-02,2025-09-10
SHP120653,ORD778653,Engine Oil,West,Delivered,2025-11-26,2025-11-29
SHP120654,ORD778654,Laptop,North,In Transit,2025-12-10,2025-12-17
SHP120655,ORD778655,Dining Table,West,Delivered,2025-02-08,2025-02-12
SHP120656,ORD778656,Jacket,South,Delivered,2025-02-10,2025-02-12
SHP120657,ORD778657,Sofa,East,Delivered,2025-04-26,2025-05-03
SHP120658,ORD778658,Car Seat,East,Delivered,2025-11-30,2025-12-04
SHP120659,ORD778659,Jeans,South,Delivered,2025-12-21,2025-12-25
SHP120660,ORD778660,Jacket,North,Delivered,2025-02-02,2025-02-06
SHP120661,ORD778661,Shampoo,East,Delivered,2025-06-08,2025-06-12
SHP120662,ORD778662,Face Cream,West,Delivered,2025-02-20,2025-02-23
SHP120663,ORD778663,Jacket,West,Delivered,2025-05-24,2025-05-28
SHP120664,ORD778664,Keyboard,South,Delivered,2025-05-20,2025-05-23
SHP120665,ORD778665,Engine Oil,East,Delivered,2025-02-23,2025-02-28
SHP120666,ORD778666,Car Seat,West,Delivered,2025-08-20,2025-08-28
SHP120667,ORD778667,Laptop,North,Delivered,2025-11-17,2025-11-22
SHP120668,ORD778668,T-Shirt,North,Delivered,2025-06-03,2025-06-07
SHP120669,ORD778669,Engine Oil,West,Delivered,2025-05-17,2025-05-21
SHP120670,ORD778670,Car Seat,South,Delivered,2025-08-13,2025-08-21
SHP120671,ORD778671,Headphones,East,Delivered,2025-10-20,2025-10-23
SHP120672,ORD778672,Shampoo,North,Delivered,2025-09-04,2025-09-10
SHP120673,ORD778673,Engine Oil,East,Delivered,2025-04-14,2025-04-19
SHP120674,ORD778674,Car Seat,West,Delivered,2025-04-07,2025-04-11
SHP120675,ORD778675,Engine Oil,East,Delivered,2025-02-26,2025-03-06
SHP120676,ORD778676,Monitor,South,Delivered,2025-10-01,2025-10-03
SHP120677,ORD778677,Shampoo,West,Delayed,2025-07-13,2025-07-15
SHP120678,ORD778678,Other Product,South,Delivered,2025-07-08,2025-07-13
SHP120679,ORD778679,Sofa,East,Delivered,2025-02-08,2025-02-14
SHP120680,ORD778680,Monitor,East,Delivered,2025-06-01,2025-06-07
SHP120681,ORD778681,Smartphone,North,Delivered,2025-07-30,2025-08-02
SHP120682,ORD778682,Jacket,South,Delivered,2025-02-16,2025-02-23
SHP120683,ORD778683,Shampoo,West,Delivered,2025-06-09,2025-06-14
SHP120684,ORD778684,Shampoo,South,Delivered,2025-11-29,2025-12-04
SHP120685,ORD778685,Dining Table,West,Delivered,2025-09-02,2025-09-08
SHP120686,ORD778686,Jacket,West,Delivered,2025-03-23,2025-03-25
SHP120687,ORD778687,Engine Oil,North,Delivered,2025-05-13,2025-05-20
SHP120688,ORD778688,Other Product,East,Delivered,2025-07-30,2025-08-04
SHP120689,ORD778689,Dining Table,West,Delivered,2025-05-17,2025-05-21
SHP120690,ORD778690,Face Cream,East,Delivered,2025-03-03,2025-03-08
SHP120691,ORD778691,Other Product,South,Delivered,2025-10-01,2025-10-06
SHP120692,ORD778692,Shampoo,West,Delivered,2025-07-04,2025-07-07
SHP120693,ORD778693,Shampoo,South,Delivered,2025-12-22,2025-12-26
SHP120694,ORD778694,Other Product,South,Delivered,2025-06-11,2025-06-14
SHP120695,ORD778695,Dining Table,East,Delivered,2025-04-28,2025-05-03
SHP120696,ORD778696,Sofa,South,Delivered,2025-02-07,2025-02-11
SHP120697,ORD778697,Smartphone,South,Delivered,2025-11-06,2025-11-09
SHP120698,ORD778698,Dining Table,East,Delivered,2025-10-22,2025-10-29
SHP120699,ORD778699,Face Cream,East,Delivered,2025-03-16,2025-03-24
SHP120700,ORD778700,Monitor,North,In Transit,2025-11-17,2025-11-22
SHP120701,ORD778701,Shampoo,South,Delivered,2025-06-11,2025-06-14
SHP120702,ORD778702,Keyboard,North,Delayed,2025-03-01,2025-03-04
SHP120703,ORD778703,Other Product,South,Delivered,2025-05-11,2025-05-14
SHP120704,ORD778704,Headphones,South,Delivered,2025-03-02,2025-03-09
SHP120705,ORD778705,T-Shirt,South,In Transit,2025-04-04,2025-04-10
SHP120706,ORD778706,Jeans,West,Delivered,2025-10-06,2025-10-09
SHP120707,ORD778707,Jacket,East,In Transit,2025-06-04,2025-06-08
SHP120708,ORD778708,Laptop,South,Delayed,2025-02-16,2025-02-20
SHP120709,ORD778709,Jacket,North,Delivered,2025-07-19,2025-07-24
SHP120710,ORD778710,Other Product,West,Delivered,2025-05-20,2025-05-24
SHP120711,ORD778711,Laptop,West,Delivered,2025-04-11,2025-04-15
SHP120712,ORD778712,Monitor,South,Delivered,2025-02-25,2025-03-02
SHP120713,ORD778713,Jacket,South,Delivered,2025-01-10,2025-01-13
SHP120714,ORD778714,Other Product,East,Delivered,2025-04-14,2025-04-19
SHP120715,ORD778715,Shampoo,West,In Transit,2025-03-25,2025-03-28
SHP120716,ORD778716,Headphones,North,In Transit,2025-01-16,2025-01-23
SHP120717,ORD778717,Car Seat,East,Delivered,2025-07-18,2025-07-21
SHP120718,ORD778718,T-Shirt,South,Delivered,2025-11-13,2025-11-17
SHP120719,ORD778719,T-Shirt,East,Delivered,2025-01-14,2025-01-19
SHP120720,ORD778720,Keyboard,North,Delivered,2025-05-11,2025-05-18
SHP120721,ORD778721,Dining Table,South,Delivered,2025-02-06,2025-02-13
SHP120722,ORD778722,T-Shirt,West,Delivered,2025-10-01,2025-10-05
SHP120723,ORD778723,Other Product,South,Delivered,2025-01-16,2025-01-22
SHP120724,ORD778724,Shampoo,West,Delivered,2025-10-10,2025-10-15
SHP120725,ORD778725,Car Seat,North,Delivered,2025-09-10,2025-09-14
SHP120726,ORD778726,Face Cream,East,Delivered,2025-03-01,2025-03-03
SHP120727,ORD778727,Sofa,South,In Transit,2025-07-21,2025-07-23
SHP120728,ORD778728,Shampoo,East,Delivered,2025-12-25,2025-12-29
SHP120729,ORD778729,Dining Table,East,Delivered,2025-03-16,2025-03-21
SHP120730,ORD778730,Laptop,South,Delivered,2025-02-20,2025-02-24
SHP120731,ORD778731,Headphones,North,Delivered,2025-10-26,2025-10-28
SHP120732,ORD778732,Jeans,North,Delayed,2025-11-11,2025-11-13
SHP120733,ORD778733,Face Cream,West,Delivered,2025-09-16,2025-09-18
SHP120734,ORD778734,Smartphone,North,In Transit,2025-01-30,2025-02-03
SHP120735,ORD778735,Car Seat,West,Delivered,2025-05-08,2025-05-10
SHP120736,ORD778736,Other Product,East,Delivered,2025-05-15,2025-05-19
SHP120737,ORD778737,T-Shirt,South,Delivered,2025-01-23,2025-01-27
SHP120738,ORD778738,Smartphone,North,Delivered,2025-04-23,2025-04-30
SHP120739,ORD778739,Smartphone,West,Delivered,2025-07-29,2025-08-02
SHP120740,ORD778740,Shampoo,South,Delivered,2025-08-10,2025-08-12
SHP120741,ORD778741,Other Product,South,Delivered,2025-05-10,2025-05-15
SHP120742,ORD778742,Headphones,South,Delivered,2025-04-11,2025-04-14
SHP120743,ORD778743,Car Seat,South,Delivered,2025-01-09,2025-01-13
SHP120744,ORD778744,Shampoo,North,Delivered,2025-06-06,2025-06-08
SHP120745,ORD778745,Smartphone,North,Delivered,2025-03-10,2025-03-15
SHP120746,ORD778746,Sofa,North,Delivered,2025-03-19,2025-03-23
SHP120747,ORD778747,Monitor,South,Delivered,2025-11-15,2025-11-21
SHP120748,ORD778748,Headphones,West,Delivered,2025-06-23,2025-06-30
SHP120749,ORD778749,Car Seat,West,In Transit,2025-03-04,2025-03-07
SHP120750,ORD778750,Monitor,North,Delivered,2025-10-01,2025-10-07
SHP120751,ORD778751,Dining Table,East,In Transit,2025-02-27,2025-03-02
SHP120752,ORD778752,Jeans,North,Delivered,2025-02-25,2025-02-27
SHP120753,ORD778753,Sofa,East,Delivered,2025-09-28,2025-10-01
SHP120754,ORD778754,Shampoo,East,Delivered,2025-03-30,2025-04-02
SHP120755,ORD778755,Jacket,North,Delivered,2025-08-18,2025-08-21
SHP120756,ORD778756,Sofa,North,Delivered,2025-05-03,2025-05-08
SHP120757,ORD778757,Sofa,South,Delivered,2025-04-16,2025-04-20
SHP120758,ORD778758,Headphones,East,Delivered,2025-08-22,2025-08-26
SHP120759,ORD778759,Keyboard,South,Delivered,2025-01-30,2025-02-04
SHP120760,ORD778760,Keyboard,South,Delivered,2025-12-24,2025-12-26
SHP120761,ORD778761,Sofa,South,Delivered,2025-07-02,2025-07-06
SHP120762,ORD778762,Face Cream,East,Delivered,2025-11-13,2025-11-16
SHP120763,ORD778763,Other Product,North,Delivered,2025-02-26,2025-02-28
SHP120764,ORD778764,T-Shirt,North,In Transit,2025-03-20,2025-03-24
SHP120765,ORD778765,Laptop,East,Delivered,2025-04-09,2025-04-16
SHP120766,ORD778766,Headphones,North,Delivered,2025-12-04,2025-12-08
SHP120767,ORD778767,Other Product,West,Delivered,2025-10-17,2025-10-21
SHP120768,ORD778768,Sofa,East,Delivered,2025-09-23,2025-09-29
SHP120769,ORD778769,Face Cream,North,Delivered,2025-10-20,2025-10-22
SHP120770,ORD778770,Headphones,North,Delivered,2025-03-01,2025-03-07
SHP120771,ORD778771,Keyboard,West,Delivered,2025-01-31,2025-02-05
SHP120772,ORD778772,Shampoo,West,Delivered,2025-12-20,2025-12-24
SHP120773,ORD778773,Engine Oil,North,Delivered,2025-08-20,2025-08-23
SHP120774,ORD778774,Sofa,South,Delivered,2025-01-01,2025-01-05
SHP120775,ORD778775,Smartphone,South,Delivered,2025-07-19,2025-07-24
SHP120776,ORD778776,Other Product,West,Delivered,2025-04-19,2025-04-25
SHP120777,ORD778777,Keyboard,North,Delivered,2025-06-27,2025-06-29
SHP120778,ORD778778,Keyboard,South,Delivered,2025-08-30,2025-09-03
SHP120779,ORD778779,Engine Oil,South,Delivered,2025-01-20,2025-01-23
SHP120780,ORD778780,T-Shirt,West,Delivered,2025-11-26,2025-11-30
SHP120781,ORD778781,Smartphone,South,Delivered,2025-04-27,2025-05-01
SHP120782,ORD778782,Laptop,West,Delivered,2025-11-27,2025-11-30
SHP120783,ORD778783,Jeans,East,Delivered,2025-09-29,2025-10-03
SHP120784,ORD778784,Headphones,North,Delivered,2025-09-12,2025-09-15
SHP120785,ORD778785,Face Cream,West,Delayed,2025-09-21,2025-09-25
SHP120786,ORD778786,Keyboard,West,Delayed,2025-06-10,2025-06-15
SHP120787,ORD778787,Engine Oil,West,Delivered,2025-01-06,2025-01-14
SHP120788,ORD778788,Face Cream,South,Delivered,2025-08-06,2025-08-11
SHP120789,ORD778789,Headphones,West,Delivered,2025-01-04,2025-01-08
SHP120790,ORD778790,Smartphone,South,Delivered,2025-07-28,2025-08-03
SHP120791,ORD778791,T-Shirt,South,Delivered,2025-09-11,2025-09-14
SHP120792,ORD778792,Monitor,West,Delivered,2025-01-18,2025-01-24
SHP120793,ORD778793,Laptop,North,Delivered,2025-11-21,2025-11-26
SHP120794,ORD778794,Car Seat,East,Delayed,2025-07-27,2025-07-29
SHP120795,ORD778795,Dining Table,East,Delivered,2025-07-23,2025-07-26
SHP120796,ORD778796,Shampoo,North,Delivered,2025-02-26,2025-03-03
SHP120797,ORD778797,Laptop,South,Delivered,2025-05-12,2025-05-17
SHP120798,ORD778798,Keyboard,North,Delivered,2025-09-29,2025-10-02
SHP120799,ORD778799,Engine Oil,West,Delivered,2025-05-05,2025-05-09
SHP120800,ORD778800,Other Product,East,In Transit,2025-04-11,2025-04-16
SHP120801,ORD778801,Monitor,South,Delivered,2025-12-08,2025-12-16
SHP120802,ORD778802,Engine Oil,South,Delivered,2025-07-18,2025-07-20
SHP120803,ORD778803,Jacket,North,Delivered,2025-05-26,2025-05-28
SHP120804,ORD778804,Car Seat,West,Delivered,2025-03-21,2025-03-25
SHP120805,ORD778805,Dining Table,South,Delivered,2025-06-10,2025-06-13
SHP120806,ORD778806,Laptop,South,Delivered,2025-07-17,2025-07-21
SHP120807,ORD778807,Smartphone,South,Delivered,2025-02-28,2025-03-06
SHP120808,ORD778808,Jeans,North,Delivered,2025-01-01,2025-01-06
SHP120809,ORD778809,Smartphone,North,Delivered,2025-06-21,2025-06-25
SHP120810,ORD778810,Jacket,West,Delivered,2025-01-17,2025-01-24
SHP120811,ORD778811,Engine Oil,South,In Transit,2025-01-28,2025-02-01
SHP120812,ORD778812,Sofa,North,Delivered,2025-07-09,2025-07-11
SHP120813,ORD778813,Shampoo,West,Delivered,2025-04-03,2025-04-05
SHP120814,ORD778814,Dining Table,North,Delivered,2025-09-02,2025-09-09
SHP120815,ORD778815,Engine Oil,West,Delivered,2025-07-20,2025-07-22
SHP120816,ORD778816,Shampoo,East,Delivered,2025-02-05,2025-02-10
SHP120817,ORD778817,Face Cream,South,Delivered,2025-09-16,2025-09-20
SHP120818,ORD778818,T-Shirt,North,Delivered,2025-09-13,2025-09-17
SHP120819,ORD778819,Dining Table,West,In Transit,2025-01-02,2025-01-08
SHP120820,ORD778820,Engine Oil,South,Delivered,2025-09-28,2025-10-04
SHP120821,ORD778821,Jeans,West,In Transit,2025-10-10,2025-10-15
SHP120822,ORD778822,Jacket,South,Delayed,2025-12-23,2025-12-30
SHP120823,ORD778823,Sofa,North,Delivered,2025-03-07,2025-03-10
SHP120824,ORD778824,Smartphone,East,Delivered,2025-08-13,2025-08-20
SHP120825,ORD778825,Jacket,North,Delivered,2025-06-24,2025-06-26
SHP120826,ORD778826,Face Cream,West,Delivered,2025-12-18,2025-12-21
SHP120827,ORD778827,Face Cream,East,Delivered,2025-01-22,2025-01-29
SHP120828,ORD778828,Engine Oil,South,Delivered,2025-04-29,2025-05-02
SHP120829,ORD778829,Smartphone,East,Delivered,2025-03-07,2025-03-15
SHP120830,ORD778830,Car Seat,South,Delivered,2025-07-14,2025-07-17
SHP120831,ORD778831,Headphones,North,Delivered,2025-05-02,2025-05-05
SHP120832,ORD778832,Monitor,North,Delivered,2025-07-21,2025-07-26
SHP120833,ORD778833,Engine Oil,East,Delivered,2025-09-04,2025-09-12
SHP120834,ORD778834,Jeans,West,Delivered,2025-10-04,2025-10-10
SHP120835,ORD778835,Face Cream,South,In Transit,2025-02-13,2025-02-18
SHP120836,ORD778836,Keyboard,North,Delivered,2025-06-05,2025-06-13
SHP120837,ORD778837,Monitor,North,Delivered,2025-01-01,2025-01-09
SHP120838,ORD778838,Shampoo,West,Delivered,2025-09-12,2025-09-16
SHP120839,ORD778839,Monitor,South,Delivered,2025-05-08,2025-05-15
SHP120840,ORD778840,Other Product,West,Delivered,2025-03-14,2025-03-18
SHP120841,ORD778841,Jeans,West,Delivered,2025-04-20,2025-04-25
SHP120842,ORD778842,Other Product,North,Delivered,2025-03-17,2025-03-23
SHP120843,ORD778843,Other Product,North,Delivered,2025-12-15,2025-12-19
SHP120844,ORD778844,Car Seat,West,In Transit,2025-01-12,2025-01-17
SHP120845,ORD778845,Jeans,North,Delivered,2025-03-05,2025-03-10
SHP120846,ORD778846,T-Shirt,North,Delivered,2025-05-30,2025-06-03
SHP120847,ORD778847,Jacket,East,Delivered,2025-07-30,2025-08-03
SHP120848,ORD778848,Shampoo,North,Delivered,2025-11-17,2025-11-21
SHP120849,ORD778849,Jacket,South,Delivered,2025-03-12,2025-03-16
SHP120850,ORD778850,Smartphone,North,Delivered,2025-09-20,2025-09-23
SHP120851,ORD778851,Headphones,South,Delivered,2025-08-09,2025-08-13
SHP120852,ORD778852,Keyboard,West,Delivered,2025-07-19,2025-07-22
SHP120853,ORD778853,Engine Oil,North,Delivered,2025-03-09,2025-03-12
SHP120854,ORD778854,Car Seat,West,Delivered,2025-09-09,2025-09-15
SHP120855,ORD778855,Smartphone,South,Delivered,2025-06-03,2025-06-06
SHP120856,ORD778856,Jeans,South,Delivered,2025-04-28,2025-05-03
SHP120857,ORD778857,Jacket,East,Delivered,2025-04-12,2025-04-15
SHP120858,ORD778858,Sofa,North,In Transit,2025-11-13,2025-11-16
SHP120859,ORD778859,Headphones,North,Delivered,2025-04-20,2025-04-27
SHP120860,ORD778860,Dining Table,West,Delivered,2025-05-14,2025-05-19
SHP120861,ORD778861,Jeans,East,Delivered,2025-08-28,2025-09-01
SHP120862,ORD778862,Monitor,South,Delivered,2025-05-02,2025-05-10
SHP120863,ORD778863,Keyboard,East,Delivered,2025-12-24,2025-12-27
SHP120864,ORD778864,Monitor,West,Delivered,2025-10-29,2025-11-01
SHP120865,ORD778865,Dining Table,West,Delayed,2025-06-22,2025-06-28
SHP120866,ORD778866,T-Shirt,West,Delivered,2025-01-21,2025-01-25
SHP120867,ORD778867,Headphones,South,Delivered,2025-10-19,2025-10-24
SHP120868,ORD778868,Face Cream,East,Delivered,2025-03-28,2025-04-01
SHP120869,ORD778869,Engine Oil,South,Delivered,2025-11-28,2025-11-30
SHP120870,ORD778870,Smartphone,South,Delivered,2025-09-22,2025-09-26
SHP120871,ORD778871,Smartphone,West,Delivered,2025-05-25,2025-05-28
SHP120872,ORD778872,Dining Table,South,Delivered,2025-09-09,2025-09-15
SHP120873,ORD778873,Dining Table,East,Delayed,2025-02-11,2025-02-13
SHP120874,ORD778874,Shampoo,East,Delivered,2025-04-21,2025-04-25
SHP120875,ORD778875,Shampoo,West,Delivered,2025-04-15,2025-04-19
SHP120876,ORD778876,Headphones,South,Delivered,2025-04-24,2025-04-28
SHP120877,ORD778877,Sofa,East,Delivered,2025-12-08,2025-12-10
SHP120878,ORD778878,Monitor,West,In Transit,2025-01-01,2025-01-03
SHP120879,ORD778879,Monitor,West,Delivered,2025-08-23,2025-08-28
SHP120880,ORD778880,Laptop,South,Delivered,2025-06-23,2025-06-26
SHP120881,ORD778881,Jacket,West,Delivered,2025-12-22,2025-12-25
SHP120882,ORD778882,Other Product,West,Delivered,2025-01-23,2025-01-30
SHP120883,ORD778883,Car Seat,North,Delivered,2025-02-25,2025-03-01
SHP120884,ORD778884,Monitor,North,Delivered,2025-04-24,2025-04-29
SHP120885,ORD778885,Smartphone,West,Delayed,2025-07-13,2025-07-15
SHP120886,ORD778886,Keyboard,North,Delivered,2025-12-19,2025-12-22
SHP120887,ORD778887,Sofa,North,Delivered,2025-11-03,2025-11-08
SHP120888,ORD778888,Jeans,East,Delivered,2025-05-22,2025-05-26
SHP120889,ORD778889,Engine Oil,North,Delivered,2025-03-13,2025-03-16
SHP120890,ORD778890,Jeans,North,Delivered,2025-11-21,2025-11-25
SHP120891,ORD778891,Other Product,West,Delivered,2025-08-15,2025-08-17
SHP120892,ORD778892,Jeans,North,Delivered,2025-07-22,2025-07-27
SHP120893,ORD778893,Keyboard,North,Delivered,2025-06-29,2025-07-02
SHP120894,ORD778894,Face Cream,North,Delivered,2025-05-16,2025-05-23
SHP120895,ORD778895,Sofa,North,Delivered,2025-08-19,2025-08-22
SHP120896,ORD778896,Dining Table,North,Delivered,2025-10-28,2025-11-01
SHP120897,ORD778897,Laptop,West,Delivered,2025-11-28,2025-11-30
SHP120898,ORD778898,Engine Oil,East,Delivered,2025-09-11,2025-09-13
SHP120899,ORD778899,Keyboard,South,Delivered,2025-01-19,2025-01-25
SHP120900,ORD778900,Sofa,East,Delivered,2025-08-28,2025-08-31
SHP120901,ORD778901,Jacket,South,Delivered,2025-10-18,2025-10-23
SHP120902,ORD778902,Dining Table,West,Delivered,2025-03-05,2025-03-09
SHP120903,ORD778903,Keyboard,West,Delivered,2025-09-09,2025-09-14
SHP120904,ORD778904,Smartphone,West,Delivered,2025-09-24,2025-09-26
SHP120905,ORD778905,Jacket,West,Delivered,2025-09-14,2025-09-21
SHP120906,ORD778906,Headphones,East,Delivered,2025-04-14,2025-04-16
SHP120907,ORD778907,Engine Oil,West,Delivered,2025-11-09,2025-11-12
SHP120908,ORD778908,Headphones,North,Delivered,2025-01-07,2025-01-14
SHP120909,ORD778909,Other Product,South,Delivered,2025-08-06,2025-08-09
SHP120910,ORD778910,Sofa,North,Delivered,2025-09-17,2025-09-23
SHP120911,ORD778911,Engine Oil,South,Delivered,2025-03-17,2025-03-23
SHP120912,ORD778912,Face Cream,South,Delayed,2025-06-18,2025-06-26
SHP120913,ORD778913,Headphones,South,Delivered,2025-05-07,2025-05-11
SHP120914,ORD778914,Keyboard,North,Delivered,2025-02-21,2025-02-24
SHP120915,ORD778915,Dining Table,East,Delivered,2025-12-08,2025-12-13
SHP120916,ORD778916,Car Seat,West,Delayed,2025-05-15,2025-05-17
SHP120917,ORD778917,Shampoo,South,Delivered,2025-10-25,2025-10-31
SHP120918,ORD778918,Shampoo,East,Delivered,2025-08-08,2025-08-11
SHP120919,ORD778919,Jacket,East,Delivered,2025-12-02,2025-12-09
SHP120920,ORD778920,Other Product,East,In Transit,2025-05-08,2025-05-12
SHP120921,ORD778921,Car Seat,South,Delivered,2025-09-01,2025-09-06
SHP120922,ORD778922,Shampoo,North,Delivered,2025-10-10,2025-10-13
SHP120923,ORD778923,Jeans,West,Delivered,2025-05-19,2025-05-24
SHP120924,ORD778924,Laptop,North,Delivered,2025-07-22,2025-07-25
SHP120925,ORD778925,Headphones,South,Delivered,2025-11-07,2025-11-11
SHP120926,ORD778926,Headphones,East,Delivered,2025-01-25,2025-01-30
SHP120927,ORD778927,Dining Table,West,Delivered,2025-05-04,2025-05-06
SHP120928,ORD778928,Jacket,South,Delivered,2025-10-16,2025-10-19
SHP120929,ORD778929,T-Shirt,West,Delivered,2025-02-15,2025-02-19
SHP120930,ORD778930,Smartphone,North,Delivered,2025-09-13,2025-09-18
SHP120931,ORD778931,Shampoo,South,Delivered,2025-11-07,2025-11-10
SHP120932,ORD778932,Monitor,West,Delivered,2025-11-29,2025-12-06
SHP120933,ORD778933,Face Cream,North,Delivered,2025-12-28,2026-01-02
SHP120934,ORD778934,Monitor,West,Delivered,2025-04-16,2025-04-21
SHP120935,ORD778935,Keyboard,East,Delivered,2025-03-09,2025-03-15
SHP120936,ORD778936,T-Shirt,East,Delivered,2025-10-29,2025-10-31
SHP120937,ORD778937,Keyboard,West,Delivered,2025-11-10,2025-11-13
SHP120938,ORD778938,Other Product,South,Delivered,2025-02-07,2025-02-12
SHP120939,ORD778939,Headphones,North,Delivered,2025-10-15,2025-10-21
SHP120940,ORD778940,Jeans,West,Delivered,2025-12-21,2025-12-26
SHP120941,ORD778941,Face Cream,South,In Transit,2025-11-03,2025-11-08
SHP120942,ORD778942,T-Shirt,North,Delivered,2025-02-11,2025-02-17
SHP120943,ORD778943,Keyboard,East,Delivered,2025-03-18,2025-03-22
SHP120944,ORD778944,Laptop,North,Delivered,2025-11-07,2025-11-12
SHP120945,ORD778945,Dining Table,East,Delivered,2025-09-04,2025-09-12
SHP120946,ORD778946,Car Seat,South,In Transit,2025-08-08,2025-08-11
SHP120947,ORD778947,Face Cream,South,Delivered,2025-05-29,2025-06-02
SHP120948,ORD778948,Car Seat,South,Delivered,2025-03-09,2025-03-12
SHP120949,ORD778949,Other Product,East,In Transit,2025-05-15,2025-05-19
SHP120950,ORD778950,Shampoo,East,Delivered,2025-07-26,2025-07-30
SHP120951,ORD778951,Shampoo,West,Delivered,2025-02-27,2025-03-03
SHP120952,ORD778952,Dining Table,North,Delivered,2025-09-03,2025-09-08
SHP120953,ORD778953,Keyboard,West,Delivered,2025-09-03,2025-09-10
SHP120954,ORD778954,Other Product,North,Delivered,2025-04-13,2025-04-15
SHP120955,ORD778955,Other Product,West,In Transit,2025-10-10,2025-10-14
SHP120956,ORD778956,Jacket,North,In Transit,2025-10-18,2025-10-23
SHP120957,ORD778957,Monitor,South,Delivered,2025-10-31,2025-11-08
SHP120958,ORD778958,Keyboard,North,Delivered,2025-10-07,2025-10-10
SHP120959,ORD778959,Laptop,West,Delivered,2025-10-27,2025-10-31
SHP120960,ORD778960,Smartphone,East,Delivered,2025-08-07,2025-08-12
SHP120961,ORD778961,Engine Oil,South,Delivered,2025-02-25,2025-03-02
SHP120962,ORD778962,Jeans,East,Delivered,2025-04-19,2025-04-22
SHP120963,ORD778963,Car Seat,South,Delivered,2025-12-07,2025-12-12
SHP120964,ORD778964,Sofa,West,Delivered,2025-04-20,2025-04-23
SHP120965,ORD778965,Other Product,South,Delivered,2025-05-27,2025-06-02
SHP120966,ORD778966,Smartphone,South,Delivered,2025-03-16,2025-03-23
SHP120967,ORD778967,Face Cream,West,Delivered,2025-04-05,2025-04-11
SHP120968,ORD778968,T-Shirt,North,Delivered,2025-07-28,2025-08-02
SHP120969,ORD778969,Shampoo,East,Delivered,2025-03-02,2025-03-04
SHP120970,ORD778970,Smartphone,North,Delivered,2025-08-09,2025-08-17
SHP120971,ORD778971,Headphones,East,Delivered,2025-09-29,2025-10-03
SHP120972,ORD778972,Sofa,East,In Transit,2025-01-26,2025-02-02
SHP120973,ORD778973,Face Cream,East,Delivered,2025-01-05,2025-01-08
SHP120974,ORD778974,Smartphone,South,In Transit,2025-09-13,2025-09-18
SHP120975,ORD778975,Laptop,South,Delivered,2025-12-31,2026-01-08
SHP120976,ORD778976,Jacket,South,Delivered,2025-03-22,2025-03-27
SHP120977,ORD778977,Jacket,East,Delivered,2025-12-29,2026-01-03
SHP120978,ORD778978,Smartphone,West,In Transit,2025-04-29,2025-05-01
SHP120979,ORD778979,T-Shirt,North,Delivered,2025-11-14,2025-11-17
SHP120980,ORD778980,Shampoo,North,Delivered,2025-09-23,2025-09-28
SHP120981,ORD778981,Sofa,East,Delivered,2025-04-29,2025-05-02
SHP120982,ORD778982,Headphones,West,Delivered,2025-03-18,2025-03-22
SHP120983,ORD778983,T-Shirt,West,Delivered,2025-01-28,2025-02-01
SHP120984,ORD778984,Dining Table,South,Delivered,2025-10-18,2025-10-20
SHP120985,ORD778985,Keyboard,West,Delivered,2025-06-22,2025-06-26
SHP120986,ORD778986,T-Shirt,North,Delivered,2025-04-22,2025-04-25
SHP120987,ORD778987,Other Product,South,Delivered,2025-04-30,2025-05-03
SHP120988,ORD778988,Keyboard,North,Delivered,2025-07-02,2025-07-05
SHP120989,ORD778989,Jeans,South,Delivered,2025-10-31,2025-11-04
SHP120990,ORD778990,Monitor,East,Delivered,2025-07-11,2025-07-14
SHP120991,ORD778991,Shampoo,North,Delivered,2025-06-17,2025-06-19
SHP120992,ORD778992,Monitor,West,Delivered,2025-02-16,2025-02-19
SHP120993,ORD778993,Keyboard,North,Delivered,2025-02-13,2025-02-18
SHP120994,ORD778994,Sofa,East,Delivered,2025-11-17,2025-11-21
SHP120995,ORD778995,Jeans,West,Delayed,2025-06-09,2025-06-11
SHP120996,ORD778996,Jeans,East,Delivered,2025-02-17,2025-02-22
SHP120997,ORD778997,Keyboard,North,Delivered,2025-12-15,2025-12-21
SHP120998,ORD778998,Smartphone,West,Delivered,2025-06-30,2025-07-06
SHP120999,ORD778999,Other Product,West,Delivered,2025-03-13,2025-03-18
SHP121000,ORD779000,Smartphone,West,Delivered,2025-04-05,2025-04-10
SHP121001,ORD779001,Face Cream,South,Delivered,2025-06-30,2025-07-06
SHP121002,ORD779002,Shampoo,North,Delivered,2025-05-25,2025-05-29
SHP121003,ORD779003,Shampoo,East,Delivered,2025-03-03,2025-03-08
SHP121004,ORD779004,T-Shirt,East,Delivered,2025-05-16,2025-05-19
SHP121005,ORD779005,Laptop,West,In Transit,2025-04-04,2025-04-10
SHP121006,ORD779006,Laptop,East,Delivered,2025-08-08,2025-08-12
SHP121007,ORD779007,Monitor,East,Delivered,2025-10-14,2025-10-17
SHP121008,ORD779008,Keyboard,North,Delivered,2025-11-25,2025-11-28
SHP121009,ORD779009,Dining Table,South,Delivered,2025-09-19,2025-09-22
SHP121010,ORD779010,Laptop,North,Delivered,2025-12-18,2025-12-23
SHP121011,ORD779011,Other Product,South,Delivered,2025-12-26,2025-12-29
SHP121012,ORD779012,Car Seat,South,Delivered,2025-09-08,2025-09-14
SHP121013,ORD779013,Laptop,East,Delivered,2025-12-27,2026-01-01
SHP121014,ORD779014,Face Cream,East,Delivered,2025-08-30,2025-09-03
SHP121015,ORD779015,Monitor,North,Delivered,2025-11-10,2025-11-14
SHP121016,ORD779016,Engine Oil,South,Delayed,2025-10-12,2025-10-15
SHP121017,ORD779017,T-Shirt,South,Delivered,2025-01-12,2025-01-18
SHP121018,ORD779018,Dining Table,West,Delivered,2025-10-21,2025-10-28
SHP121019,ORD779019,Shampoo,East,Delivered,2025-10-02,2025-10-06
SHP121020,ORD779020,Engine Oil,North,Delivered,2025-04-02,2025-04-09
SHP121021,ORD779021,Laptop,East,Delivered,2025-08-02,2025-08-05
SHP121022,ORD779022,Sofa,East,Delivered,2025-03-17,2025-03-22
SHP121023,ORD779023,Shampoo,South,Delivered,2025-07-02,2025-07-07
SHP121024,ORD779024,Monitor,South,Delivered,2025-09-02,2025-09-06
SHP121025,ORD779025,Smartphone,North,Delivered,2025-02-16,2025-02-22
SHP121026,ORD779026,T-Shirt,South,Delivered,2025-07-18,2025-07-22
SHP121027,ORD779027,T-Shirt,South,Delivered,2025-11-05,2025-11-11
SHP121028,ORD779028,Headphones,West,Delivered,2025-11-19,2025-11-25
SHP121029,ORD779029,Sofa,West,Delivered,2025-09-05,2025-09-12
SHP121030,ORD779030,Other Product,East,Delivered,2025-12-14,2025-12-17
SHP121031,ORD779031,Sofa,East,Delivered,2025-02-09,2025-02-15
SHP121032,ORD779032,Smartphone,South,Delivered,2025-07-16,2025-07-19
SHP121033,ORD779033,Headphones,East,Delivered,2025-01-16,2025-01-21
SHP121034,ORD779034,Car Seat,South,Delivered,2025-04-25,2025-05-02
SHP121035,ORD779035,Jeans,North,Delivered,2025-10-16,2025-10-22
SHP121036,ORD779036,Shampoo,South,Delivered,2025-12-15,2025-12-18
SHP121037,ORD779037,Dining Table,South,Delivered,2025-07-25,2025-07-28
SHP121038,ORD779038,Shampoo,East,In Transit,2025-08-06,2025-08-13
SHP121039,ORD779039,Jacket,South,Delivered,2025-03-21,2025-03-26
SHP121040,ORD779040,Engine Oil,North,Delivered,2025-05-27,2025-06-04
SHP121041,ORD779041,Keyboard,West,Delivered,2025-07-07,2025-07-11
SHP121042,ORD779042,Headphones,East,Delivered,2025-11-07,2025-11-10
SHP121043,ORD779043,T-Shirt,West,Delivered,2025-07-05,2025-07-09
SHP121044,ORD779044,Monitor,East,In Transit,2025-12-08,2025-12-13
SHP121045,ORD779045,Sofa,West,Delivered,2025-04-15,2025-04-18
SHP121046,ORD779046,Other Product,North,Delivered,2025-01-23,2025-01-29
SHP121047,ORD779047,Dining Table,South,Delivered,2025-04-30,2025-05-02
SHP121048,ORD779048,Keyboard,North,Delivered,2025-04-25,2025-04-28
SHP121049,ORD779049,Jeans,North,Delivered,2025-09-09,2025-09-13
SHP121050,ORD779050,Monitor,West,Delivered,2025-06-16,2025-06-20
SHP121051,ORD779051,Dining Table,East,Delivered,2025-10-31,2025-11-04
SHP121052,ORD779052,Sofa,South,In Transit,2025-08-24,2025-08-29
SHP121053,ORD779053,Jeans,South,In Transit,2025-09-18,2025-09-21
SHP121054,ORD779054,Smartphone,West,Delivered,2025-02-16,2025-02-20
SHP121055,ORD779055,Engine Oil,North,Delivered,2025-02-27,2025-03-04
SHP121056,ORD779056,Jacket,East,Delivered,2025-10-09,2025-10-12
SHP121057,ORD779057,Jacket,East,Delivered,2025-03-08,2025-03-15
SHP121058,ORD779058,Keyboard,West,Delivered,2025-09-03,2025-09-06
SHP121059,ORD779059,Shampoo,East,In Transit,2025-11-06,2025-11-11
SHP121060,ORD779060,Smartphone,South,Delivered,2025-08-28,2025-09-01
SHP121061,ORD779061,Other Product,West,Delivered,2025-03-27,2025-04-02
SHP121062,ORD779062,Car Seat,West,In Transit,2025-05-03,2025-05-06
SHP121063,ORD779063,Dining Table,West,Delivered,2025-02-16,2025-02-20
SHP121064,ORD779064,Jeans,South,Delivered,2025-06-22,2025-06-30
SHP121065,ORD779065,T-Shirt,East,Delivered,2025-12-20,2025-12-22
SHP121066,ORD779066,Keyboard,West,Delivered,2025-08-29,2025-09-01
SHP121067,ORD779067,Monitor,West,Delivered,2025-12-30,2026-01-05
SHP121068,ORD779068,Headphones,West,Delivered,2025-07-27,2025-07-31
SHP121069,ORD779069,Sofa,East,In Transit,2025-10-16,2025-10-21
SHP121070,ORD779070,Jeans,West,Delivered,2025-07-06,2025-07-10
SHP121071,ORD779071,Smartphone,North,Delivered,2025-01-13,2025-01-17
SHP121072,ORD779072,Dining Table,South,Delivered,2025-10-08,2025-10-10
SHP121073,ORD779073,Shampoo,North,Delivered,2025-06-14,2025-06-17
SHP121074,ORD779074,Keyboard,North,Delivered,2025-03-27,2025-04-04
SHP121075,ORD779075,T-Shirt,West,Delivered,2025-03-02,2025-03-06
SHP121076,ORD779076,Engine Oil,West,Delivered,2025-09-05,2025-09-09
SHP121077,ORD779077,Sofa,West,Delivered,2025-03-04,2025-03-09
SHP121078,ORD779078,Dining Table,North,Delivered,2025-04-27,2025-04-30
SHP121079,ORD779079,Laptop,South,Delivered,2025-10-11,2025-10-14
SHP121080,ORD779080,Jacket,East,Delivered,2025-04-23,2025-05-01
SHP121081,ORD779081,Monitor,East,Delivered,2025-05-05,2025-05-10
SHP121082,ORD779082,Car Seat,East,Delivered,2025-07-20,2025-07-25
SHP121083,ORD779083,Other Product,North,Delivered,2025-06-24,2025-06-26
SHP121084,ORD779084,Jacket,West,Delivered,2025-03-13,2025-03-17
SHP121085,ORD779085,Monitor,South,Delivered,2025-06-28,2025-07-05
SHP121086,ORD779086,Keyboard,North,Delivered,2025-09-19,2025-09-22
SHP121087,ORD779087,Headphones,West,Delivered,2025-12-10,2025-12-12
SHP121088,ORD779088,Smartphone,West,Delivered,2025-05-26,2025-05-30
SHP121089,ORD779089,Shampoo,East,Delivered,2025-01-03,2025-01-08
SHP121090,ORD779090,Other Product,North,Delivered,2025-09-22,2025-09-30
SHP121091,ORD779091,Laptop,East,Delivered,2025-10-22,2025-10-27
SHP121092,ORD779092,Jeans,North,Delivered,2025-01-17,2025-01-21
SHP121093,ORD779093,Shampoo,East,Delivered,2025-07-28,2025-08-01
SHP121094,ORD779094,Other Product,West,Delivered,2025-11-10,2025-11-15
SHP121095,ORD779095,Engine Oil,South,Delivered,2025-07-10,2025-07-15
SHP121096,ORD779096,Smartphone,West,Delivered,2025-04-12,2025-04-14
SHP121097,ORD779097,Jacket,North,Delivered,2025-12-01,2025-12-06
SHP121098,ORD779098,Dining Table,East,In Transit,2025-06-15,2025-06-19
SHP121099,ORD779099,Engine Oil,North,Delivered,2025-02-09,2025-02-13
SHP121100,ORD779100,Jacket,South,Delivered,2025-04-24,2025-04-29
SHP121101,ORD779101,Laptop,South,Delivered,2025-07-15,2025-07-20
SHP121102,ORD779102,Car Seat,West,Delivered,2025-04-25,2025-04-28
SHP121103,ORD779103,Keyboard,East,Delayed,2025-06-07,2025-06-11
SHP121104,ORD779104,Engine Oil,North,Delivered,2025-04-21,2025-04-25
SHP121105,ORD779105,Smartphone,South,Delivered,2025-04-11,2025-04-14
SHP121106,ORD779106,Sofa,North,Delivered,2025-05-09,2025-05-12
SHP121107,ORD779107,Other Product,East,Delivered,2025-09-13,2025-09-19
SHP121108,ORD779108,Face Cream,North,Delivered,2025-11-23,2025-11-30
SHP121109,ORD779109,Laptop,West,Delivered,2025-02-20,2025-02-25
SHP121110,ORD779110,Dining Table,East,Delivered,2025-04-08,2025-04-13
SHP121111,ORD779111,Jacket,East,Delivered,2025-04-25,2025-04-27
SHP121112,ORD779112,Sofa,East,Delivered,2025-08-10,2025-08-12
SHP121113,ORD779113,Headphones,West,Delivered,2025-06-13,2025-06-17
SHP121114,ORD779114,Engine Oil,South,Delivered,2025-01-28,2025-02-02
SHP121115,ORD779115,Jacket,East,Delivered,2025-12-25,2025-12-29
SHP121116,ORD779116,Monitor,West,Delivered,2025-08-17,2025-08-25
SHP121117,ORD779117,Car Seat,South,Delivered,2025-11-19,2025-11-22
SHP121118,ORD779118,Shampoo,East,Delivered,2025-01-20,2025-01-24
SHP121119,ORD779119,Other Product,East,Delivered,2025-03-27,2025-04-04
SHP121120,ORD779120,Jeans,South,Delivered,2025-01-02,2025-01-06
SHP121121,ORD779121,Engine Oil,West,Delivered,2025-03-14,2025-03-20
SHP121122,ORD779122,Smartphone,West,Delivered,2025-10-17,2025-10-19
SHP121123,ORD779123,Face Cream,South,Delivered,2025-03-08,2025-03-13
SHP121124,ORD779124,Engine Oil,East,Delayed,2025-02-23,2025-03-02
SHP121125,ORD779125,Other Product,West,Delivered,2025-02-24,2025-03-02
SHP121126,ORD779126,T-Shirt,West,Delivered,2025-03-17,2025-03-22
SHP121127,ORD779127,Engine Oil,West,Delivered,2025-08-06,2025-08-11
SHP121128,ORD779128,Jeans,East,Delivered,2025-10-05,2025-10-10
SHP121129,ORD779129,Jeans,South,Delivered,2025-10-29,2025-11-03
SHP121130,ORD779130,Car Seat,South,Delayed,2025-06-02,2025-06-08
SHP121131,ORD779131,Smartphone,West,Delivered,2025-03-20,2025-03-23
SHP121132,ORD779132,Jeans,North,Delivered,2025-08-03,2025-08-06
SHP121133,ORD779133,Keyboard,South,Delivered,2025-10-16,2025-10-19
SHP121134,ORD779134,Smartphone,North,Delivered,2025-05-03,2025-05-07
SHP121135,ORD779135,Smartphone,South,Delivered,2025-04-19,2025-04-23
SHP121136,ORD779136,Other Product,South,Delivered,2025-03-19,2025-03-24
SHP121137,ORD779137,Car Seat,West,Delivered,2025-05-30,2025-06-02
SHP121138,ORD779138,Keyboard,East,Delivered,2025-04-30,2025-05-04
SHP121139,ORD779139,Jacket,South,Delivered,2025-04-22,2025-04-28
SHP121140,ORD779140,Smartphone,South,In Transit,2025-01-05,2025-01-13
SHP121141,ORD779141,Face Cream,East,Delivered,2025-11-02,2025-11-10
SHP121142,ORD779142,Shampoo,North,Delivered,2025-07-12,2025-07-19
SHP121143,ORD779143,Car Seat,West,Delivered,2025-01-11,2025-01-15
SHP121144,ORD779144,Laptop,East,Delivered,2025-04-10,2025-04-14
SHP121145,ORD779145,Smartphone,West,Delivered,2025-07-02,2025-07-05
SHP121146,ORD779146,Headphones,East,Delivered,2025-06-23,2025-06-30
SHP121147,ORD779147,Monitor,West,Delivered,2025-06-28,2025-07-01
SHP121148,ORD779148,Jeans,East,Delivered,2025-10-19,2025-10-25
SHP121149,ORD779149,Laptop,East,Delivered,2025-04-18,2025-04-23
SHP121150,ORD779150,T-Shirt,West,Delivered,2025-07-03,2025-07-06
SHP121151,ORD779151,Shampoo,West,Delivered,2025-08-19,2025-08-26
SHP121152,ORD779152,Jacket,West,Delivered,2025-10-15,2025-10-17
SHP121153,ORD779153,Jacket,South,In Transit,2025-11-16,2025-11-19
SHP121154,ORD779154,Engine Oil,South,Delivered,2025-06-16,2025-06-18
SHP121155,ORD779155,Headphones,South,Delivered,2025-11-12,2025-11-19
SHP121156,ORD779156,Headphones,East,Delayed,2025-11-08,2025-11-12
SHP121157,ORD779157,T-Shirt,South,Delayed,2025-10-22,2025-10-29
SHP121158,ORD779158,Engine Oil,South,Delivered,2025-11-27,2025-11-29
SHP121159,ORD779159,T-Shirt,North,Delivered,2025-05-27,2025-05-31
SHP121160,ORD779160,Other Product,West,Delivered,2025-10-20,2025-10-27
SHP121161,ORD779161,Face Cream,West,Delivered,2025-07-23,2025-07-27
SHP121162,ORD779162,Monitor,West,Delivered,2025-06-10,2025-06-12
SHP121163,ORD779163,Engine Oil,North,Delivered,2025-09-12,2025-09-14
SHP121164,ORD779164,Car Seat,South,Delivered,2025-11-28,2025-12-03
SHP121165,ORD779165,Jeans,East,Delivered,2025-07-03,2025-07-08
SHP121166,ORD779166,Headphones,North,Delivered,2025-01-11,2025-01-15
SHP121167,ORD779167,Engine Oil,East,Delivered,2025-12-13,2025-12-17
SHP121168,ORD779168,Keyboard,West,Delivered,2025-11-18,2025-11-22
SHP121169,ORD779169,Engine Oil,South,Delivered,2025-09-19,2025-09-24
SHP121170,ORD779170,Dining Table,East,Delivered,2025-10-02,2025-10-05
SHP121171,ORD779171,Keyboard,East,Delivered,2025-11-02,2025-11-10
SHP121172,ORD779172,Other Product,North,Delivered,2025-05-16,2025-05-22
SHP121173,ORD779173,Keyboard,East,Delayed,2025-09-13,2025-09-15
SHP121174,ORD779174,Smartphone,East,Delivered,2025-04-18,2025-04-24
SHP121175,ORD779175,Sofa,South,Delivered,2025-07-22,2025-07-30
SHP121176,ORD779176,Jeans,North,Delivered,2025-05-12,2025-05-14
SHP121177,ORD779177,Smartphone,West,Delivered,2025-11-14,2025-11-16
SHP121178,ORD779178,Sofa,South,Delivered,2025-09-08,2025-09-13
SHP121179,ORD779179,Car Seat,West,Delivered,2025-12-18,2025-12-20
SHP121180,ORD779180,Laptop,North,Delivered,2025-11-23,2025-11-27
SHP121181,ORD779181,Smartphone,West,Delivered,2025-04-27,2025-05-03
SHP121182,ORD779182,Keyboard,East,Delivered,2025-06-01,2025-06-07
SHP121183,ORD779183,Jeans,North,Delivered,2025-05-19,2025-05-23
SHP121184,ORD779184,Car Seat,East,Delivered,2025-02-09,2025-02-13
SHP121185,ORD779185,Other Product,South,Delivered,2025-03-26,2025-03-29
SHP121186,ORD779186,Other Product,South,Delivered,2025-12-22,2025-12-29
SHP121187,ORD779187,Other Product,South,Delivered,2025-03-13,2025-03-16
SHP121188,ORD779188,Face Cream,East,Delivered,2025-10-18,2025-10-24
SHP121189,ORD779189,Jeans,East,Delayed,2025-09-21,2025-09-24
SHP121190,ORD779190,Keyboard,North,Delivered,2025-09-16,2025-09-20
SHP121191,ORD779191,Shampoo,South,Delivered,2025-07-14,2025-07-19
SHP121192,ORD779192,Other Product,East,Delivered,2025-06-24,2025-06-30
SHP121193,ORD779193,Smartphone,East,Delivered,2025-08-24,2025-08-29
SHP121194,ORD779194,Headphones,East,Delivered,2025-06-25,2025-06-29
SHP121195,ORD779195,Jacket,North,Delivered,2025-02-14,2025-02-21
SHP121196,ORD779196,Dining Table,North,Delivered,2025-08-28,2025-08-31
SHP121197,ORD779197,Jeans,North,Delivered,2025-08-07,2025-08-09
SHP121198,ORD779198,Headphones,South,Delivered,2025-06-07,2025-06-11
SHP121199,ORD779199,T-Shirt,North,Delivered,2025-11-04,2025-11-08
SHP121200,ORD779200,Face Cream,North,Delayed,2025-03-12,2025-03-17
SHP121201,ORD779201,Face Cream,North,Delivered,2025-06-07,2025-06-11
SHP121202,ORD779202,Dining Table,East,Delivered,2025-11-13,2025-11-15
SHP121203,ORD779203,Face Cream,North,Delivered,2025-06-13,2025-06-15
SHP121204,ORD779204,Headphones,North,Delivered,2025-03-06,2025-03-09
SHP121205,ORD779205,Shampoo,South,Delayed,2025-10-24,2025-10-28
SHP121206,ORD779206,Face Cream,West,Delivered,2025-06-25,2025-06-29
SHP121207,ORD779207,Headphones,North,Delayed,2025-12-20,2025-12-23
SHP121208,ORD779208,Keyboard,East,Delivered,2025-10-17,2025-10-25
SHP121209,ORD779209,T-Shirt,North,In Transit,2025-03-01,2025-03-06
SHP121210,ORD779210,Headphones,East,Delivered,2025-04-27,2025-05-02
SHP121211,ORD779211,Headphones,North,Delivered,2025-07-13,2025-07-19
SHP121212,ORD779212,Engine Oil,North,Delivered,2025-08-21,2025-08-27
SHP121213,ORD779213,Jacket,South,Delivered,2025-01-16,2025-01-20
SHP121214,ORD779214,Car Seat,West,Delivered,2025-11-01,2025-11-08
SHP121215,ORD779215,Car Seat,East,Delivered,2025-11-22,2025-11-26
SHP121216,ORD779216,Sofa,East,Delivered,2025-07-22,2025-07-26
SHP121217,ORD779217,Keyboard,South,Delivered,2025-03-08,2025-03-12
SHP121218,ORD779218,Jacket,South,Delivered,2025-03-15,2025-03-21
SHP121219,ORD779219,Jeans,North,Delivered,2025-04-24,2025-04-29
SHP121220,ORD779220,T-Shirt,North,Delivered,2025-11-11,2025-11-16
SHP121221,ORD779221,Headphones,East,Delivered,2025-02-15,2025-02-19
SHP121222,ORD779222,Jeans,West,Delivered,2025-03-11,2025-03-14
SHP121223,ORD779223,Smartphone,East,Delivered,2025-10-20,2025-10-22
SHP121224,ORD779224,Dining Table,South,Delivered,2025-04-19,2025-04-23
SHP121225,ORD779225,Sofa,South,Delivered,2025-07-08,2025-07-13
SHP121226,ORD779226,Face Cream,South,Delivered,2025-10-25,2025-10-31
SHP121227,ORD779227,Monitor,South,Delivered,2025-12-08,2025-12-11
SHP121228,ORD779228,Sofa,South,Delivered,2025-09-24,2025-09-29
SHP121229,ORD779229,Keyboard,West,In Transit,2025-10-19,2025-10-21
SHP121230,ORD779230,Smartphone,North,Delivered,2025-12-27,2025-12-30
SHP121231,ORD779231,Headphones,West,Delivered,2025-10-04,2025-10-08
SHP121232,ORD779232,Laptop,East,Delivered,2025-03-14,2025-03-17
SHP121233,ORD779233,Shampoo,East,Delivered,2025-12-27,2026-01-03
SHP121234,ORD779234,Monitor,East,Delivered,2025-11-06,2025-11-13
SHP121235,ORD779235,Laptop,East,Delivered,2025-12-08,2025-12-11
SHP121236,ORD779236,Jacket,North,Delivered,2025-11-07,2025-11-13
SHP121237,ORD779237,Other Product,West,Delivered,2025-11-22,2025-11-24
SHP121238,ORD779238,Shampoo,East,Delivered,2025-12-02,2025-12-07
SHP121239,ORD779239,Engine Oil,South,Delivered,2025-02-06,2025-02-09
SHP121240,ORD779240,Shampoo,South,Delivered,2025-03-22,2025-03-24
SHP121241,ORD779241,Engine Oil,East,Delivered,2025-12-20,2025-12-25
SHP121242,ORD779242,Other Product,South,Delivered,2025-05-26,2025-05-31
SHP121243,ORD779243,Other Product,North,Delivered,2025-08-20,2025-08-23
SHP121244,ORD779244,Engine Oil,West,Delivered,2025-02-13,2025-02-18
SHP121245,ORD779245,Engine Oil,North,Delivered,2025-10-16,2025-10-22
SHP121246,ORD779246,Smartphone,West,Delivered,2025-09-20,2025-09-22
SHP121247,ORD779247,Dining Table,North,Delivered,2025-05-20,2025-05-25
SHP121248,ORD779248,Jacket,East,Delivered,2025-05-19,2025-05-26
SHP121249,ORD779249,T-Shirt,East,Delivered,2025-03-17,2025-03-22
SHP121250,ORD779250,T-Shirt,South,Delivered,2025-07-11,2025-07-16
SHP121251,ORD779251,Car Seat,North,Delivered,2025-12-11,2025-12-17
SHP121252,ORD779252,Laptop,North,In Transit,2025-05-01,2025-05-04
SHP121253,ORD779253,Jacket,South,Delayed,2025-12-07,2025-12-11
SHP121254,ORD779254,Laptop,South,Delivered,2025-01-27,2025-02-02
SHP121255,ORD779255,Jeans,West,Delivered,2025-07-13,2025-07-20
SHP121256,ORD779256,Car Seat,East,Delivered,2025-10-12,2025-10-16
SHP121257,ORD779257,Car Seat,North,Delivered,2025-10-09,2025-10-13
SHP121258,ORD779258,Shampoo,North,Delivered,2025-05-13,2025-05-18
SHP121259,ORD779259,Engine Oil,North,Delivered,2025-07-03,2025-07-05
SHP121260,ORD779260,Face Cream,South,Delivered,2025-12-10,2025-12-17
SHP121261,ORD779261,Shampoo,South,Delivered,2025-02-12,2025-02-15
SHP121262,ORD779262,Shampoo,East,Delivered,2025-02-05,2025-02-10
SHP121263,ORD779263,Car Seat,South,Delayed,2025-09-27,2025-09-30
SHP121264,ORD779264,Jeans,North,Delivered,2025-09-21,2025-09-24
SHP121265,ORD779265,Car Seat,West,In Transit,2025-04-01,2025-04-06
SHP121266,ORD779266,Other Product,North,Delivered,2025-01-05,2025-01-12
SHP121267,ORD779267,Smartphone,West,Delivered,2025-05-20,2025-05-23
SHP121268,ORD779268,Face Cream,West,Delivered,2025-04-30,2025-05-04
SHP121269,ORD779269,Other Product,East,Delivered,2025-07-06,2025-07-11
SHP121270,ORD779270,Monitor,East,Delivered,2025-10-26,2025-10-28
SHP121271,ORD779271,Sofa,South,Delivered,2025-01-05,2025-01-13
SHP121272,ORD779272,Shampoo,West,Delivered,2025-10-02,2025-10-06
SHP121273,ORD779273,Jeans,East,Delivered,2025-05-31,2025-06-07
SHP121274,ORD779274,Monitor,South,Delayed,2025-04-15,2025-04-18
SHP121275,ORD779275,Monitor,West,Delivered,2025-03-18,2025-03-20
SHP121276,ORD779276,Jeans,East,Delivered,2025-06-06,2025-06-09
SHP121277,ORD779277,Other Product,South,Delivered,2025-01-10,2025-01-15
SHP121278,ORD779278,Keyboard,West,Delivered,2025-07-29,2025-08-01
SHP121279,ORD779279,Jeans,North,Delivered,2025-02-28,2025-03-02
SHP121280,ORD779280,Monitor,North,Delivered,2025-09-22,2025-09-27
SHP121281,ORD779281,Other Product,North,Delivered,2025-08-12,2025-08-15
SHP121282,ORD779282,Other Product,East,Delivered,2025-11-12,2025-11-16
SHP121283,ORD779283,Other Product,South,Delivered,2025-11-16,2025-11-19
SHP121284,ORD779284,Face Cream,West,Delivered,2025-10-10,2025-10-17
SHP121285,ORD779285,Sofa,East,Delivered,2025-04-19,2025-04-21
SHP121286,ORD779286,Car Seat,East,Delivered,2025-08-22,2025-08-24
SHP121287,ORD779287,T-Shirt,South,Delivered,2025-09-13,2025-09-20
SHP121288,ORD779288,T-Shirt,North,Delivered,2025-04-25,2025-04-30
SHP121289,ORD779289,Smartphone,North,Delivered,2025-07-17,2025-07-22
SHP121290,ORD779290,Jacket,East,Delivered,2025-11-24,2025-11-30
SHP121291,ORD779291,Smartphone,East,Delivered,2025-08-07,2025-08-09
SHP121292,ORD779292,Laptop,North,Delivered,2025-06-28,2025-07-01
SHP121293,ORD779293,T-Shirt,West,Delivered,2025-08-22,2025-08-27
SHP121294,ORD779294,Dining Table,West,Delivered,2025-06-01,2025-06-03
SHP121295,ORD779295,Face Cream,East,Delivered,2025-05-22,2025-05-28
SHP121296,ORD779296,Shampoo,West,Delivered,2025-01-03,2025-01-08
SHP121297,ORD779297,Face Cream,East,Delivered,2025-05-12,2025-05-19
SHP121298,ORD779298,Other Product,North,Delivered,2025-04-05,2025-04-09
SHP121299,ORD779299,Laptop,East,Delivered,2025-08-13,2025-08-15
SHP121300,ORD779300,Face Cream,East,Delivered,2025-12-09,2025-12-13
SHP121301,ORD779301,Monitor,West,Delivered,2025-08-29,2025-09-02
SHP121302,ORD779302,Monitor,South,Delivered,2025-10-30,2025-11-03
SHP121303,ORD779303,Face Cream,East,Delivered,2025-04-27,2025-05-04
SHP121304,ORD779304,Shampoo,North,Delivered,2025-08-03,2025-08-08
SHP121305,ORD779305,Jeans,South,Delivered,2025-01-20,2025-01-23
SHP121306,ORD779306,Keyboard,North,Delayed,2025-09-02,2025-09-08
SHP121307,ORD779307,Smartphone,South,Delivered,2025-08-12,2025-08-17
SHP121308,ORD779308,Laptop,West,Delivered,2025-06-14,2025-06-20
SHP121309,ORD779309,Shampoo,North,Delivered,2025-08-12,2025-08-20
SHP121310,ORD779310,Other Product,North,In Transit,2025-04-20,2025-04-24
SHP121311,ORD779311,Car Seat,North,Delivered,2025-08-24,2025-08-29
SHP121312,ORD779312,Monitor,South,Delivered,2025-10-20,2025-10-28
SHP121313,ORD779313,Other Product,South,Delivered,2025-10-20,2025-10-26
SHP121314,ORD779314,Jeans,East,Delivered,2025-07-23,2025-07-27
SHP121315,ORD779315,Sofa,West,Delivered,2025-11-20,2025-11-25
SHP121316,ORD779316,Keyboard,East,Delivered,2025-08-12,2025-08-17
SHP121317,ORD779317,Other Product,South,Delivered,2025-05-17,2025-05-24
SHP121318,ORD779318,Laptop,West,Delivered,2025-03-01,2025-03-04
SHP121319,ORD779319,Engine Oil,North,Delivered,2025-11-06,2025-11-11
SHP121320,ORD779320,Dining Table,East,Delivered,2025-06-15,2025-06-17
SHP121321,ORD779321,Smartphone,East,Delivered,2025-08-23,2025-08-27
SHP121322,ORD779322,Smartphone,West,Delivered,2025-04-21,2025-04-24
SHP121323,ORD779323,Monitor,North,In Transit,2025-11-10,2025-11-14
SHP121324,ORD779324,Headphones,North,Delivered,2025-02-13,2025-02-16
SHP121325,ORD779325,Headphones,South,Delivered,2025-05-21,2025-05-24
SHP121326,ORD779326,Face Cream,North,Delivered,2025-04-01,2025-04-06
SHP121327,ORD779327,Engine Oil,South,Delivered,2025-10-06,2025-10-11
SHP121328,ORD779328,Monitor,West,Delivered,2025-06-11,2025-06-18
SHP121329,ORD779329,T-Shirt,East,Delivered,2025-12-09,2025-12-16
SHP121330,ORD779330,T-Shirt,West,Delivered,2025-10-24,2025-10-28
SHP121331,ORD779331,Shampoo,South,Delivered,2025-07-10,2025-07-15
SHP121332,ORD779332,Headphones,East,Delivered,2025-11-06,2025-11-08
SHP121333,ORD779333,Jeans,North,Delivered,2025-03-28,2025-04-02
SHP121334,ORD779334,Smartphone,North,Delivered,2025-10-24,2025-10-28
SHP121335,ORD779335,Jacket,North,Delivered,2025-03-28,2025-03-30
SHP121336,ORD779336,Monitor,North,Delivered,2025-11-20,2025-11-23
SHP121337,ORD779337,Engine Oil,North,Delivered,2025-04-25,2025-05-02
SHP121338,ORD779338,Car Seat,South,In Transit,2025-12-29,2025-12-31
SHP121339,ORD779339,Keyboard,West,Delivered,2025-06-02,2025-06-07
SHP121340,ORD779340,Headphones,East,Delivered,2025-10-21,2025-10-29
SHP121341,ORD779341,Car Seat,East,In Transit,2025-10-19,2025-10-23
SHP121342,ORD779342,Jacket,South,Delivered,2025-10-24,2025-10-27
SHP121343,ORD779343,Face Cream,North,Delivered,2025-08-04,2025-08-12
SHP121344,ORD779344,Headphones,North,Delivered,2025-06-16,2025-06-20
SHP121345,ORD779345,Sofa,East,Delivered,2025-11-01,2025-11-05
SHP121346,ORD779346,Keyboard,West,Delivered,2025-03-29,2025-04-04
SHP121347,ORD779347,Keyboard,East,Delivered,2025-09-09,2025-09-13
SHP121348,ORD779348,Jeans,North,Delivered,2025-05-15,2025-05-23
SHP121349,ORD779349,Jeans,North,Delivered,2025-03-17,2025-03-22
SHP121350,ORD779350,Face Cream,West,In Transit,2025-08-09,2025-08-11
SHP121351,ORD779351,Monitor,South,Delivered,2025-09-18,2025-09-25
SHP121352,ORD779352,T-Shirt,West,Delivered,2025-07-12,2025-07-18
SHP121353,ORD779353,Shampoo,North,Delivered,2025-05-31,2025-06-05
SHP121354,ORD779354,Jeans,East,Delivered,2025-09-11,2025-09-13
SHP121355,ORD779355,Face Cream,West,In Transit,2025-03-22,2025-03-29
SHP121356,ORD779356,Jacket,West,Delivered,2025-06-09,2025-06-12
SHP121357,ORD779357,Monitor,South,Delivered,2025-07-06,2025-07-08
SHP121358,ORD779358,Monitor,West,Delivered,2025-11-06,2025-11-08
SHP121359,ORD779359,Jacket,North,Delivered,2025-02-24,2025-03-01
SHP121360,ORD779360,Laptop,North,Delivered,2025-11-20,2025-11-28
SHP121361,ORD779361,Smartphone,East,Delivered,2025-01-03,2025-01-05
SHP121362,ORD779362,Laptop,West,Delivered,2025-05-25,2025-05-30
SHP121363,ORD779363,Laptop,East,Delivered,2025-01-27,2025-01-30
SHP121364,ORD779364,Jeans,West,Delivered,2025-04-22,2025-04-27
SHP121365,ORD779365,Smartphone,South,Delivered,2025-05-05,2025-05-09
SHP121366,ORD779366,Other Product,East,Delivered,2025-09-16,2025-09-19
SHP121367,ORD779367,Sofa,West,Delivered,2025-01-23,2025-01-26
SHP121368,ORD779368,Smartphone,East,Delivered,2025-04-09,2025-04-13
SHP121369,ORD779369,Shampoo,East,Delivered,2025-11-20,2025-11-25
SHP121370,ORD779370,Face Cream,West,Delivered,2025-12-12,2025-12-16
SHP121371,ORD779371,Smartphone,North,Delivered,2025-08-07,2025-08-10
SHP121372,ORD779372,Monitor,North,Delivered,2025-12-13,2025-12-17
SHP121373,ORD779373,Face Cream,South,Delivered,2025-05-13,2025-05-19
SHP121374,ORD779374,Jacket,East,Delivered,2025-06-17,2025-06-25
SHP121375,ORD779375,Shampoo,North,Delivered,2025-03-24,2025-03-29
SHP121376,ORD779376,Face Cream,West,Delivered,2025-08-19,2025-08-21
SHP121377,ORD779377,Jacket,North,Delivered,2025-03-21,2025-03-29
SHP121378,ORD779378,Face Cream,West,Delivered,2025-11-05,2025-11-11
SHP121379,ORD779379,Keyboard,North,Delivered,2025-01-10,2025-01-16
SHP121380,ORD779380,Engine Oil,West,Delivered,2025-06-21,2025-06-26
SHP121381,ORD779381,T-Shirt,East,Delivered,2025-05-10,2025-05-12
SHP121382,ORD779382,Sofa,North,Delivered,2025-03-16,2025-03-18
SHP121383,ORD779383,Headphones,East,Delivered,2025-09-23,2025-09-28
SHP121384,ORD779384,Keyboard,West,Delivered,2025-03-06,2025-03-09
SHP121385,ORD779385,Jeans,East,Delivered,2025-03-19,2025-03-23
SHP121386,ORD779386,Headphones,North,Delivered,2025-05-20,2025-05-27
SHP121387,ORD779387,Jacket,North,Delivered,2025-03-12,2025-03-17
SHP121388,ORD779388,Face Cream,West,Delivered,2025-01-10,2025-01-15
SHP121389,ORD779389,Laptop,South,Delivered,2025-07-16,2025-07-23
SHP121390,ORD779390,Face Cream,East,Delivered,2025-01-20,2025-01-23
SHP121391,ORD779391,Other Product,East,In Transit,2025-02-11,2025-02-19
SHP121392,ORD779392,Jeans,South,Delivered,2025-08-05,2025-08-09
SHP121393,ORD779393,Car Seat,East,Delivered,2025-05-20,2025-05-24
SHP121394,ORD779394,T-Shirt,North,In Transit,2025-02-10,2025-02-15
SHP121395,ORD779395,T-Shirt,North,Delivered,2025-11-11,2025-11-13
SHP121396,ORD779396,Jeans,South,Delivered,2025-07-05,2025-07-08
SHP121397,ORD779397,Jacket,West,Delivered,2025-07-30,2025-08-04
SHP121398,ORD779398,Smartphone,East,In Transit,2025-02-04,2025-02-10
SHP121399,ORD779399,T-Shirt,North,Delivered,2025-04-19,2025-04-23
SHP121400,ORD779400,Other Product,West,Delivered,2025-09-27,2025-10-03
SHP121401,ORD779401,Jeans,North,Delivered,2025-05-24,2025-05-27
SHP121402,ORD779402,Car Seat,South,Delivered,2025-09-07,2025-09-13
SHP121403,ORD779403,Laptop,North,Delivered,2025-12-01,2025-12-03
SHP121404,ORD779404,Jeans,South,Delivered,2025-12-18,2025-12-21
SHP121405,ORD779405,T-Shirt,East,Delivered,2025-03-18,2025-03-22
SHP121406,ORD779406,T-Shirt,East,Delivered,2025-04-10,2025-04-13
SHP121407,ORD779407,Smartphone,West,Delivered,2025-10-17,2025-10-20
SHP121408,ORD779408,Shampoo,South,Delivered,2025-06-19,2025-06-21
SHP121409,ORD779409,Laptop,North,Delayed,2025-01-03,2025-01-08
SHP121410,ORD779410,Jeans,East,Delivered,2025-05-03,2025-05-10
SHP121411,ORD779411,Jeans,West,Delivered,2025-11-10,2025-11-15
SHP121412,ORD779412,Jeans,East,Delivered,2025-01-30,2025-02-03
SHP121413,ORD779413,Laptop,South,Delivered,2025-11-27,2025-12-02
SHP121414,ORD779414,Sofa,North,In Transit,2025-01-24,2025-01-30
SHP121415,ORD779415,Car Seat,East,Delivered,2025-07-12,2025-07-18
SHP121416,ORD779416,Face Cream,South,Delivered,2025-02-17,2025-02-21
SHP121417,ORD779417,Headphones,North,Delivered,2025-08-31,2025-09-04
SHP121418,ORD779418,T-Shirt,North,Delivered,2025-04-25,2025-04-29
SHP121419,ORD779419,Jeans,North,Delivered,2025-03-19,2025-03-24
SHP121420,ORD779420,Sofa,West,Delivered,2025-12-06,2025-12-13
SHP121421,ORD779421,Smartphone,East,Delivered,2025-12-18,2025-12-23
SHP121422,ORD779422,Laptop,South,Delivered,2025-02-24,2025-03-01
SHP121423,ORD779423,Engine Oil,South,Delayed,2025-07-03,2025-07-10
SHP121424,ORD779424,Other Product,West,Delivered,2025-03-27,2025-04-01
SHP121425,ORD779425,Face Cream,South,In Transit,2025-09-04,2025-09-10
SHP121426,ORD779426,Sofa,East,In Transit,2025-09-02,2025-09-06
SHP121427,ORD779427,Face Cream,East,Delivered,2025-06-05,2025-06-08
SHP121428,ORD779428,Laptop,North,Delivered,2025-02-24,2025-03-01
SHP121429,ORD779429,Jeans,East,Delivered,2025-08-08,2025-08-13
SHP121430,ORD779430,Shampoo,North,Delayed,2025-06-05,2025-06-08
SHP121431,ORD779431,Face Cream,South,Delivered,2025-05-02,2025-05-04
SHP121432,ORD779432,Monitor,South,Delivered,2025-01-21,2025-01-23
SHP121433,ORD779433,Keyboard,South,Delivered,2025-04-26,2025-04-29
SHP121434,ORD779434,Other Product,North,In Transit,2025-01-22,2025-01-29
SHP121435,ORD779435,Other Product,West,Delivered,2025-01-15,2025-01-20
SHP121436,ORD779436,Smartphone,North,In Transit,2025-08-27,2025-09-01
SHP121437,ORD779437,Headphones,South,Delivered,2025-06-12,2025-06-16
SHP121438,ORD779438,Keyboard,North,Delivered,2025-05-27,2025-06-01
SHP121439,ORD779439,Monitor,North,Delivered,2025-01-12,2025-01-15
SHP121440,ORD779440,Smartphone,South,Delivered,2025-03-19,2025-03-23
SHP121441,ORD779441,Monitor,North,Delivered,2025-05-17,2025-05-22
SHP121442,ORD779442,T-Shirt,North,Delivered,2025-11-11,2025-11-14
SHP121443,ORD779443,Smartphone,West,Delivered,2025-08-10,2025-08-14
SHP121444,ORD779444,T-Shirt,South,Delivered,2025-08-10,2025-08-15
SHP121445,ORD779445,Laptop,South,Delivered,2025-05-29,2025-06-01
SHP121446,ORD779446,Jacket,North,Delivered,2025-11-12,2025-11-17
SHP121447,ORD779447,Dining Table,North,Delivered,2025-01-19,2025-01-24
SHP121448,ORD779448,Other Product,East,Delivered,2025-07-09,2025-07-11
SHP121449,ORD779449,Laptop,West,Delivered,2025-03-09,2025-03-14
SHP121450,ORD779450,Keyboard,South,Delayed,2025-08-06,2025-08-11
SHP121451,ORD779451,Jacket,North,Delivered,2025-05-04,2025-05-09
SHP121452,ORD779452,Other Product,North,Delivered,2025-08-16,2025-08-20
SHP121453,ORD779453,T-Shirt,West,Delivered,2025-07-12,2025-07-16
SHP121454,ORD779454,Headphones,South,Delivered,2025-05-22,2025-05-29
SHP121455,ORD779455,Car Seat,North,Delivered,2025-11-29,2025-12-04
SHP121456,ORD779456,Jeans,East,Delivered,2025-08-25,2025-08-30
SHP121457,ORD779457,Dining Table,South,Delayed,2025-03-11,2025-03-13
SHP121458,ORD779458,Jacket,North,Delivered,2025-06-21,2025-06-25
SHP121459,ORD779459,Car Seat,East,Delivered,2025-04-17,2025-04-20
SHP121460,ORD779460,Dining Table,West,Delivered,2025-11-17,2025-11-21
SHP121461,ORD779461,Shampoo,North,Delivered,2025-07-25,2025-07-27
SHP121462,ORD779462,Car Seat,North,Delivered,2025-03-19,2025-03-23
SHP121463,ORD779463,T-Shirt,South,Delivered,2025-09-12,2025-09-17
SHP121464,ORD779464,Headphones,South,Delivered,2025-07-26,2025-07-31
SHP121465,ORD779465,Shampoo,North,Delivered,2025-01-14,2025-01-17
SHP121466,ORD779466,Smartphone,North,Delivered,2025-01-04,2025-01-08
SHP121467,ORD779467,Monitor,West,Delivered,2025-10-22,2025-10-25
SHP121468,ORD779468,Smartphone,North,Delivered,2025-01-07,2025-01-12
SHP121469,ORD779469,Sofa,East,Delivered,2025-12-24,2025-12-27
SHP121470,ORD779470,Dining Table,East,Delivered,2025-12-19,2025-12-23
SHP121471,ORD779471,Laptop,West,Delivered,2025-09-25,2025-09-29
SHP121472,ORD779472,Dining Table,West,In Transit,2025-08-26,2025-08-31
SHP121473,ORD779473,Face Cream,North,Delivered,2025-11-08,2025-11-11
SHP121474,ORD779474,Engine Oil,East,Delivered,2025-11-28,2025-12-03
SHP121475,ORD779475,Smartphone,East,In Transit,2025-03-10,2025-03-14
SHP121476,ORD779476,Dining Table,North,Delivered,2025-03-03,2025-03-08
SHP121477,ORD779477,Monitor,West,Delivered,2025-01-18,2025-01-22
SHP121478,ORD779478,Jeans,West,In Transit,2025-09-29,2025-10-04
SHP121479,ORD779479,Keyboard,North,In Transit,2025-01-25,2025-01-28
SHP121480,ORD779480,Headphones,West,Delivered,2025-07-10,2025-07-14
SHP121481,ORD779481,Jeans,East,In Transit,2025-08-04,2025-08-07
SHP121482,ORD779482,Face Cream,South,Delivered,2025-07-21,2025-07-26
SHP121483,ORD779483,Smartphone,East,Delivered,2025-01-06,2025-01-11
SHP121484,ORD779484,Laptop,South,Delivered,2025-05-20,2025-05-23
SHP121485,ORD779485,Jacket,South,Delivered,2025-05-22,2025-05-25
SHP121486,ORD779486,Keyboard,East,In Transit,2025-09-24,2025-09-29
SHP121487,ORD779487,Laptop,West,Delivered,2025-05-23,2025-05-26
SHP121488,ORD779488,Keyboard,West,Delivered,2025-05-05,2025-05-07
SHP121489,ORD779489,Smartphone,North,In Transit,2025-11-12,2025-11-15
SHP121490,ORD779490,Car Seat,West,Delivered,2025-12-20,2025-12-27
SHP121491,ORD779491,Other Product,South,Delivered,2025-02-13,2025-02-20
SHP121492,ORD779492,Car Seat,North,Delayed,2025-08-23,2025-08-28
SHP121493,ORD779493,Dining Table,North,In Transit,2025-04-25,2025-04-28
SHP121494,ORD779494,Face Cream,North,Delivered,2025-09-28,2025-10-03
SHP121495,ORD779495,Keyboard,West,Delivered,2025-01-06,2025-01-11
SHP121496,ORD779496,Dining Table,North,Delivered,2025-03-28,2025-04-01
SHP121497,ORD779497,Monitor,West,Delivered,2025-02-07,2025-02-10
SHP121498,ORD779498,Keyboard,East,Delivered,2025-11-18,2025-11-22
SHP121499,ORD779499,Keyboard,South,Delivered,2025-03-12,2025-03-17
SHP121500,ORD779500,Face Cream,South,Delivered,2025-04-17,2025-04-21
SHP121501,ORD779501,Jacket,West,Delivered,2025-08-05,2025-08-09
SHP121502,ORD779502,Dining Table,South,Delivered,2025-06-23,2025-06-27
SHP121503,ORD779503,Keyboard,East,Delivered,2025-09-23,2025-09-27
SHP121504,ORD779504,Dining Table,South,Delivered,2025-04-18,2025-04-21
SHP121505,ORD779505,Engine Oil,East,Delivered,2025-10-14,2025-10-18
SHP121506,ORD779506,Smartphone,South,Delivered,2025-10-22,2025-10-24
SHP121507,ORD779507,Car Seat,East,Delivered,2025-09-08,2025-09-12
SHP121508,ORD779508,Car Seat,South,Delivered,2025-11-20,2025-11-25
SHP121509,ORD779509,Engine Oil,North,Delivered,2025-03-29,2025-04-03
SHP121510,ORD779510,Sofa,North,Delivered,2025-11-11,2025-11-16
SHP121511,ORD779511,Car Seat,North,Delayed,2025-07-15,2025-07-19
SHP121512,ORD779512,Face Cream,North,Delivered,2025-01-14,2025-01-17
SHP121513,ORD779513,Jeans,East,Delivered,2025-02-09,2025-02-16
SHP121514,ORD779514,Dining Table,West,Delivered,2025-07-11,2025-07-14
SHP121515,ORD779515,Other Product,North,Delivered,2025-10-27,2025-11-03
SHP121516,ORD779516,Monitor,East,Delivered,2025-04-11,2025-04-14
SHP121517,ORD779517,Other Product,North,Delivered,2025-04-04,2025-04-09
SHP121518,ORD779518,Headphones,East,Delivered,2025-10-22,2025-10-28
SHP121519,ORD779519,Car Seat,West,Delivered,2025-09-24,2025-09-27
SHP121520,ORD779520,Monitor,West,In Transit,2025-02-10,2025-02-14
SHP121521,ORD779521,Other Product,North,Delivered,2025-05-28,2025-06-02
SHP121522,ORD779522,Shampoo,South,Delivered,2025-12-06,2025-12-12
SHP121523,ORD779523,Laptop,West,In Transit,2025-02-14,2025-02-22
SHP121524,ORD779524,Monitor,West,Delivered,2025-05-27,2025-05-30
SHP121525,ORD779525,Monitor,North,Delivered,2025-02-22,2025-02-26
SHP121526,ORD779526,Jacket,South,Delivered,2025-12-11,2025-12-16
SHP121527,ORD779527,Dining Table,East,Delivered,2025-11-03,2025-11-07
SHP121528,ORD779528,Face Cream,East,Delivered,2025-08-07,2025-08-13
SHP121529,ORD779529,Headphones,West,Delivered,2025-01-18,2025-01-21
SHP121530,ORD779530,Face Cream,East,In Transit,2025-05-01,2025-05-03
SHP121531,ORD779531,Face Cream,North,Delivered,2025-02-14,2025-02-18
SHP121532,ORD779532,Laptop,East,Delivered,2025-10-31,2025-11-06
SHP121533,ORD779533,Shampoo,East,In Transit,2025-07-07,2025-07-13
SHP121534,ORD779534,Headphones,South,Delivered,2025-02-04,2025-02-11
SHP121535,ORD779535,Shampoo,South,Delivered,2025-03-10,2025-03-14
SHP121536,ORD779536,Sofa,East,Delivered,2025-08-06,2025-08-09
SHP121537,ORD779537,Shampoo,West,Delivered,2025-05-09,2025-05-13
SHP121538,ORD779538,Jeans,West,In Transit,2025-09-21,2025-09-24
SHP121539,ORD779539,Jeans,West,Delivered,2025-03-06,2025-03-10
SHP121540,ORD779540,Other Product,South,Delivered,2025-06-22,2025-06-25
SHP121541,ORD779541,Keyboard,North,Delivered,2025-01-14,2025-01-21
SHP121542,ORD779542,Smartphone,East,Delivered,2025-08-17,2025-08-21
SHP121543,ORD779543,Face Cream,South,Delivered,2025-11-20,2025-11-25
SHP121544,ORD779544,Monitor,East,Delivered,2025-08-02,2025-08-06
SHP121545,ORD779545,Other Product,East,Delivered,2025-10-30,2025-11-01
SHP121546,ORD779546,T-Shirt,East,Delivered,2025-05-15,2025-05-20
SHP121547,ORD779547,Keyboard,West,Delivered,2025-04-30,2025-05-04
SHP121548,ORD779548,Face Cream,North,Delivered,2025-06-12,2025-06-15
SHP121549,ORD779549,Jeans,North,Delivered,2025-08-22,2025-08-26
SHP121550,ORD779550,Headphones,East,Delivered,2025-07-06,2025-07-11
SHP121551,ORD779551,Jacket,South,Delivered,2025-10-24,2025-10-29
SHP121552,ORD779552,Keyboard,North,Delivered,2025-11-05,2025-11-12
SHP121553,ORD779553,Engine Oil,North,Delivered,2025-10-09,2025-10-14
SHP121554,ORD779554,Car Seat,South,Delivered,2025-03-02,2025-03-06
SHP121555,ORD779555,Jacket,East,Delivered,2025-03-22,2025-03-25
SHP121556,ORD779556,Shampoo,North,Delivered,2025-10-07,2025-10-14
SHP121557,ORD779557,Shampoo,West,Delivered,2025-12-03,2025-12-08
SHP121558,ORD779558,Jeans,West,Delivered,2025-03-29,2025-04-05
SHP121559,ORD779559,Headphones,North,Delivered,2025-06-24,2025-06-28
SHP121560,ORD779560,Laptop,West,Delivered,2025-08-10,2025-08-13
SHP121561,ORD779561,Face Cream,North,Delivered,2025-01-23,2025-01-28
SHP121562,ORD779562,Laptop,North,Delayed,2025-08-13,2025-08-21
SHP121563,ORD779563,Other Product,South,Delivered,2025-08-12,2025-08-15
SHP121564,ORD779564,Monitor,East,Delivered,2025-05-17,2025-05-22
SHP121565,ORD779565,T-Shirt,South,Delivered,2025-09-15,2025-09-20
SHP121566,ORD779566,T-Shirt,East,Delivered,2025-12-02,2025-12-10
SHP121567,ORD779567,Smartphone,North,Delivered,2025-04-19,2025-04-23
SHP121568,ORD779568,Other Product,West,Delivered,2025-04-23,2025-04-26
SHP121569,ORD779569,Sofa,West,Delivered,2025-10-06,2025-10-10
SHP121570,ORD779570,Other Product,South,Delivered,2025-07-23,2025-07-26
SHP121571,ORD779571,Face Cream,North,Delayed,2025-08-24,2025-08-28
SHP121572,ORD779572,T-Shirt,South,Delayed,2025-04-20,2025-04-23
SHP121573,ORD779573,Sofa,East,Delivered,2025-01-02,2025-01-05
SHP121574,ORD779574,Laptop,East,In Transit,2025-07-22,2025-07-27
SHP121575,ORD779575,Headphones,East,Delivered,2025-09-19,2025-09-24
SHP121576,ORD779576,Other Product,North,Delivered,2025-04-16,2025-04-20
SHP121577,ORD779577,Laptop,West,Delivered,2025-11-21,2025-11-29
SHP121578,ORD779578,Shampoo,North,Delivered,2025-05-16,2025-05-21
SHP121579,ORD779579,Keyboard,North,Delivered,2025-06-15,2025-06-21
SHP121580,ORD779580,Laptop,West,Delivered,2025-07-11,2025-07-18
SHP121581,ORD779581,Shampoo,East,Delivered,2025-08-26,2025-08-31
SHP121582,ORD779582,Keyboard,West,Delivered,2025-09-06,2025-09-11
SHP121583,ORD779583,Shampoo,East,Delivered,2025-01-13,2025-01-16
SHP121584,ORD779584,Shampoo,South,Delivered,2025-01-13,2025-01-16
SHP121585,ORD779585,Car Seat,South,Delivered,2025-08-16,2025-08-22
SHP121586,ORD779586,Dining Table,North,In Transit,2025-10-08,2025-10-12
SHP121587,ORD779587,Dining Table,East,Delivered,2025-09-20,2025-09-22
SHP121588,ORD779588,Car Seat,West,Delivered,2025-09-30,2025-10-02
SHP121589,ORD779589,Face Cream,East,Delivered,2025-07-13,2025-07-15
SHP121590,ORD779590,Car Seat,South,Delivered,2025-01-07,2025-01-10
SHP121591,ORD779591,Sofa,South,Delivered,2025-01-16,2025-01-19
SHP121592,ORD779592,Headphones,North,Delivered,2025-08-11,2025-08-18
SHP121593,ORD779593,Car Seat,West,Delivered,2025-06-13,2025-06-16
SHP121594,ORD779594,Dining Table,East,Delivered,2025-09-12,2025-09-17
SHP121595,ORD779595,Shampoo,West,Delivered,2025-08-02,2025-08-07
SHP121596,ORD779596,Headphones,East,Delivered,2025-05-22,2025-05-25
SHP121597,ORD779597,Other Product,North,Delivered,2025-07-07,2025-07-11
SHP121598,ORD779598,Sofa,East,Delivered,2025-11-01,2025-11-05
SHP121599,ORD779599,Car Seat,West,Delivered,2025-04-06,2025-04-11
SHP121600,ORD779600,Jeans,North,Delivered,2025-10-06,2025-10-10
SHP121601,ORD779601,Keyboard,North,Delivered,2025-01-01,2025-01-05
SHP121602,ORD779602,Laptop,South,Delivered,2025-07-29,2025-08-01
SHP121603,ORD779603,Jacket,North,Delivered,2025-12-07,2025-12-12
SHP121604,ORD779604,Car Seat,North,Delivered,2025-05-30,2025-06-05
SHP121605,ORD779605,Shampoo,West,Delivered,2025-02-15,2025-02-19
SHP121606,ORD779606,Sofa,North,Delayed,2025-08-02,2025-08-06
SHP121607,ORD779607,T-Shirt,North,Delivered,2025-07-09,2025-07-15
SHP121608,ORD779608,Face Cream,East,Delivered,2025-06-11,2025-06-14
SHP121609,ORD779609,Jacket,East,Delivered,2025-12-17,2025-12-21
SHP121610,ORD779610,Smartphone,East,Delivered,2025-02-12,2025-02-17
SHP121611,ORD779611,Headphones,East,Delivered,2025-07-02,2025-07-06
SHP121612,ORD779612,Laptop,South,Delivered,2025-09-06,2025-09-09
SHP121613,ORD779613,Monitor,West,Delivered,2025-10-29,2025-11-06
SHP121614,ORD779614,Shampoo,West,Delivered,2025-07-25,2025-07-27
SHP121615,ORD779615,T-Shirt,East,Delivered,2025-12-26,2026-01-01
SHP121616,ORD779616,Jacket,South,Delivered,2025-11-11,2025-11-18
SHP121617,ORD779617,Car Seat,South,Delivered,2025-11-06,2025-11-09
SHP121618,ORD779618,Laptop,South,Delivered,2025-10-23,2025-10-31
SHP121619,ORD779619,T-Shirt,North,Delivered,2025-04-20,2025-04-22
SHP121620,ORD779620,Laptop,North,Delivered,2025-04-17,2025-04-19
SHP121621,ORD779621,Laptop,South,Delivered,2025-01-29,2025-02-04
SHP121622,ORD779622,T-Shirt,South,Delivered,2025-07-22,2025-07-27
SHP121623,ORD779623,Smartphone,North,Delivered,2025-10-06,2025-10-12
SHP121624,ORD779624,Laptop,North,Delivered,2025-06-26,2025-06-29
SHP121625,ORD779625,Headphones,South,Delivered,2025-04-17,2025-04-25
SHP121626,ORD779626,Sofa,South,Delivered,2025-05-03,2025-05-06
SHP121627,ORD779627,Engine Oil,North,Delivered,2025-08-03,2025-08-10
SHP121628,ORD779628,Car Seat,West,Delayed,2025-03-18,2025-03-24
SHP121629,ORD779629,Face Cream,South,Delivered,2025-10-06,2025-10-09
SHP121630,ORD779630,Sofa,South,Delivered,2025-07-23,2025-07-28
SHP121631,ORD779631,Sofa,West,Delivered,2025-09-12,2025-09-14
SHP121632,ORD779632,Laptop,West,Delayed,2025-04-05,2025-04-07
SHP121633,ORD779633,Sofa,West,Delivered,2025-07-22,2025-07-25
SHP121634,ORD779634,Monitor,East,Delivered,2025-11-18,2025-11-22
SHP121635,ORD779635,Dining Table,North,Delivered,2025-10-08,2025-10-15
SHP121636,ORD779636,Face Cream,South,Delivered,2025-04-30,2025-05-04
SHP121637,ORD779637,Engine Oil,East,Delivered,2025-04-12,2025-04-15
SHP121638,ORD779638,Other Product,West,Delivered,2025-11-01,2025-11-08
SHP121639,ORD779639,Sofa,West,Delivered,2025-11-26,2025-11-29
SHP121640,ORD779640,Other Product,North,Delivered,2025-07-14,2025-07-17
SHP121641,ORD779641,Jacket,East,Delivered,2025-04-09,2025-04-12
SHP121642,ORD779642,Other Product,South,Delivered,2025-01-23,2025-01-28
SHP121643,ORD779643,Smartphone,North,Delivered,2025-11-26,2025-11-29
SHP121644,ORD779644,Other Product,South,Delivered,2025-12-15,2025-12-19
SHP121645,ORD779645,Face Cream,North,Delivered,2025-09-22,2025-09-29
SHP121646,ORD779646,Dining Table,East,Delivered,2025-01-29,2025-02-02
SHP121647,ORD779647,T-Shirt,North,Delivered,2025-12-24,2025-12-29
SHP121648,ORD779648,Keyboard,North,Delivered,2025-03-17,2025-03-20
SHP121649,ORD779649,Headphones,East,Delivered,2025-11-10,2025-11-13
SHP121650,ORD779650,Dining Table,South,Delivered,2025-03-18,2025-03-26
SHP121651,ORD779651,Monitor,South,Delayed,2025-01-21,2025-01-29
SHP121652,ORD779652,T-Shirt,North,Delivered,2025-06-29,2025-07-02
SHP121653,ORD779653,Dining Table,North,Delayed,2025-07-13,2025-07-17
SHP121654,ORD779654,T-Shirt,South,Delivered,2025-06-06,2025-06-08
SHP121655,ORD779655,Keyboard,West,Delivered,2025-05-29,2025-06-03
SHP121656,ORD779656,Car Seat,North,Delivered,2025-01-31,2025-02-04
SHP121657,ORD779657,Keyboard,South,Delayed,2025-11-03,2025-11-06
SHP121658,ORD779658,Engine Oil,North,Delivered,2025-08-12,2025-08-14
SHP121659,ORD779659,Dining Table,North,Delivered,2025-11-21,2025-11-25
SHP121660,ORD779660,Jacket,South,Delivered,2025-02-19,2025-02-23
SHP121661,ORD779661,Jacket,East,In Transit,2025-04-13,2025-04-15
SHP121662,ORD779662,Dining Table,South,Delivered,2025-10-21,2025-10-24
SHP121663,ORD779663,Laptop,South,Delivered,2025-03-19,2025-03-24
SHP121664,ORD779664,Keyboard,North,Delivered,2025-08-24,2025-08-27
SHP121665,ORD779665,Engine Oil,South,Delivered,2025-06-19,2025-06-22
SHP121666,ORD779666,Sofa,North,Delivered,2025-12-10,2025-12-12
SHP121667,ORD779667,Keyboard,West,Delivered,2025-10-25,2025-10-30
SHP121668,ORD779668,Sofa,West,Delivered,2025-03-12,2025-03-16
SHP121669,ORD779669,Headphones,East,Delayed,2025-04-12,2025-04-18
SHP121670,ORD779670,Jeans,South,Delivered,2025-08-26,2025-08-30
SHP121671,ORD779671,Engine Oil,North,Delivered,2025-02-15,2025-02-20
SHP121672,ORD779672,Dining Table,South,Delivered,2025-06-16,2025-06-19
SHP121673,ORD779673,T-Shirt,North,Delivered,2025-11-27,2025-12-03
SHP121674,ORD779674,Jeans,North,Delivered,2025-02-25,2025-03-02
SHP121675,ORD779675,Headphones,South,Delivered,2025-07-22,2025-07-28
SHP121676,ORD779676,Face Cream,East,Delivered,2025-11-17,2025-11-22
SHP121677,ORD779677,Smartphone,South,Delivered,2025-01-10,2025-01-15
SHP121678,ORD779678,Dining Table,West,Delivered,2025-06-15,2025-06-21
SHP121679,ORD779679,Keyboard,East,Delivered,2025-06-18,2025-06-23
SHP121680,ORD779680,Headphones,South,In Transit,2025-12-07,2025-12-09
SHP121681,ORD779681,Face Cream,South,Delivered,2025-06-14,2025-06-19
SHP121682,ORD779682,Car Seat,South,Delivered,2025-11-15,2025-11-22
SHP121683,ORD779683,Laptop,South,Delivered,2025-09-16,2025-09-19
SHP121684,ORD779684,Shampoo,West,Delivered,2025-12-09,2025-12-14
SHP121685,ORD779685,Engine Oil,West,Delivered,2025-01-09,2025-01-16
SHP121686,ORD779686,Dining Table,West,Delivered,2025-09-14,2025-09-19
SHP121687,ORD779687,Sofa,North,Delivered,2025-07-05,2025-07-08
SHP121688,ORD779688,Engine Oil,South,In Transit,2025-01-29,2025-02-03
SHP121689,ORD779689,Engine Oil,South,Delivered,2025-01-02,2025-01-05
SHP121690,ORD779690,Jacket,North,Delivered,2025-08-04,2025-08-09
SHP121691,ORD779691,Jeans,West,Delivered,2025-03-21,2025-03-27
SHP121692,ORD779692,Dining Table,North,Delivered,2025-10-18,2025-10-22
SHP121693,ORD779693,Smartphone,North,Delivered,2025-08-30,2025-09-06
SHP121694,ORD779694,Jacket,West,Delivered,2025-04-02,2025-04-04
SHP121695,ORD779695,Other Product,South,Delivered,2025-07-03,2025-07-07
SHP121696,ORD779696,T-Shirt,South,Delivered,2025-12-29,2026-01-06
SHP121697,ORD779697,Shampoo,East,Delivered,2025-08-04,2025-08-11
SHP121698,ORD779698,Car Seat,South,Delivered,2025-10-13,2025-10-18
SHP121699,ORD779699,Car Seat,South,Delivered,2025-02-17,2025-02-21
SHP121700,ORD779700,Headphones,South,Delivered,2025-07-14,2025-07-16
SHP121701,ORD779701,Face Cream,North,Delivered,2025-07-24,2025-07-29
SHP121702,ORD779702,Monitor,North,Delivered,2025-06-18,2025-06-22
SHP121703,ORD779703,Keyboard,East,Delivered,2025-01-19,2025-01-22
SHP121704,ORD779704,Headphones,East,Delivered,2025-03-15,2025-03-18
SHP121705,ORD779705,Jacket,West,Delivered,2025-07-30,2025-08-03
SHP121706,ORD779706,Sofa,South,Delivered,2025-06-08,2025-06-12
SHP121707,ORD779707,Jeans,East,Delivered,2025-06-26,2025-06-29
SHP121708,ORD779708,Monitor,East,Delivered,2025-07-18,2025-07-22
SHP121709,ORD779709,Face Cream,West,Delivered,2025-02-23,2025-02-26
SHP121710,ORD779710,Jeans,North,Delivered,2025-03-29,2025-04-03
SHP121711,ORD779711,Face Cream,South,Delivered,2025-03-15,2025-03-21
SHP121712,ORD779712,Other Product,South,Delivered,2025-06-20,2025-06-24
SHP121713,ORD779713,Jeans,North,In Transit,2025-05-31,2025-06-02
SHP121714,ORD779714,Dining Table,East,Delivered,2025-03-28,2025-04-01
SHP121715,ORD779715,Jacket,South,Delivered,2025-03-23,2025-03-28
SHP121716,ORD779716,Headphones,East,Delivered,2025-02-02,2025-02-06
SHP121717,ORD779717,Jacket,South,Delivered,2025-01-28,2025-02-01
SHP121718,ORD779718,Sofa,West,Delivered,2025-05-08,2025-05-10
SHP121719,ORD779719,Face Cream,East,Delivered,2025-04-24,2025-04-28
SHP121720,ORD779720,Car Seat,South,Delivered,2025-09-15,2025-09-21
SHP121721,ORD779721,Other Product,East,Delivered,2025-06-21,2025-06-27
SHP121722,ORD779722,T-Shirt,North,Delivered,2025-10-10,2025-10-17
SHP121723,ORD779723,Headphones,South,Delivered,2025-03-18,2025-03-23
SHP121724,ORD779724,Face Cream,East,Delivered,2025-05-19,2025-05-24
SHP121725,ORD779725,Jacket,South,Delivered,2025-06-07,2025-06-13
SHP121726,ORD779726,Engine Oil,South,Delivered,2025-12-30,2026-01-02
SHP121727,ORD779727,Laptop,South,Delivered,2025-07-21,2025-07-24
SHP121728,ORD779728,Sofa,East,Delivered,2025-12-10,2025-12-15
SHP121729,ORD779729,Face Cream,East,Delivered,2025-06-03,2025-06-06
SHP121730,ORD779730,Car Seat,West,Delivered,2025-07-11,2025-07-14
SHP121731,ORD779731,Smartphone,West,Delivered,2025-02-09,2025-02-13
SHP121732,ORD779732,Smartphone,East,Delivered,2025-06-23,2025-06-28
SHP121733,ORD779733,Laptop,West,Delivered,2025-01-12,2025-01-20
SHP121734,ORD779734,Dining Table,North,Delivered,2025-03-20,2025-03-24
SHP121735,ORD779735,Sofa,East,Delivered,2025-09-29,2025-10-03
SHP121736,ORD779736,Keyboard,South,Delivered,2025-04-24,2025-04-27
SHP121737,ORD779737,Monitor,East,Delivered,2025-06-10,2025-06-14
SHP121738,ORD779738,Laptop,West,Delivered,2025-05-13,2025-05-17
SHP121739,ORD779739,Headphones,North,Delivered,2025-04-20,2025-04-25
SHP121740,ORD779740,Engine Oil,West,In Transit,2025-11-12,2025-11-14
SHP121741,ORD779741,Jeans,East,Delivered,2025-09-09,2025-09-12
SHP121742,ORD779742,Car Seat,West,Delivered,2025-09-19,2025-09-23
SHP121743,ORD779743,Engine Oil,North,Delivered,2025-05-31,2025-06-05
SHP121744,ORD779744,Smartphone,North,Delivered,2025-05-14,2025-05-16
SHP121745,ORD779745,Keyboard,South,Delivered,2025-08-24,2025-08-26
SHP121746,ORD779746,Smartphone,South,Delivered,2025-08-22,2025-08-27
SHP121747,ORD779747,Dining Table,East,Delivered,2025-06-03,2025-06-06
SHP121748,ORD779748,Car Seat,West,In Transit,2025-10-23,2025-10-27
SHP121749,ORD779749,Face Cream,West,Delivered,2025-10-17,2025-10-20
SHP121750,ORD779750,Keyboard,South,Delivered,2025-10-02,2025-10-04
SHP121751,ORD779751,Smartphone,North,In Transit,2025-02-11,2025-02-15
SHP121752,ORD779752,Laptop,East,Delivered,2025-04-01,2025-04-05
SHP121753,ORD779753,Dining Table,East,Delivered,2025-11-01,2025-11-07
SHP121754,ORD779754,Shampoo,North,Delivered,2025-03-04,2025-03-08
SHP121755,ORD779755,Jacket,North,Delivered,2025-12-14,2025-12-16
SHP121756,ORD779756,Jeans,South,Delivered,2025-11-06,2025-11-09
SHP121757,ORD779757,Car Seat,South,Delivered,2025-02-07,2025-02-12
SHP121758,ORD779758,Jacket,West,Delivered,2025-02-26,2025-03-02
SHP121759,ORD779759,Car Seat,East,Delivered,2025-08-20,2025-08-23
SHP121760,ORD779760,Headphones,West,Delayed,2025-02-07,2025-02-10
SHP121761,ORD779761,Laptop,West,Delayed,2025-04-01,2025-04-04
SHP121762,ORD779762,Sofa,West,Delivered,2025-05-17,2025-05-22
SHP121763,ORD779763,Engine Oil,South,Delivered,2025-08-04,2025-08-10
SHP121764,ORD779764,Other Product,West,Delivered,2025-07-23,2025-07-27
SHP121765,ORD779765,Jacket,West,Delivered,2025-05-02,2025-05-07
SHP121766,ORD779766,Headphones,East,Delivered,2025-03-22,2025-03-24
SHP121767,ORD779767,Shampoo,East,Delivered,2025-06-04,2025-06-10
SHP121768,ORD779768,Dining Table,West,Delivered,2025-03-18,2025-03-22
SHP121769,ORD779769,Smartphone,East,Delivered,2025-08-21,2025-08-23
SHP121770,ORD779770,Jeans,North,Delivered,2025-11-30,2025-12-05
SHP121771,ORD779771,T-Shirt,South,Delivered,2025-09-25,2025-09-29
SHP121772,ORD779772,Monitor,West,Delivered,2025-03-04,2025-03-10
SHP121773,ORD779773,Other Product,East,Delivered,2025-01-26,2025-01-29
SHP121774,ORD779774,Car Seat,South,Delayed,2025-10-26,2025-10-30
SHP121775,ORD779775,Monitor,West,Delivered,2025-10-19,2025-10-22
SHP121776,ORD779776,Sofa,North,Delivered,2025-05-26,2025-06-02
SHP121777,ORD779777,Keyboard,West,Delivered,2025-12-07,2025-12-09
SHP121778,ORD779778,Jeans,West,Delivered,2025-05-08,2025-05-12
SHP121779,ORD779779,Shampoo,West,Delivered,2025-08-04,2025-08-06
SHP121780,ORD779780,Car Seat,North,In Transit,2025-05-08,2025-05-12
SHP121781,ORD779781,Jeans,South,Delivered,2025-02-14,2025-02-18
SHP121782,ORD779782,T-Shirt,North,Delivered,2025-08-31,2025-09-04
SHP121783,ORD779783,Keyboard,South,Delivered,2025-10-11,2025-10-15
SHP121784,ORD779784,Other Product,West,Delivered,2025-06-07,2025-06-12
SHP121785,ORD779785,Jeans,East,Delivered,2025-05-05,2025-05-11
SHP121786,ORD779786,Laptop,West,Delivered,2025-09-30,2025-10-05
SHP121787,ORD779787,Engine Oil,East,Delivered,2025-01-11,2025-01-16
SHP121788,ORD779788,T-Shirt,East,Delivered,2025-09-18,2025-09-22
SHP121789,ORD779789,Laptop,North,Delayed,2025-12-05,2025-12-09
SHP121790,ORD779790,Jacket,North,Delivered,2025-02-28,2025-03-03
SHP121791,ORD779791,Headphones,East,Delivered,2025-05-25,2025-05-28
SHP121792,ORD779792,Laptop,East,In Transit,2025-04-07,2025-04-14
SHP121793,ORD779793,Shampoo,South,Delivered,2025-02-04,2025-02-08
SHP121794,ORD779794,Face Cream,South,Delivered,2025-01-18,2025-01-26
SHP121795,ORD779795,Headphones,South,Delivered,2025-03-10,2025-03-16
SHP121796,ORD779796,Car Seat,South,Delivered,2025-05-22,2025-05-24
SHP121797,ORD779797,Monitor,West,Delivered,2025-03-07,2025-03-10
SHP121798,ORD779798,Jeans,North,Delivered,2025-06-05,2025-06-10
SHP121799,ORD779799,Smartphone,North,Delivered,2025-11-24,2025-11-29
SHP121800,ORD779800,T-Shirt,North,Delivered,2025-02-16,2025-02-24
SHP121801,ORD779801,Engine Oil,South,Delivered,2025-05-18,2025-05-21
SHP121802,ORD779802,Laptop,East,Delivered,2025-01-31,2025-02-03
SHP121803,ORD779803,T-Shirt,East,Delivered,2025-07-21,2025-07-25
SHP121804,ORD779804,Sofa,West,Delayed,2025-09-28,2025-10-02
SHP121805,ORD779805,Laptop,East,Delivered,2025-06-09,2025-06-12
SHP121806,ORD779806,Dining Table,West,Delivered,2025-04-02,2025-04-07
SHP121807,ORD779807,Sofa,West,Delivered,2025-09-05,2025-09-12
SHP121808,ORD779808,Sofa,West,Delivered,2025-05-21,2025-05-24
SHP121809,ORD779809,Shampoo,South,Delivered,2025-08-15,2025-08-17
SHP121810,ORD779810,Dining Table,North,Delivered,2025-09-18,2025-09-21
SHP121811,ORD779811,T-Shirt,North,Delivered,2025-09-06,2025-09-10
SHP121812,ORD779812,Car Seat,South,Delivered,2025-12-21,2025-12-29
SHP121813,ORD779813,Monitor,North,Delivered,2025-03-03,2025-03-10
SHP121814,ORD779814,Face Cream,North,Delivered,2025-04-26,2025-04-29
SHP121815,ORD779815,Smartphone,East,Delivered,2025-05-16,2025-05-18
SHP121816,ORD779816,Jacket,South,Delivered,2025-06-20,2025-06-27
SHP121817,ORD779817,Jeans,North,Delivered,2025-08-20,2025-08-25
SHP121818,ORD779818,Laptop,West,Delivered,2025-07-31,2025-08-06
SHP121819,ORD779819,Shampoo,South,Delivered,2025-03-17,2025-03-19
SHP121820,ORD779820,Jeans,South,Delivered,2025-03-23,2025-03-25
SHP121821,ORD779821,Face Cream,West,Delivered,2025-04-25,2025-04-28
SHP121822,ORD779822,Other Product,West,Delivered,2025-02-22,2025-02-25
SHP121823,ORD779823,T-Shirt,South,Delivered,2025-11-13,2025-11-16
SHP121824,ORD779824,Shampoo,North,Delivered,2025-01-08,2025-01-12
SHP121825,ORD779825,Dining Table,North,Delivered,2025-10-12,2025-10-17
SHP121826,ORD779826,Headphones,North,Delivered,2025-01-22,2025-01-26
SHP121827,ORD779827,Jeans,North,Delivered,2025-09-23,2025-09-27
SHP121828,ORD779828,T-Shirt,South,Delivered,2025-04-18,2025-04-23
SHP121829,ORD779829,Shampoo,South,Delivered,2025-04-30,2025-05-08
SHP121830,ORD779830,Other Product,East,Delivered,2025-06-23,2025-06-26
SHP121831,ORD779831,Dining Table,North,Delivered,2025-06-17,2025-06-24
SHP121832,ORD779832,Laptop,South,Delivered,2025-05-10,2025-05-18
SHP121833,ORD779833,Headphones,West,Delivered,2025-01-14,2025-01-16
SHP121834,ORD779834,Monitor,South,Delivered,2025-04-12,2025-04-19
SHP121835,ORD779835,Dining Table,North,Delivered,2025-11-28,2025-11-30
SHP121836,ORD779836,Shampoo,North,Delivered,2025-05-28,2025-06-04
SHP121837,ORD779837,Dining Table,West,Delivered,2025-12-29,2026-01-03
SHP121838,ORD779838,T-Shirt,West,Delivered,2025-01-13,2025-01-18
SHP121839,ORD779839,Car Seat,East,Delivered,2025-09-25,2025-09-28
SHP121840,ORD779840,Laptop,North,Delivered,2025-11-13,2025-11-18
SHP121841,ORD779841,Laptop,South,Delivered,2025-10-11,2025-10-15
SHP121842,ORD779842,Car Seat,South,Delivered,2025-01-14,2025-01-18
SHP121843,ORD779843,Sofa,East,Delivered,2025-03-07,2025-03-12
SHP121844,ORD779844,Keyboard,South,Delivered,2025-02-27,2025-03-03
SHP121845,ORD779845,Smartphone,East,Delivered,2025-10-05,2025-10-09
SHP121846,ORD779846,Headphones,South,Delivered,2025-08-24,2025-08-26
SHP121847,ORD779847,Jeans,East,Delivered,2025-01-17,2025-01-19
SHP121848,ORD779848,Headphones,South,Delivered,2025-07-10,2025-07-14
SHP121849,ORD779849,Monitor,West,Delivered,2025-06-14,2025-06-19
SHP121850,ORD779850,Engine Oil,North,Delivered,2025-11-04,2025-11-08
SHP121851,ORD779851,Dining Table,North,Delivered,2025-03-22,2025-03-29
SHP121852,ORD779852,Smartphone,South,Delivered,2025-08-31,2025-09-02
SHP121853,ORD779853,Sofa,South,Delivered,2025-11-05,2025-11-08
SHP121854,ORD779854,Monitor,South,Delivered,2025-10-31,2025-11-05
SHP121855,ORD779855,Laptop,West,Delivered,2025-10-12,2025-10-16
SHP121856,ORD779856,Monitor,East,Delivered,2025-06-28,2025-07-03
SHP121857,ORD779857,Smartphone,West,Delivered,2025-07-08,2025-07-11
SHP121858,ORD779858,Face Cream,South,Delayed,2025-06-19,2025-06-22
SHP121859,ORD779859,Other Product,West,Delivered,2025-09-23,2025-09-25
SHP121860,ORD779860,Laptop,North,Delivered,2025-02-04,2025-02-08
SHP121861,ORD779861,Other Product,West,Delivered,2025-03-25,2025-03-28
SHP121862,ORD779862,Car Seat,West,Delivered,2025-04-11,2025-04-19
SHP121863,ORD779863,Car Seat,East,Delivered,2025-08-14,2025-08-19
SHP121864,ORD779864,Headphones,North,In Transit,2025-11-24,2025-11-28
SHP121865,ORD779865,T-Shirt,North,Delayed,2025-05-29,2025-06-04
SHP121866,ORD779866,Laptop,South,Delivered,2025-06-20,2025-06-23
SHP121867,ORD779867,Monitor,East,Delivered,2025-10-08,2025-10-12
SHP121868,ORD779868,Jeans,South,Delivered,2025-05-23,2025-05-27
SHP121869,ORD779869,Engine Oil,East,Delivered,2025-12-15,2025-12-17
SHP121870,ORD779870,Engine Oil,East,Delivered,2025-06-12,2025-06-17
SHP121871,ORD779871,Shampoo,East,Delivered,2025-01-22,2025-01-28
SHP121872,ORD779872,Laptop,East,Delivered,2025-04-10,2025-04-18
SHP121873,ORD779873,Dining Table,West,Delivered,2025-08-10,2025-08-14
SHP121874,ORD779874,Sofa,North,Delivered,2025-10-13,2025-10-21
SHP121875,ORD779875,Face Cream,South,Delivered,2025-03-04,2025-03-09
SHP121876,ORD779876,Monitor,North,Delivered,2025-03-06,2025-03-08
SHP121877,ORD779877,Monitor,South,Delivered,2025-05-13,2025-05-15
SHP121878,ORD779878,Dining Table,North,Delivered,2025-10-15,2025-10-17
SHP121879,ORD779879,Laptop,East,Delivered,2025-07-06,2025-07-14
SHP121880,ORD779880,Car Seat,South,Delivered,2025-12-18,2025-12-22
SHP121881,ORD779881,Monitor,West,Delivered,2025-07-22,2025-07-24
SHP121882,ORD779882,Jacket,East,Delivered,2025-11-26,2025-11-30
SHP121883,ORD779883,Smartphone,East,Delivered,2025-06-26,2025-07-01
SHP121884,ORD779884,Car Seat,South,Delivered,2025-06-27,2025-07-02
SHP121885,ORD779885,Jacket,North,Delivered,2025-06-25,2025-06-27
SHP121886,ORD779886,Keyboard,West,Delivered,2025-12-19,2025-12-26
SHP121887,ORD779887,Smartphone,North,In Transit,2025-12-03,2025-12-06
SHP121888,ORD779888,Jeans,East,Delivered,2025-06-22,2025-06-28
SHP121889,ORD779889,Laptop,West,Delayed,2025-04-25,2025-04-30
SHP121890,ORD779890,Headphones,North,Delayed,2025-10-18,2025-10-21
SHP121891,ORD779891,Other Product,West,Delivered,2025-06-01,2025-06-06
SHP121892,ORD779892,Headphones,North,Delivered,2025-02-02,2025-02-07
SHP121893,ORD779893,Jacket,South,Delivered,2025-01-25,2025-01-30
SHP121894,ORD779894,Smartphone,North,Delivered,2025-02-08,2025-02-13
SHP121895,ORD779895,Dining Table,East,Delivered,2025-05-21,2025-05-25
SHP121896,ORD779896,Monitor,North,Delivered,2025-07-16,2025-07-24
SHP121897,ORD779897,Engine Oil,South,Delivered,2025-05-21,2025-05-25
SHP121898,ORD779898,Car Seat,South,Delivered,2025-01-09,2025-01-14
SHP121899,ORD779899,Face Cream,East,Delivered,2025-12-21,2025-12-24
SHP121900,ORD779900,T-Shirt,West,Delivered,2025-06-19,2025-06-22
SHP121901,ORD779901,Dining Table,West,Delivered,2025-10-24,2025-10-30
SHP121902,ORD779902,Monitor,West,Delivered,2025-09-02,2025-09-06
SHP121903,ORD779903,Jacket,North,Delivered,2025-07-02,2025-07-08
SHP121904,ORD779904,Sofa,North,Delivered,2025-07-25,2025-07-31
SHP121905,ORD779905,Sofa,North,Delivered,2025-04-21,2025-04-26
SHP121906,ORD779906,Face Cream,South,Delivered,2025-07-04,2025-07-11
SHP121907,ORD779907,Dining Table,West,Delivered,2025-10-03,2025-10-08
SHP121908,ORD779908,Keyboard,East,Delivered,2025-03-17,2025-03-22
SHP121909,ORD779909,Headphones,East,Delivered,2025-05-10,2025-05-17
SHP121910,ORD779910,Face Cream,East,Delivered,2025-05-20,2025-05-25
SHP121911,ORD779911,Car Seat,West,Delivered,2025-06-18,2025-06-22
SHP121912,ORD779912,T-Shirt,East,Delivered,2025-06-30,2025-07-07
SHP121913,ORD779913,Engine Oil,South,Delivered,2025-10-25,2025-10-30
SHP121914,ORD779914,Keyboard,North,Delivered,2025-05-19,2025-05-21
SHP121915,ORD779915,Shampoo,North,Delivered,2025-11-13,2025-11-16
SHP121916,ORD779916,Shampoo,South,Delivered,2025-07-01,2025-07-05
SHP121917,ORD779917,Jacket,North,Delivered,2025-06-02,2025-06-06
SHP121918,ORD779918,Face Cream,South,Delayed,2025-05-13,2025-05-15
SHP121919,ORD779919,Car Seat,South,Delivered,2025-07-09,2025-07-12
SHP121920,ORD779920,Sofa,North,Delayed,2025-02-16,2025-02-19
SHP121921,ORD779921,Other Product,East,Delivered,2025-11-01,2025-11-05
SHP121922,ORD779922,Headphones,West,Delivered,2025-08-20,2025-08-25
SHP121923,ORD779923,Monitor,East,Delivered,2025-07-10,2025-07-13
SHP121924,ORD779924,Face Cream,North,Delayed,2025-03-03,2025-03-06
SHP121925,ORD779925,Shampoo,West,Delivered,2025-03-02,2025-03-07
SHP121926,ORD779926,Monitor,East,Delivered,2025-02-11,2025-02-17
SHP121927,ORD779927,Engine Oil,West,Delivered,2025-04-18,2025-04-22
SHP121928,ORD779928,Shampoo,West,Delivered,2025-05-19,2025-05-23
SHP121929,ORD779929,Monitor,South,Delivered,2025-08-04,2025-08-09
SHP121930,ORD779930,Monitor,West,Delivered,2025-02-08,2025-02-15
SHP121931,ORD779931,Engine Oil,East,Delivered,2025-04-19,2025-04-27
SHP121932,ORD779932,T-Shirt,South,Delivered,2025-09-26,2025-09-30
SHP121933,ORD779933,Keyboard,East,In Transit,2025-09-29,2025-10-06
SHP121934,ORD779934,Jacket,East,Delivered,2025-09-05,2025-09-08
SHP121935,ORD779935,Keyboard,West,Delivered,2025-05-28,2025-06-01
SHP121936,ORD779936,Shampoo,South,Delivered,2025-01-18,2025-01-25
SHP121937,ORD779937,T-Shirt,West,Delivered,2025-06-26,2025-07-01
SHP121938,ORD779938,Smartphone,East,Delivered,2025-11-07,2025-11-12
SHP121939,ORD779939,Laptop,East,Delivered,2025-03-16,2025-03-20
SHP121940,ORD779940,Headphones,North,Delivered,2025-10-08,2025-10-12
SHP121941,ORD779941,Jacket,North,Delivered,2025-08-23,2025-08-28
SHP121942,ORD779942,T-Shirt,North,Delivered,2025-05-02,2025-05-08
SHP121943,ORD779943,Keyboard,East,Delivered,2025-05-10,2025-05-15
SHP121944,ORD779944,Face Cream,East,Delivered,2025-08-10,2025-08-14
SHP121945,ORD779945,Dining Table,West,Delivered,2025-04-21,2025-04-25
SHP121946,ORD779946,Monitor,South,Delayed,2025-03-13,2025-03-15
SHP121947,ORD779947,Jeans,West,Delivered,2025-06-20,2025-06-23
SHP121948,ORD779948,Smartphone,East,Delivered,2025-08-06,2025-08-11
SHP121949,ORD779949,Engine Oil,South,Delivered,2025-11-14,2025-11-18
SHP121950,ORD779950,Headphones,East,Delivered,2025-10-30,2025-11-02
SHP121951,ORD779951,Engine Oil,West,Delivered,2025-04-08,2025-04-11
SHP121952,ORD779952,Jacket,West,Delivered,2025-02-28,2025-03-03
SHP121953,ORD779953,Shampoo,West,Delivered,2025-10-06,2025-10-14
SHP121954,ORD779954,Car Seat,South,Delivered,2025-04-14,2025-04-18
SHP121955,ORD779955,Jeans,East,Delivered,2025-10-14,2025-10-20
SHP121956,ORD779956,Keyboard,North,Delivered,2025-05-02,2025-05-07
SHP121957,ORD779957,T-Shirt,West,Delivered,2025-08-16,2025-08-19
SHP121958,ORD779958,Smartphone,West,Delivered,2025-07-10,2025-07-12
SHP121959,ORD779959,Engine Oil,East,Delivered,2025-05-19,2025-05-23
SHP121960,ORD779960,Face Cream,West,Delivered,2025-05-05,2025-05-11
SHP121961,ORD779961,Face Cream,East,Delivered,2025-06-02,2025-06-05
SHP121962,ORD779962,Engine Oil,East,Delivered,2025-01-19,2025-01-25
SHP121963,ORD779963,Smartphone,North,Delivered,2025-11-03,2025-11-07
SHP121964,ORD779964,Jeans,South,Delivered,2025-05-08,2025-05-14
SHP121965,ORD779965,Sofa,South,Delivered,2025-06-19,2025-06-21
SHP121966,ORD779966,Sofa,West,In Transit,2025-11-26,2025-12-02
SHP121967,ORD779967,Keyboard,West,Delivered,2025-01-22,2025-01-27
SHP121968,ORD779968,Keyboard,West,Delivered,2025-05-29,2025-06-06
SHP121969,ORD779969,Keyboard,West,Delivered,2025-04-13,2025-04-17
SHP121970,ORD779970,Shampoo,West,In Transit,2025-09-18,2025-09-21
SHP121971,ORD779971,Monitor,North,In Transit,2025-11-23,2025-11-25
SHP121972,ORD779972,Monitor,East,Delivered,2025-09-01,2025-09-08
SHP121973,ORD779973,Shampoo,North,In Transit,2025-05-23,2025-05-28
SHP121974,ORD779974,Sofa,East,Delivered,2025-03-01,2025-03-05
SHP121975,ORD779975,Shampoo,East,Delivered,2025-02-12,2025-02-16
SHP121976,ORD779976,Jacket,West,Delivered,2025-03-15,2025-03-20
SHP121977,ORD779977,Smartphone,West,Delivered,2025-10-19,2025-10-21
SHP121978,ORD779978,Face Cream,North,Delivered,2025-06-11,2025-06-13
SHP121979,ORD779979,Shampoo,West,Delivered,2025-01-23,2025-01-25
SHP121980,ORD779980,Laptop,North,Delivered,2025-02-12,2025-02-14
SHP121981,ORD779981,Engine Oil,West,Delivered,2025-11-09,2025-11-11
SHP121982,ORD779982,Engine Oil,South,Delivered,2025-11-23,2025-11-29
SHP121983,ORD779983,Sofa,West,Delivered,2025-07-21,2025-07-26
SHP121984,ORD779984,Jeans,West,Delivered,2025-05-13,2025-05-20
SHP121985,ORD779985,Smartphone,North,Delivered,2025-01-22,2025-01-25
SHP121986,ORD779986,Jeans,North,Delivered,2025-11-30,2025-12-02
SHP121987,ORD779987,Laptop,East,Delivered,2025-06-02,2025-06-05
SHP121988,ORD779988,Jacket,West,Delivered,2025-10-18,2025-10-22
SHP121989,ORD779989,Jacket,South,In Transit,2025-08-02,2025-08-04
SHP121990,ORD779990,Jeans,West,Delivered,2025-12-20,2025-12-25
SHP121991,ORD779991,Headphones,North,Delivered,2025-02-10,2025-02-15
SHP121992,ORD779992,Keyboard,West,Delivered,2025-12-19,2025-12-21
SHP121993,ORD779993,Smartphone,North,Delivered,2025-01-16,2025-01-20
SHP121994,ORD779994,Keyboard,West,Delivered,2025-05-16,2025-05-19
SHP121995,ORD779995,Monitor,North,Delivered,2025-11-12,2025-11-16
SHP121996,ORD779996,Headphones,West,Delivered,2025-02-10,2025-02-15
SHP121997,ORD779997,T-Shirt,East,Delivered,2025-05-24,2025-06-01
SHP121998,ORD779998,Sofa,West,Delivered,2025-04-26,2025-04-30
SHP121999,ORD779999,Shampoo,North,Delivered,2025-02-06,2025-02-14
SHP122000,ORD780000,Headphones,West,Delivered,2025-11-09,2025-11-13
SHP122001,ORD780001,Jacket,West,Delivered,2025-04-26,2025-05-02
SHP122002,ORD780002,Jeans,South,Delivered,2025-11-09,2025-11-11
SHP122003,ORD780003,Jacket,East,Delivered,2025-10-16,2025-10-24
SHP122004,ORD780004,Shampoo,North,Delivered,2025-01-02,2025-01-06
SHP122005,ORD780005,Jacket,West,Delivered,2025-02-04,2025-02-11
SHP122006,ORD780006,Jeans,South,Delivered,2025-09-03,2025-09-08
SHP122007,ORD780007,Sofa,West,Delivered,2025-04-18,2025-04-23
SHP122008,ORD780008,Sofa,East,Delivered,2025-04-17,2025-04-21
SHP122009,ORD780009,Laptop,North,Delivered,2025-03-07,2025-03-09
SHP122010,ORD780010,T-Shirt,East,Delivered,2025-08-27,2025-08-31
SHP122011,ORD780011,Dining Table,South,Delivered,2025-08-21,2025-08-25
SHP122012,ORD780012,Dining Table,West,Delivered,2025-03-23,2025-03-30
SHP122013,ORD780013,Face Cream,North,Delivered,2025-01-16,2025-01-19
SHP122014,ORD780014,Monitor,West,Delivered,2025-06-24,2025-06-27
SHP122015,ORD780015,Headphones,North,Delivered,2025-06-28,2025-07-03
SHP122016,ORD780016,Other Product,West,Delivered,2025-02-09,2025-02-12
SHP122017,ORD780017,Keyboard,North,Delivered,2025-11-27,2025-12-04
SHP122018,ORD780018,Engine Oil,South,Delivered,2025-03-01,2025-03-03
SHP122019,ORD780019,Keyboard,North,Delivered,2025-06-26,2025-06-28
SHP122020,ORD780020,Keyboard,North,Delivered,2025-11-16,2025-11-21
SHP122021,ORD780021,Dining Table,North,Delivered,2025-04-06,2025-04-10
SHP122022,ORD780022,Sofa,South,Delivered,2025-09-09,2025-09-14
SHP122023,ORD780023,Jeans,South,In Transit,2025-02-18,2025-02-22
SHP122024,ORD780024,Headphones,West,Delivered,2025-12-19,2025-12-26
SHP122025,ORD780025,Jeans,North,Delivered,2025-03-17,2025-03-19
SHP122026,ORD780026,T-Shirt,West,Delivered,2025-04-14,2025-04-19
SHP122027,ORD780027,Headphones,North,Delivered,2025-07-14,2025-07-19
SHP122028,ORD780028,Jeans,East,Delayed,2025-06-21,2025-06-25
SHP122029,ORD780029,Smartphone,East,In Transit,2025-12-02,2025-12-06
SHP122030,ORD780030,Jeans,West,Delivered,2025-02-12,2025-02-16
SHP122031,ORD780031,T-Shirt,West,Delivered,2025-03-28,2025-03-31
SHP122032,ORD780032,Headphones,East,Delivered,2025-05-18,2025-05-20
SHP122033,ORD780033,Shampoo,North,Delivered,2025-01-04,2025-01-07
SHP122034,ORD780034,Keyboard,North,Delivered,2025-09-08,2025-09-12
SHP122035,ORD780035,Car Seat,South,Delivered,2025-08-02,2025-08-09
SHP122036,ORD780036,Shampoo,South,Delivered,2025-10-16,2025-10-20
SHP122037,ORD780037,Jacket,North,Delivered,2025-08-09,2025-08-12
SHP122038,ORD780038,Sofa,East,Delayed,2025-08-18,2025-08-22
SHP122039,ORD780039,Sofa,North,Delivered,2025-08-17,2025-08-21
SHP122040,ORD780040,Other Product,East,Delivered,2025-04-23,2025-04-30
SHP122041,ORD780041,Jeans,North,Delivered,2025-05-08,2025-05-12
SHP122042,ORD780042,Face Cream,East,Delayed,2025-05-05,2025-05-13
SHP122043,ORD780043,Shampoo,South,Delivered,2025-03-30,2025-04-01
SHP122044,ORD780044,Engine Oil,South,Delivered,2025-11-23,2025-11-28
SHP122045,ORD780045,Engine Oil,South,Delivered,2025-10-01,2025-10-06
SHP122046,ORD780046,T-Shirt,South,Delivered,2025-07-09,2025-07-12
SHP122047,ORD780047,Car Seat,South,Delivered,2025-07-08,2025-07-11
SHP122048,ORD780048,Face Cream,South,In Transit,2025-10-08,2025-10-13
SHP122049,ORD780049,Jacket,North,Delivered,2025-10-06,2025-10-11
SHP122050,ORD780050,Dining Table,West,Delivered,2025-08-20,2025-08-24
SHP122051,ORD780051,Jacket,East,Delivered,2025-02-07,2025-02-11
SHP122052,ORD780052,T-Shirt,East,Delivered,2025-02-13,2025-02-16
SHP122053,ORD780053,Shampoo,West,In Transit,2025-08-10,2025-08-18
SHP122054,ORD780054,Dining Table,West,Delivered,2025-09-12,2025-09-18
SHP122055,ORD780055,Headphones,West,Delivered,2025-12-01,2025-12-04
SHP122056,ORD780056,T-Shirt,West,Delivered,2025-01-22,2025-01-26
SHP122057,ORD780057,Dining Table,West,Delivered,2025-07-08,2025-07-13
SHP122058,ORD780058,Other Product,West,Delivered,2025-08-03,2025-08-07
SHP122059,ORD780059,Dining Table,East,Delivered,2025-02-06,2025-02-13
SHP122060,ORD780060,Monitor,East,Delivered,2025-07-16,2025-07-24
SHP122061,ORD780061,Engine Oil,East,Delivered,2025-08-28,2025-08-30
SHP122062,ORD780062,Sofa,North,In Transit,2025-12-08,2025-12-16
SHP122063,ORD780063,Laptop,West,Delivered,2025-09-16,2025-09-20
SHP122064,ORD780064,Face Cream,North,Delivered,2025-06-15,2025-06-18
SHP122065,ORD780065,Engine Oil,East,Delivered,2025-07-22,2025-07-25
SHP122066,ORD780066,Headphones,West,Delivered,2025-08-13,2025-08-15
SHP122067,ORD780067,Other Product,North,Delivered,2025-09-24,2025-09-28
SHP122068,ORD780068,Jeans,South,Delivered,2025-01-03,2025-01-09
SHP122069,ORD780069,Monitor,West,Delayed,2025-09-12,2025-09-14
SHP122070,ORD780070,Smartphone,South,Delivered,2025-08-28,2025-09-01
SHP122071,ORD780071,Face Cream,North,Delivered,2025-01-05,2025-01-08
SHP122072,ORD780072,Smartphone,North,Delivered,2025-07-14,2025-07-20
SHP122073,ORD780073,Sofa,West,Delivered,2025-08-17,2025-08-22
SHP122074,ORD780074,Jeans,West,Delivered,2025-12-12,2025-12-14
SHP122075,ORD780075,T-Shirt,South,Delivered,2025-01-04,2025-01-09
SHP122076,ORD780076,Engine Oil,North,Delivered,2025-10-11,2025-10-16
SHP122077,ORD780077,Dining Table,West,Delivered,2025-03-10,2025-03-16
SHP122078,ORD780078,T-Shirt,East,Delivered,2025-09-22,2025-09-26
SHP122079,ORD780079,Jeans,East,Delivered,2025-08-12,2025-08-16
SHP122080,ORD780080,Laptop,South,Delivered,2025-05-27,2025-05-31
SHP122081,ORD780081,Dining Table,East,Delivered,2025-08-23,2025-08-27
SHP122082,ORD780082,Shampoo,East,Delivered,2025-05-18,2025-05-23
SHP122083,ORD780083,Engine Oil,South,Delivered,2025-06-17,2025-06-21
SHP122084,ORD780084,Car Seat,East,Delivered,2025-01-30,2025-02-05
SHP122085,ORD780085,Engine Oil,East,Delivered,2025-10-18,2025-10-20
SHP122086,ORD780086,Shampoo,South,Delivered,2025-12-23,2025-12-25
SHP122087,ORD780087,Face Cream,North,Delivered,2025-08-26,2025-08-31
SHP122088,ORD780088,Jacket,South,Delivered,2025-09-10,2025-09-15
SHP122089,ORD780089,Dining Table,West,In Transit,2025-09-06,2025-09-10
SHP122090,ORD780090,Laptop,West,Delivered,2025-02-22,2025-02-26
SHP122091,ORD780091,Laptop,South,Delivered,2025-02-02,2025-02-06
SHP122092,ORD780092,Monitor,North,Delayed,2025-09-08,2025-09-13
SHP122093,ORD780093,Engine Oil,West,Delivered,2025-08-30,2025-09-03
SHP122094,ORD780094,Engine Oil,East,Delivered,2025-06-04,2025-06-08
SHP122095,ORD780095,Dining Table,North,Delivered,2025-10-08,2025-10-13
SHP122096,ORD780096,Laptop,West,Delivered,2025-12-09,2025-12-12
SHP122097,ORD780097,Laptop,West,Delivered,2025-03-01,2025-03-05
SHP122098,ORD780098,Face Cream,East,Delivered,2025-01-23,2025-01-28
SHP122099,ORD780099,Engine Oil,North,Delivered,2025-03-10,2025-03-16
SHP122100,ORD780100,Other Product,West,Delivered,2025-07-03,2025-07-06
SHP122101,ORD780101,Laptop,South,Delivered,2025-02-03,2025-02-08
SHP122102,ORD780102,Headphones,West,Delivered,2025-12-30,2026-01-07
SHP122103,ORD780103,Dining Table,South,Delivered,2025-08-07,2025-08-09
SHP122104,ORD780104,Headphones,East,Delivered,2025-02-07,2025-02-11
SHP122105,ORD780105,T-Shirt,North,Delivered,2025-04-04,2025-04-10
SHP122106,ORD780106,Jacket,South,Delivered,2025-04-04,2025-04-12
SHP122107,ORD780107,Other Product,South,Delivered,2025-07-16,2025-07-22
SHP122108,ORD780108,Jacket,West,Delivered,2025-06-10,2025-06-17
SHP122109,ORD780109,Jacket,West,Delivered,2025-05-11,2025-05-14
SHP122110,ORD780110,Jeans,East,Delivered,2025-09-30,2025-10-03
SHP122111,ORD780111,Face Cream,West,Delivered,2025-06-12,2025-06-15
SHP122112,ORD780112,T-Shirt,South,Delivered,2025-03-30,2025-04-02
SHP122113,ORD780113,Smartphone,East,Delivered,2025-06-19,2025-06-25
SHP122114,ORD780114,Keyboard,South,Delivered,2025-01-17,2025-01-23
SHP122115,ORD780115,Smartphone,East,Delivered,2025-01-15,2025-01-20
SHP122116,ORD780116,Shampoo,East,Delivered,2025-10-07,2025-10-14
SHP122117,ORD780117,Shampoo,West,Delayed,2025-11-05,2025-11-13
SHP122118,ORD780118,Face Cream,South,Delivered,2025-05-26,2025-05-29
SHP122119,ORD780119,Headphones,East,In Transit,2025-06-30,2025-07-04
SHP122120,ORD780120,Engine Oil,North,Delivered,2025-05-02,2025-05-10
SHP122121,ORD780121,Headphones,East,In Transit,2025-11-04,2025-11-06
SHP122122,ORD780122,Engine Oil,North,Delivered,2025-11-18,2025-11-22
SHP122123,ORD780123,Keyboard,West,Delivered,2025-03-16,2025-03-19
SHP122124,ORD780124,Sofa,South,Delivered,2025-07-06,2025-07-09
SHP122125,ORD780125,Jeans,South,Delivered,2025-03-14,2025-03-19
SHP122126,ORD780126,Face Cream,North,Delivered,2025-02-05,2025-02-08
SHP122127,ORD780127,Sofa,East,Delivered,2025-07-01,2025-07-05
SHP122128,ORD780128,Shampoo,West,Delivered,2025-09-23,2025-09-28
SHP122129,ORD780129,Keyboard,South,Delivered,2025-10-31,2025-11-08
SHP122130,ORD780130,Engine Oil,North,Delivered,2025-02-23,2025-03-01
SHP122131,ORD780131,Face Cream,South,Delivered,2025-12-29,2026-01-01
SHP122132,ORD780132,Engine Oil,West,Delivered,2025-01-29,2025-02-03
SHP122133,ORD780133,Jeans,West,Delivered,2025-05-23,2025-05-30
SHP122134,ORD780134,Shampoo,East,Delivered,2025-04-10,2025-04-15
SHP122135,ORD780135,Face Cream,South,Delayed,2025-07-10,2025-07-17
SHP122136,ORD780136,Jacket,West,Delivered,2025-11-17,2025-11-21
SHP122137,ORD780137,Car Seat,South,Delivered,2025-09-03,2025-09-08
SHP122138,ORD780138,Face Cream,North,Delayed,2025-08-30,2025-09-01
SHP122139,ORD780139,Keyboard,West,Delivered,2025-02-02,2025-02-10
SHP122140,ORD780140,Headphones,North,Delivered,2025-03-13,2025-03-18
SHP122141,ORD780141,T-Shirt,South,Delivered,2025-08-03,2025-08-05
SHP122142,ORD780142,Other Product,North,Delivered,2025-05-28,2025-05-31
SHP122143,ORD780143,Dining Table,East,Delivered,2025-04-23,2025-04-26
SHP122144,ORD780144,Car Seat,South,Delivered,2025-03-23,2025-03-25
SHP122145,ORD780145,Jacket,East,Delivered,2025-08-24,2025-08-28
SHP122146,ORD780146,T-Shirt,South,In Transit,2025-11-24,2025-11-27
SHP122147,ORD780147,Sofa,North,Delivered,2025-06-06,2025-06-09
SHP122148,ORD780148,Monitor,East,Delivered,2025-09-03,2025-09-05
SHP122149,ORD780149,Shampoo,East,Delivered,2025-04-23,2025-04-30
SHP122150,ORD780150,Engine Oil,North,Delivered,2025-06-07,2025-06-15
SHP122151,ORD780151,Headphones,East,Delivered,2025-08-21,2025-08-29
SHP122152,ORD780152,Headphones,West,Delivered,2025-05-28,2025-05-31
SHP122153,ORD780153,Engine Oil,South,Delivered,2025-12-25,2025-12-31
SHP122154,ORD780154,Car Seat,North,Delivered,2025-03-16,2025-03-19
SHP122155,ORD780155,Keyboard,East,Delivered,2025-07-16,2025-07-20
SHP122156,ORD780156,Jacket,West,Delivered,2025-06-24,2025-06-28
SHP122157,ORD780157,Face Cream,East,Delivered,2025-12-26,2025-12-29
SHP122158,ORD780158,Engine Oil,West,Delivered,2025-11-25,2025-11-29
SHP122159,ORD780159,Engine Oil,East,Delivered,2025-01-16,2025-01-18
SHP122160,ORD780160,Laptop,East,Delivered,2025-06-10,2025-06-13
SHP122161,ORD780161,Monitor,South,Delivered,2025-10-28,2025-11-04
SHP122162,ORD780162,Other Product,South,Delivered,2025-10-02,2025-10-07
SHP122163,ORD780163,Dining Table,East,Delivered,2025-05-27,2025-05-31
SHP122164,ORD780164,Dining Table,West,Delivered,2025-02-15,2025-02-19
SHP122165,ORD780165,Engine Oil,North,Delivered,2025-10-08,2025-10-12
SHP122166,ORD780166,Car Seat,East,Delivered,2025-02-07,2025-02-11
SHP122167,ORD780167,Keyboard,North,Delivered,2025-12-23,2025-12-27
SHP122168,ORD780168,Other Product,South,Delayed,2025-11-12,2025-11-17
SHP122169,ORD780169,Jeans,West,In Transit,2025-05-01,2025-05-05
SHP122170,ORD780170,Headphones,South,Delivered,2025-12-11,2025-12-13
SHP122171,ORD780171,Keyboard,North,Delivered,2025-07-29,2025-08-01
SHP122172,ORD780172,Monitor,West,Delivered,2025-05-22,2025-05-27
SHP122173,ORD780173,Shampoo,East,Delivered,2025-09-14,2025-09-20
SHP122174,ORD780174,Keyboard,East,Delivered,2025-08-03,2025-08-08
SHP122175,ORD780175,Face Cream,North,Delivered,2025-01-14,2025-01-16
SHP122176,ORD780176,Other Product,South,Delivered,2025-11-02,2025-11-05
SHP122177,ORD780177,Keyboard,North,Delivered,2025-09-04,2025-09-08
SHP122178,ORD780178,Engine Oil,North,Delivered,2025-12-25,2026-01-02
SHP122179,ORD780179,Keyboard,South,Delivered,2025-04-20,2025-04-27
SHP122180,ORD780180,Car Seat,West,Delivered,2025-12-21,2025-12-26
SHP122181,ORD780181,Engine Oil,West,Delivered,2025-04-11,2025-04-17
SHP122182,ORD780182,Jeans,West,Delivered,2025-07-03,2025-07-08
SHP122183,ORD780183,Jacket,West,Delivered,2025-11-12,2025-11-20
SHP122184,ORD780184,T-Shirt,North,Delivered,2025-11-03,2025-11-10
SHP122185,ORD780185,Car Seat,West,Delivered,2025-09-22,2025-09-25
SHP122186,ORD780186,Dining Table,East,Delivered,2025-09-10,2025-09-13
SHP122187,ORD780187,Headphones,East,Delivered,2025-12-25,2025-12-30
SHP122188,ORD780188,Face Cream,South,Delivered,2025-10-23,2025-10-26
SHP122189,ORD780189,T-Shirt,West,Delivered,2025-01-27,2025-01-31
SHP122190,ORD780190,Jacket,East,Delivered,2025-10-08,2025-10-14
SHP122191,ORD780191,Other Product,North,Delivered,2025-01-22,2025-01-24
SHP122192,ORD780192,Dining Table,East,Delivered,2025-11-13,2025-11-17
SHP122193,ORD780193,Engine Oil,East,Delivered,2025-06-02,2025-06-08
SHP122194,ORD780194,Dining Table,East,Delivered,2025-06-06,2025-06-12
SHP122195,ORD780195,Jeans,North,In Transit,2025-09-14,2025-09-20
SHP122196,ORD780196,Face Cream,South,Delivered,2025-02-28,2025-03-04
SHP122197,ORD780197,Monitor,North,Delivered,2025-08-17,2025-08-22
SHP122198,ORD780198,Jeans,West,Delivered,2025-02-22,2025-02-25
SHP122199,ORD780199,Other Product,South,Delivered,2025-10-24,2025-10-30
SHP122200,ORD780200,Jacket,West,Delivered,2025-03-27,2025-03-31
SHP122201,ORD780201,Engine Oil,East,Delivered,2025-10-10,2025-10-16
SHP122202,ORD780202,Jacket,West,Delivered,2025-05-15,2025-05-19
SHP122203,ORD780203,Headphones,North,Delivered,2025-04-14,2025-04-19
SHP122204,ORD780204,Other Product,South,Delayed,2025-11-15,2025-11-22
SHP122205,ORD780205,T-Shirt,South,Delivered,2025-02-10,2025-02-12
SHP122206,ORD780206,Headphones,East,Delivered,2025-08-24,2025-08-26
SHP122207,ORD780207,Other Product,West,Delivered,2025-07-27,2025-08-01
SHP122208,ORD780208,Jeans,South,Delivered,2025-02-18,2025-02-23
SHP122209,ORD780209,T-Shirt,North,Delivered,2025-07-13,2025-07-16
SHP122210,ORD780210,Laptop,South,Delivered,2025-09-30,2025-10-04
SHP122211,ORD780211,Sofa,West,Delivered,2025-07-16,2025-07-21
SHP122212,ORD780212,Jacket,South,Delivered,2025-03-24,2025-03-29
SHP122213,ORD780213,Shampoo,East,Delivered,2025-09-08,2025-09-11
SHP122214,ORD780214,Jeans,South,Delivered,2025-01-26,2025-01-30
SHP122215,ORD780215,Dining Table,West,Delivered,2025-02-06,2025-02-09
SHP122216,ORD780216,Keyboard,North,Delivered,2025-02-26,2025-02-28
SHP122217,ORD780217,Sofa,South,Delivered,2025-10-01,2025-10-06
SHP122218,ORD780218,Monitor,North,Delivered,2025-04-30,2025-05-07
SHP122219,ORD780219,Monitor,North,Delivered,2025-01-03,2025-01-09
SHP122220,ORD780220,Laptop,East,Delivered,2025-11-18,2025-11-23
SHP122221,ORD780221,T-Shirt,South,Delivered,2025-11-05,2025-11-09
SHP122222,ORD780222,Dining Table,East,In Transit,2025-07-01,2025-07-06
SHP122223,ORD780223,Smartphone,West,Delivered,2025-06-20,2025-06-22
SHP122224,ORD780224,Jeans,South,Delivered,2025-02-03,2025-02-07
SHP122225,ORD780225,Monitor,East,Delivered,2025-05-09,2025-05-13
SHP122226,ORD780226,T-Shirt,North,Delivered,2025-03-01,2025-03-05
SHP122227,ORD780227,Jeans,South,Delivered,2025-01-13,2025-01-17
SHP122228,ORD780228,Laptop,West,Delivered,2025-08-11,2025-08-17
SHP122229,ORD780229,Jacket,South,Delivered,2025-07-25,2025-07-28
SHP122230,ORD780230,T-Shirt,South,Delivered,2025-09-13,2025-09-21
SHP122231,ORD780231,Sofa,West,In Transit,2025-10-29,2025-11-02
SHP122232,ORD780232,Laptop,West,Delivered,2025-12-29,2026-01-01
SHP122233,ORD780233,Engine Oil,West,Delivered,2025-03-09,2025-03-14
SHP122234,ORD780234,Car Seat,North,Delivered,2025-12-12,2025-12-17
SHP122235,ORD780235,Laptop,South,Delivered,2025-06-14,2025-06-22
SHP122236,ORD780236,Car Seat,North,Delivered,2025-06-23,2025-06-25
SHP122237,ORD780237,Other Product,West,Delivered,2025-09-23,2025-09-27
SHP122238,ORD780238,Other Product,South,Delivered,2025-08-11,2025-08-15
SHP122239,ORD780239,Shampoo,East,In Transit,2025-08-17,2025-08-25
SHP122240,ORD780240,Other Product,West,Delivered,2025-01-19,2025-01-21
SHP122241,ORD780241,Laptop,South,Delayed,2025-01-22,2025-01-24
SHP122242,ORD780242,Car Seat,North,Delivered,2025-12-13,2025-12-20
SHP122243,ORD780243,Jacket,West,Delivered,2025-04-09,2025-04-14
SHP122244,ORD780244,Laptop,South,Delivered,2025-06-28,2025-07-01
SHP122245,ORD780245,T-Shirt,North,Delivered,2025-05-12,2025-05-18
SHP122246,ORD780246,Shampoo,East,Delivered,2025-03-23,2025-03-28
SHP122247,ORD780247,Keyboard,North,Delivered,2025-08-27,2025-08-31
SHP122248,ORD780248,Car Seat,North,Delivered,2025-04-29,2025-05-05
SHP122249,ORD780249,Shampoo,South,Delivered,2025-12-20,2025-12-27
SHP122250,ORD780250,Face Cream,South,In Transit,2025-05-19,2025-05-24
SHP122251,ORD780251,Headphones,South,Delivered,2025-08-13,2025-08-18
SHP122252,ORD780252,Car Seat,East,Delivered,2025-03-31,2025-04-03
SHP122253,ORD780253,Other Product,North,Delivered,2025-12-10,2025-12-12
SHP122254,ORD780254,Monitor,North,Delivered,2025-12-10,2025-12-14
SHP122255,ORD780255,Jeans,West,Delivered,2025-12-13,2025-12-19
SHP122256,ORD780256,Keyboard,West,Delivered,2025-09-20,2025-09-26
SHP122257,ORD780257,Jacket,North,Delivered,2025-08-13,2025-08-18
SHP122258,ORD780258,Face Cream,South,Delivered,2025-12-01,2025-12-03
SHP122259,ORD780259,Laptop,North,Delivered,2025-11-19,2025-11-23
SHP122260,ORD780260,Smartphone,North,Delivered,2025-04-23,2025-04-30
SHP122261,ORD780261,Jacket,East,Delivered,2025-01-29,2025-02-04
SHP122262,ORD780262,Monitor,West,Delivered,2025-04-13,2025-04-16
SHP122263,ORD780263,Shampoo,North,Delivered,2025-03-15,2025-03-17
SHP122264,ORD780264,Car Seat,North,Delivered,2025-10-01,2025-10-07
SHP122265,ORD780265,T-Shirt,North,Delivered,2025-03-25,2025-04-01
SHP122266,ORD780266,T-Shirt,West,Delivered,2025-10-14,2025-10-20
SHP122267,ORD780267,Jacket,South,Delivered,2025-07-19,2025-07-24
SHP122268,ORD780268,Headphones,West,Delivered,2025-11-15,2025-11-22
SHP122269,ORD780269,Jacket,East,Delivered,2025-04-22,2025-04-24
SHP122270,ORD780270,Dining Table,West,Delivered,2025-05-23,2025-05-27
SHP122271,ORD780271,T-Shirt,South,Delivered,2025-10-26,2025-10-31
SHP122272,ORD780272,Sofa,West,Delayed,2025-12-10,2025-12-14
SHP122273,ORD780273,Laptop,East,Delivered,2025-09-07,2025-09-15
SHP122274,ORD780274,T-Shirt,North,Delivered,2025-04-13,2025-04-17
SHP122275,ORD780275,Jeans,West,Delivered,2025-03-10,2025-03-18
SHP122276,ORD780276,T-Shirt,North,Delivered,2025-10-05,2025-10-09
SHP122277,ORD780277,Car Seat,North,Delivered,2025-11-21,2025-11-24
SHP122278,ORD780278,Monitor,East,Delivered,2025-08-01,2025-08-05
SHP122279,ORD780279,T-Shirt,South,Delivered,2025-04-26,2025-05-02
SHP122280,ORD780280,Sofa,West,Delivered,2025-03-15,2025-03-21
SHP122281,ORD780281,Sofa,West,Delivered,2025-09-12,2025-09-19
SHP122282,ORD780282,Other Product,North,Delivered,2025-05-22,2025-05-27
SHP122283,ORD780283,Smartphone,East,Delivered,2025-09-17,2025-09-22
SHP122284,ORD780284,Engine Oil,West,Delivered,2025-11-05,2025-11-08
SHP122285,ORD780285,Dining Table,North,Delivered,2025-08-30,2025-09-05
SHP122286,ORD780286,T-Shirt,South,Delivered,2025-08-24,2025-08-26
SHP122287,ORD780287,Jeans,South,Delivered,2025-11-12,2025-11-15
SHP122288,ORD780288,Jacket,East,Delivered,2025-09-12,2025-09-20
SHP122289,ORD780289,Smartphone,North,Delivered,2025-02-09,2025-02-11
SHP122290,ORD780290,Smartphone,East,Delivered,2025-02-24,2025-02-26
SHP122291,ORD780291,Face Cream,East,Delivered,2025-04-14,2025-04-16
SHP122292,ORD780292,Car Seat,South,Delivered,2025-01-13,2025-01-16
SHP122293,ORD780293,Sofa,South,Delivered,2025-02-22,2025-02-25
SHP122294,ORD780294,Dining Table,South,Delivered,2025-07-19,2025-07-23
SHP122295,ORD780295,Other Product,South,Delivered,2025-06-19,2025-06-26
SHP122296,ORD780296,Keyboard,West,Delivered,2025-08-15,2025-08-19
SHP122297,ORD780297,Jeans,West,Delivered,2025-03-20,2025-03-28
SHP122298,ORD780298,Headphones,North,Delivered,2025-07-18,2025-07-24
SHP122299,ORD780299,Jacket,North,Delivered,2025-01-05,2025-01-09
SHP122300,ORD780300,Sofa,North,Delivered,2025-12-05,2025-12-09
SHP122301,ORD780301,Smartphone,West,Delivered,2025-11-07,2025-11-10
SHP122302,ORD780302,Keyboard,South,Delivered,2025-12-24,2025-12-29
SHP122303,ORD780303,Sofa,North,Delivered,2025-04-04,2025-04-09
SHP122304,ORD780304,Face Cream,North,Delivered,2025-01-06,2025-01-08
SHP122305,ORD780305,Laptop,North,Delivered,2025-05-20,2025-05-25
SHP122306,ORD780306,Engine Oil,South,Delivered,2025-04-12,2025-04-16
SHP122307,ORD780307,Other Product,East,Delivered,2025-07-14,2025-07-18
SHP122308,ORD780308,Jeans,North,Delivered,2025-02-16,2025-02-20
SHP122309,ORD780309,T-Shirt,North,Delivered,2025-01-24,2025-01-30
SHP122310,ORD780310,Laptop,North,Delivered,2025-03-14,2025-03-20
SHP122311,ORD780311,Dining Table,East,Delivered,2025-08-03,2025-08-07
SHP122312,ORD780312,Smartphone,North,Delivered,2025-10-24,2025-10-28
SHP122313,ORD780313,Smartphone,West,Delivered,2025-05-21,2025-05-25
SHP122314,ORD780314,Face Cream,North,Delivered,2025-03-26,2025-03-31
SHP122315,ORD780315,Car Seat,South,Delivered,2025-08-22,2025-08-29
SHP122316,ORD780316,Jacket,North,Delivered,2025-03-25,2025-03-29
SHP122317,ORD780317,Monitor,East,Delivered,2025-03-30,2025-04-02
SHP122318,ORD780318,Shampoo,North,Delivered,2025-08-08,2025-08-15
SHP122319,ORD780319,Dining Table,North,Delivered,2025-12-19,2025-12-22
SHP122320,ORD780320,Monitor,South,Delivered,2025-03-19,2025-03-23
SHP122321,ORD780321,Shampoo,North,Delivered,2025-11-06,2025-11-13
SHP122322,ORD780322,Face Cream,South,Delivered,2025-02-15,2025-02-20
SHP122323,ORD780323,Face Cream,West,Delivered,2025-03-11,2025-03-14
SHP122324,ORD780324,Dining Table,North,Delivered,2025-03-21,2025-03-26
SHP122325,ORD780325,Jacket,North,In Transit,2025-11-14,2025-11-19
SHP122326,ORD780326,T-Shirt,West,Delivered,2025-03-25,2025-03-27
SHP122327,ORD780327,Jacket,West,Delivered,2025-12-18,2025-12-23
SHP122328,ORD780328,Shampoo,North,Delivered,2025-03-19,2025-03-24
SHP122329,ORD780329,Shampoo,West,Delivered,2025-11-07,2025-11-10
SHP122330,ORD780330,Dining Table,South,Delivered,2025-01-23,2025-01-31
SHP122331,ORD780331,T-Shirt,South,Delivered,2025-01-10,2025-01-17
SHP122332,ORD780332,Sofa,South,Delivered,2025-06-02,2025-06-07
SHP122333,ORD780333,Sofa,West,Delivered,2025-11-22,2025-11-27
SHP122334,ORD780334,Monitor,West,Delivered,2025-11-22,2025-11-28
SHP122335,ORD780335,Monitor,West,Delivered,2025-03-29,2025-04-03
SHP122336,ORD780336,Sofa,East,Delivered,2025-06-09,2025-06-17
SHP122337,ORD780337,Monitor,South,Delivered,2025-06-30,2025-07-05
SHP122338,ORD780338,Laptop,West,Delivered,2025-08-13,2025-08-17
SHP122339,ORD780339,Smartphone,South,Delivered,2025-02-04,2025-02-06
SHP122340,ORD780340,T-Shirt,South,Delivered,2025-06-21,2025-06-24
SHP122341,ORD780341,Headphones,North,Delayed,2025-09-29,2025-10-01
SHP122342,ORD780342,Monitor,West,Delivered,2025-09-13,2025-09-15
SHP122343,ORD780343,Face Cream,South,Delivered,2025-06-30,2025-07-03
SHP122344,ORD780344,Smartphone,South,Delivered,2025-07-21,2025-07-28
SHP122345,ORD780345,Smartphone,West,Delivered,2025-01-19,2025-01-24
SHP122346,ORD780346,Headphones,North,Delivered,2025-05-08,2025-05-11
SHP122347,ORD780347,Laptop,South,Delivered,2025-08-23,2025-08-28
SHP122348,ORD780348,Face Cream,East,Delayed,2025-12-23,2025-12-25
SHP122349,ORD780349,T-Shirt,South,Delivered,2025-07-23,2025-07-29
SHP122350,ORD780350,Jacket,South,Delivered,2025-12-26,2026-01-03
SHP122351,ORD780351,Monitor,South,Delivered,2025-05-06,2025-05-13
SHP122352,ORD780352,Sofa,South,In Transit,2025-11-25,2025-11-29
SHP122353,ORD780353,Engine Oil,East,In Transit,2025-04-26,2025-04-28
SHP122354,ORD780354,Jeans,West,Delivered,2025-10-20,2025-10-25
SHP122355,ORD780355,Face Cream,East,Delivered,2025-05-28,2025-06-01
SHP122356,ORD780356,Dining Table,East,Delivered,2025-10-06,2025-10-09
SHP122357,ORD780357,Engine Oil,North,Delivered,2025-04-04,2025-04-07
SHP122358,ORD780358,Shampoo,East,Delivered,2025-11-12,2025-11-15
SHP122359,ORD780359,Laptop,West,Delivered,2025-08-07,2025-08-15
SHP122360,ORD780360,Jeans,East,Delivered,2025-04-04,2025-04-08
SHP122361,ORD780361,Shampoo,South,Delivered,2025-05-09,2025-05-12
SHP122362,ORD780362,Jacket,West,Delivered,2025-07-10,2025-07-14
SHP122363,ORD780363,Jeans,West,Delivered,2025-07-11,2025-07-19
SHP122364,ORD780364,T-Shirt,East,Delivered,2025-07-08,2025-07-16
SHP122365,ORD780365,Monitor,North,Delivered,2025-07-04,2025-07-08
SHP122366,ORD780366,Engine Oil,South,Delivered,2025-06-10,2025-06-15
SHP122367,ORD780367,Engine Oil,North,Delivered,2025-05-22,2025-05-30
SHP122368,ORD780368,Dining Table,East,Delivered,2025-05-10,2025-05-12
SHP122369,ORD780369,Keyboard,West,Delivered,2025-01-05,2025-01-10
SHP122370,ORD780370,Monitor,North,Delivered,2025-03-11,2025-03-16
SHP122371,ORD780371,Other Product,South,Delivered,2025-01-19,2025-01-24
SHP122372,ORD780372,Car Seat,East,Delivered,2025-08-18,2025-08-21
SHP122373,ORD780373,Laptop,North,Delayed,2025-03-16,2025-03-18
SHP122374,ORD780374,Face Cream,South,Delivered,2025-03-22,2025-03-29
SHP122375,ORD780375,Jeans,West,Delivered,2025-06-11,2025-06-13
SHP122376,ORD780376,Jacket,North,Delivered,2025-02-01,2025-02-03
SHP122377,ORD780377,Jacket,West,Delivered,2025-02-14,2025-02-19
SHP122378,ORD780378,Jeans,West,Delivered,2025-12-05,2025-12-07
SHP122379,ORD780379,Keyboard,North,Delivered,2025-03-24,2025-03-27
SHP122380,ORD780380,Jacket,East,Delivered,2025-11-21,2025-11-25
SHP122381,ORD780381,Sofa,South,Delivered,2025-07-29,2025-08-01
SHP122382,ORD780382,Face Cream,East,Delivered,2025-04-06,2025-04-14
SHP122383,ORD780383,Sofa,West,Delivered,2025-04-13,2025-04-18
SHP122384,ORD780384,Face Cream,East,Delivered,2025-04-20,2025-04-28
SHP122385,ORD780385,Dining Table,South,Delivered,2025-11-21,2025-11-25
SHP122386,ORD780386,T-Shirt,East,Delivered,2025-10-15,2025-10-23
SHP122387,ORD780387,Smartphone,East,Delivered,2025-02-10,2025-02-13
SHP122388,ORD780388,Smartphone,East,Delivered,2025-03-14,2025-03-17
SHP122389,ORD780389,Jeans,South,Delayed,2025-07-17,2025-07-24
SHP122390,ORD780390,Face Cream,North,Delivered,2025-10-05,2025-10-10
SHP122391,ORD780391,Jacket,South,Delivered,2025-05-24,2025-05-26
SHP122392,ORD780392,Other Product,East,Delivered,2025-09-27,2025-09-30
SHP122393,ORD780393,Sofa,North,Delivered,2025-04-08,2025-04-12
SHP122394,ORD780394,Monitor,South,Delivered,2025-12-30,2026-01-06
SHP122395,ORD780395,Sofa,West,In Transit,2025-03-10,2025-03-14
SHP122396,ORD780396,Other Product,West,Delivered,2025-07-08,2025-07-12
SHP122397,ORD780397,Headphones,West,Delivered,2025-03-15,2025-03-20
SHP122398,ORD780398,Monitor,North,Delivered,2025-06-01,2025-06-08
SHP122399,ORD780399,Headphones,East,Delivered,2025-05-12,2025-05-14
SHP122400,ORD780400,Monitor,East,Delivered,2025-01-24,2025-01-28
SHP122401,ORD780401,Headphones,West,Delivered,2025-07-09,2025-07-13
SHP122402,ORD780402,Laptop,South,Delivered,2025-08-20,2025-08-24
SHP122403,ORD780403,Face Cream,North,Delivered,2025-03-17,2025-03-22
SHP122404,ORD780404,Engine Oil,West,Delivered,2025-06-01,2025-06-05
SHP122405,ORD780405,Headphones,West,Delivered,2025-02-04,2025-02-08
SHP122406,ORD780406,Keyboard,East,Delayed,2025-09-21,2025-09-27
SHP122407,ORD780407,T-Shirt,East,Delivered,2025-11-15,2025-11-20
SHP122408,ORD780408,Sofa,East,Delivered,2025-12-11,2025-12-16
SHP122409,ORD780409,Smartphone,East,Delivered,2025-01-11,2025-01-14
SHP122410,ORD780410,Headphones,East,Delivered,2025-10-16,2025-10-20
SHP122411,ORD780411,Smartphone,South,Delivered,2025-04-12,2025-04-15
SHP122412,ORD780412,Monitor,North,Delivered,2025-09-10,2025-09-14
SHP122413,ORD780413,Laptop,South,Delivered,2025-08-19,2025-08-25
SHP122414,ORD780414,Dining Table,South,Delivered,2025-10-20,2025-10-23
SHP122415,ORD780415,Jeans,South,Delivered,2025-04-01,2025-04-07
SHP122416,ORD780416,T-Shirt,East,Delivered,2025-07-15,2025-07-19
SHP122417,ORD780417,Dining Table,East,Delivered,2025-01-10,2025-01-15
SHP122418,ORD780418,Jeans,West,Delivered,2025-07-26,2025-07-30
SHP122419,ORD780419,Monitor,West,Delivered,2025-07-06,2025-07-11
SHP122420,ORD780420,Laptop,South,Delivered,2025-07-19,2025-07-22
SHP122421,ORD780421,T-Shirt,North,Delivered,2025-10-16,2025-10-21
SHP122422,ORD780422,Monitor,West,Delivered,2025-11-23,2025-11-26
SHP122423,ORD780423,Keyboard,North,In Transit,2025-09-27,2025-09-30
SHP122424,ORD780424,Face Cream,East,Delivered,2025-06-28,2025-07-01
SHP122425,ORD780425,Other Product,North,Delivered,2025-11-18,2025-11-20
SHP122426,ORD780426,Dining Table,West,Delivered,2025-03-21,2025-03-26
SHP122427,ORD780427,Engine Oil,North,Delivered,2025-01-24,2025-01-28
SHP122428,ORD780428,Headphones,East,Delivered,2025-09-23,2025-09-30
SHP122429,ORD780429,Face Cream,South,Delivered,2025-05-27,2025-06-04
SHP122430,ORD780430,Face Cream,East,Delivered,2025-03-18,2025-03-23
SHP122431,ORD780431,Headphones,East,Delivered,2025-04-15,2025-04-21
SHP122432,ORD780432,Shampoo,East,Delivered,2025-11-16,2025-11-21
SHP122433,ORD780433,Sofa,West,Delivered,2025-08-14,2025-08-19
SHP122434,ORD780434,Headphones,East,Delivered,2025-01-18,2025-01-25
SHP122435,ORD780435,Dining Table,South,Delayed,2025-09-29,2025-10-06
SHP122436,ORD780436,Engine Oil,South,Delivered,2025-12-15,2025-12-20
SHP122437,ORD780437,Headphones,East,Delivered,2025-12-05,2025-12-08
SHP122438,ORD780438,Dining Table,South,Delivered,2025-04-04,2025-04-11
SHP122439,ORD780439,Keyboard,West,Delivered,2025-12-04,2025-12-09
SHP122440,ORD780440,Face Cream,West,Delivered,2025-01-08,2025-01-12
SHP122441,ORD780441,Laptop,North,Delivered,2025-05-16,2025-05-19
SHP122442,ORD780442,Jeans,North,Delivered,2025-04-22,2025-04-26
SHP122443,ORD780443,Jeans,East,Delivered,2025-01-18,2025-01-24
SHP122444,ORD780444,Dining Table,West,Delivered,2025-12-27,2025-12-29
SHP122445,ORD780445,Jacket,East,Delivered,2025-03-03,2025-03-08
SHP122446,ORD780446,Smartphone,East,Delivered,2025-08-28,2025-08-31
SHP122447,ORD780447,Engine Oil,East,Delivered,2025-02-22,2025-02-24
SHP122448,ORD780448,T-Shirt,East,Delivered,2025-04-01,2025-04-06
SHP122449,ORD780449,Smartphone,North,Delivered,2025-05-03,2025-05-09
SHP122450,ORD780450,Sofa,North,Delivered,2025-12-03,2025-12-07
SHP122451,ORD780451,T-Shirt,East,Delivered,2025-10-16,2025-10-23
SHP122452,ORD780452,Jeans,East,Delivered,2025-08-17,2025-08-20
SHP122453,ORD780453,Sofa,East,Delivered,2025-12-11,2025-12-19
SHP122454,ORD780454,Jeans,West,Delivered,2025-03-19,2025-03-22
SHP122455,ORD780455,Face Cream,West,Delivered,2025-05-08,2025-05-12
SHP122456,ORD780456,Smartphone,West,In Transit,2025-11-05,2025-11-08
SHP122457,ORD780457,T-Shirt,West,Delivered,2025-08-15,2025-08-19
SHP122458,ORD780458,Keyboard,South,Delivered,2025-09-10,2025-09-15
SHP122459,ORD780459,Headphones,South,Delivered,2025-07-29,2025-08-05
SHP122460,ORD780460,Car Seat,North,Delivered,2025-05-10,2025-05-16
SHP122461,ORD780461,Jacket,South,Delivered,2025-11-28,2025-12-03
SHP122462,ORD780462,Car Seat,North,In Transit,2025-10-02,2025-10-05
SHP122463,ORD780463,Headphones,East,Delivered,2025-05-28,2025-06-01
SHP122464,ORD780464,Sofa,East,Delivered,2025-09-14,2025-09-18
SHP122465,ORD780465,Laptop,East,Delivered,2025-04-27,2025-05-02
SHP122466,ORD780466,Sofa,West,Delivered,2025-01-08,2025-01-13
SHP122467,ORD780467,Other Product,West,In Transit,2025-07-27,2025-08-03
SHP122468,ORD780468,Keyboard,South,Delivered,2025-07-15,2025-07-20
SHP122469,ORD780469,T-Shirt,West,Delivered,2025-05-30,2025-06-04
SHP122470,ORD780470,Smartphone,North,In Transit,2025-07-23,2025-07-27
SHP122471,ORD780471,Headphones,East,Delivered,2025-03-08,2025-03-11
SHP122472,ORD780472,Smartphone,West,Delivered,2025-05-10,2025-05-12
SHP122473,ORD780473,Car Seat,East,Delivered,2025-05-26,2025-06-01
SHP122474,ORD780474,Headphones,South,Delivered,2025-10-04,2025-10-10
SHP122475,ORD780475,Other Product,South,Delivered,2025-02-02,2025-02-07
SHP122476,ORD780476,T-Shirt,East,Delayed,2025-05-23,2025-05-26
SHP122477,ORD780477,Sofa,North,Delayed,2025-02-19,2025-02-23
SHP122478,ORD780478,Dining Table,West,Delivered,2025-09-17,2025-09-21
SHP122479,ORD780479,Car Seat,East,Delivered,2025-04-17,2025-04-23
SHP122480,ORD780480,Headphones,West,Delivered,2025-12-31,2026-01-03
SHP122481,ORD780481,Shampoo,West,In Transit,2025-12-09,2025-12-15
SHP122482,ORD780482,Engine Oil,North,Delivered,2025-04-06,2025-04-09
SHP122483,ORD780483,Smartphone,South,Delivered,2025-12-31,2026-01-05
SHP122484,ORD780484,Shampoo,East,Delivered,2025-05-12,2025-05-16
SHP122485,ORD780485,Headphones,South,Delayed,2025-01-04,2025-01-07
SHP122486,ORD780486,Other Product,South,Delivered,2025-11-29,2025-12-01
SHP122487,ORD780487,Dining Table,South,Delivered,2025-06-23,2025-06-29
SHP122488,ORD780488,Headphones,North,Delivered,2025-02-08,2025-02-10
SHP122489,ORD780489,Laptop,East,Delivered,2025-07-26,2025-07-31
SHP122490,ORD780490,Jacket,North,Delivered,2025-07-03,2025-07-06
SHP122491,ORD780491,Dining Table,East,Delivered,2025-01-01,2025-01-08
SHP122492,ORD780492,T-Shirt,South,Delivered,2025-04-27,2025-05-01
SHP122493,ORD780493,Smartphone,East,Delivered,2025-12-03,2025-12-09
SHP122494,ORD780494,Jeans,North,Delivered,2025-09-28,2025-10-04
SHP122495,ORD780495,Monitor,South,Delivered,2025-03-21,2025-03-24
SHP122496,ORD780496,Jeans,South,Delivered,2025-02-06,2025-02-12
SHP122497,ORD780497,Sofa,East,Delivered,2025-10-28,2025-10-31
SHP122498,ORD780498,Sofa,West,Delivered,2025-02-24,2025-02-28
SHP122499,ORD780499,T-Shirt,West,Delivered,2025-12-24,2025-12-27
SHP122500,ORD780500,Headphones,West,Delivered,2025-04-06,2025-04-13
SHP122501,ORD780501,Other Product,South,Delivered,2025-08-27,2025-08-31
SHP122502,ORD780502,Headphones,North,Delivered,2025-07-15,2025-07-20
SHP122503,ORD780503,Jacket,South,Delayed,2025-11-20,2025-11-25
SHP122504,ORD780504,Jacket,North,Delivered,2025-12-28,2026-01-02
SHP122505,ORD780505,Jacket,South,Delivered,2025-02-20,2025-02-22
SHP122506,ORD780506,Headphones,South,Delivered,2025-05-20,2025-05-23
SHP122507,ORD780507,Smartphone,North,Delivered,2025-01-04,2025-01-09
SHP122508,ORD780508,Other Product,South,Delivered,2025-01-08,2025-01-11
SHP122509,ORD780509,Shampoo,South,Delivered,2025-03-20,2025-03-24
SHP122510,ORD780510,Keyboard,West,Delivered,2025-09-02,2025-09-06
SHP122511,ORD780511,Sofa,East,Delivered,2025-04-02,2025-04-08
SHP122512,ORD780512,Jeans,East,Delayed,2025-11-30,2025-12-03
SHP122513,ORD780513,Jeans,South,Delivered,2025-06-22,2025-06-27
SHP122514,ORD780514,T-Shirt,East,Delivered,2025-06-23,2025-06-25
SHP122515,ORD780515,Other Product,East,Delivered,2025-02-12,2025-02-16
SHP122516,ORD780516,Smartphone,North,Delivered,2025-12-29,2025-12-31
SHP122517,ORD780517,Sofa,South,Delivered,2025-05-02,2025-05-07
SHP122518,ORD780518,Engine Oil,East,Delivered,2025-12-27,2025-12-31
SHP122519,ORD780519,Engine Oil,East,Delivered,2025-02-09,2025-02-12
SHP122520,ORD780520,Shampoo,North,Delivered,2025-04-16,2025-04-24
SHP122521,ORD780521,Car Seat,North,Delivered,2025-11-26,2025-11-29
SHP122522,ORD780522,Jacket,West,Delayed,2025-05-04,2025-05-08
SHP122523,ORD780523,Car Seat,East,Delivered,2025-03-02,2025-03-04
SHP122524,ORD780524,Smartphone,South,Delivered,2025-11-09,2025-11-12
SHP122525,ORD780525,Smartphone,East,Delayed,2025-12-14,2025-12-18
SHP122526,ORD780526,Laptop,West,Delivered,2025-06-16,2025-06-20
SHP122527,ORD780527,Other Product,North,Delivered,2025-11-07,2025-11-11
SHP122528,ORD780528,Face Cream,West,Delivered,2025-10-20,2025-10-25
SHP122529,ORD780529,Headphones,North,Delivered,2025-10-16,2025-10-20
SHP122530,ORD780530,Headphones,North,Delivered,2025-03-25,2025-03-29
SHP122531,ORD780531,Shampoo,West,Delivered,2025-11-03,2025-11-05
SHP122532,ORD780532,Jacket,North,Delivered,2025-09-19,2025-09-27
SHP122533,ORD780533,Smartphone,East,Delivered,2025-11-02,2025-11-05
SHP122534,ORD780534,Other Product,West,In Transit,2025-05-17,2025-05-20
SHP122535,ORD780535,Smartphone,East,Delivered,2025-08-27,2025-09-03
SHP122536,ORD780536,Engine Oil,South,Delivered,2025-07-07,2025-07-09
SHP122537,ORD780537,Sofa,West,Delivered,2025-09-29,2025-10-04
SHP122538,ORD780538,Car Seat,North,Delivered,2025-06-16,2025-06-23
SHP122539,ORD780539,Sofa,South,Delivered,2025-12-11,2025-12-14
SHP122540,ORD780540,Keyboard,South,Delivered,2025-11-11,2025-11-14
SHP122541,ORD780541,Smartphone,North,Delivered,2025-02-28,2025-03-04
SHP122542,ORD780542,Headphones,East,Delivered,2025-04-03,2025-04-08
SHP122543,ORD780543,Laptop,North,Delivered,2025-05-20,2025-05-25
SHP122544,ORD780544,Shampoo,North,Delivered,2025-10-15,2025-10-19
SHP122545,ORD780545,Other Product,East,Delivered,2025-07-04,2025-07-06
SHP122546,ORD780546,Other Product,South,Delivered,2025-03-18,2025-03-25
SHP122547,ORD780547,Jacket,West,Delivered,2025-08-12,2025-08-16
SHP122548,ORD780548,Face Cream,East,Delivered,2025-10-06,2025-10-11
SHP122549,ORD780549,Laptop,East,Delivered,2025-06-21,2025-06-26
SHP122550,ORD780550,Dining Table,East,Delivered,2025-03-31,2025-04-03
SHP122551,ORD780551,Monitor,West,Delivered,2025-02-10,2025-02-15
SHP122552,ORD780552,Jeans,West,Delivered,2025-07-14,2025-07-19
SHP122553,ORD780553,Dining Table,South,Delivered,2025-12-12,2025-12-18
SHP122554,ORD780554,Laptop,West,Delivered,2025-11-23,2025-11-28
SHP122555,ORD780555,T-Shirt,North,Delivered,2025-12-09,2025-12-15
SHP122556,ORD780556,T-Shirt,East,Delivered,2025-06-30,2025-07-03
SHP122557,ORD780557,Engine Oil,West,Delivered,2025-03-04,2025-03-09
SHP122558,ORD780558,Dining Table,North,Delivered,2025-12-21,2025-12-24
SHP122559,ORD780559,Smartphone,South,Delivered,2025-02-11,2025-02-15
SHP122560,ORD780560,Laptop,West,Delivered,2025-04-08,2025-04-10
SHP122561,ORD780561,Face Cream,West,Delivered,2025-12-19,2025-12-23
SHP122562,ORD780562,Car Seat,South,Delivered,2025-03-09,2025-03-13
SHP122563,ORD780563,Jeans,North,Delivered,2025-09-14,2025-09-19
SHP122564,ORD780564,T-Shirt,West,Delivered,2025-07-31,2025-08-04
SHP122565,ORD780565,Shampoo,South,Delivered,2025-02-16,2025-02-21
SHP122566,ORD780566,Keyboard,East,In Transit,2025-10-12,2025-10-16
SHP122567,ORD780567,T-Shirt,East,Delivered,2025-10-15,2025-10-21
SHP122568,ORD780568,Laptop,North,Delivered,2025-09-09,2025-09-16
SHP122569,ORD780569,Car Seat,East,Delivered,2025-02-24,2025-03-02
SHP122570,ORD780570,T-Shirt,North,Delivered,2025-09-22,2025-09-29
SHP122571,ORD780571,Laptop,North,Delivered,2025-08-04,2025-08-11
SHP122572,ORD780572,Face Cream,North,Delivered,2025-12-23,2025-12-27
SHP122573,ORD780573,Smartphone,East,Delivered,2025-07-02,2025-07-07
SHP122574,ORD780574,Jeans,North,Delivered,2025-03-23,2025-03-27
SHP122575,ORD780575,Keyboard,South,In Transit,2025-08-27,2025-09-01
SHP122576,ORD780576,Jacket,South,Delivered,2025-05-20,2025-05-23
SHP122577,ORD780577,Shampoo,East,Delivered,2025-05-11,2025-05-15
SHP122578,ORD780578,Monitor,South,Delivered,2025-12-10,2025-12-14
SHP122579,ORD780579,Jeans,East,Delivered,2025-07-20,2025-07-24
SHP122580,ORD780580,Engine Oil,North,Delivered,2025-06-19,2025-06-21
SHP122581,ORD780581,Engine Oil,West,Delivered,2025-08-10,2025-08-14
SHP122582,ORD780582,Headphones,East,Delivered,2025-02-21,2025-02-26
SHP122583,ORD780583,Laptop,South,In Transit,2025-10-07,2025-10-09
SHP122584,ORD780584,Jacket,North,Delivered,2025-09-08,2025-09-10
SHP122585,ORD780585,Headphones,East,In Transit,2025-05-14,2025-05-18
SHP122586,ORD780586,Laptop,West,Delivered,2025-01-11,2025-01-14
SHP122587,ORD780587,Monitor,East,Delivered,2025-02-15,2025-02-18
SHP122588,ORD780588,Engine Oil,West,Delivered,2025-08-18,2025-08-23
SHP122589,ORD780589,Jeans,East,Delivered,2025-03-26,2025-03-31
SHP122590,ORD780590,Car Seat,South,Delivered,2025-01-14,2025-01-19
SHP122591,ORD780591,Keyboard,South,Delivered,2025-07-04,2025-07-07
SHP122592,ORD780592,Car Seat,East,Delivered,2025-10-30,2025-11-05
SHP122593,ORD780593,Headphones,East,Delivered,2025-10-18,2025-10-21
SHP122594,ORD780594,Shampoo,South,Delivered,2025-08-19,2025-08-23
SHP122595,ORD780595,Keyboard,South,Delivered,2025-10-31,2025-11-02
SHP122596,ORD780596,Dining Table,East,Delivered,2025-12-28,2025-12-30
SHP122597,ORD780597,Car Seat,South,Delivered,2025-05-17,2025-05-22
SHP122598,ORD780598,Monitor,South,Delivered,2025-03-20,2025-03-24
SHP122599,ORD780599,Engine Oil,North,Delivered,2025-12-14,2025-12-19
SHP122600,ORD780600,Other Product,East,Delivered,2025-07-17,2025-07-22
SHP122601,ORD780601,Dining Table,East,Delivered,2025-08-29,2025-08-31
SHP122602,ORD780602,Jacket,South,Delivered,2025-04-26,2025-05-02
SHP122603,ORD780603,Car Seat,South,Delivered,2025-01-30,2025-02-06
SHP122604,ORD780604,Sofa,East,Delivered,2025-09-02,2025-09-06
SHP122605,ORD780605,Keyboard,West,Delivered,2025-01-05,2025-01-13
SHP122606,ORD780606,Car Seat,East,Delivered,2025-04-28,2025-05-03
SHP122607,ORD780607,Face Cream,South,Delayed,2025-11-11,2025-11-17
SHP122608,ORD780608,Face Cream,East,Delivered,2025-05-12,2025-05-15
SHP122609,ORD780609,Headphones,South,Delivered,2025-02-26,2025-03-01
SHP122610,ORD780610,Car Seat,South,Delivered,2025-08-04,2025-08-09
SHP122611,ORD780611,Car Seat,West,Delivered,2025-08-03,2025-08-11
SHP122612,ORD780612,Face Cream,South,Delivered,2025-11-22,2025-11-27
SHP122613,ORD780613,Car Seat,North,Delivered,2025-11-01,2025-11-07
SHP122614,ORD780614,Face Cream,South,Delivered,2025-12-31,2026-01-08
SHP122615,ORD780615,Headphones,South,Delivered,2025-11-17,2025-11-22
SHP122616,ORD780616,Monitor,West,Delivered,2025-11-14,2025-11-18
SHP122617,ORD780617,Face Cream,South,In Transit,2025-04-19,2025-04-23
SHP122618,ORD780618,Shampoo,South,Delivered,2025-03-31,2025-04-06
SHP122619,ORD780619,Sofa,South,Delivered,2025-02-26,2025-03-01
SHP122620,ORD780620,Sofa,North,In Transit,2025-03-19,2025-03-24
SHP122621,ORD780621,Dining Table,South,Delivered,2025-11-23,2025-11-25
SHP122622,ORD780622,Jeans,East,Delivered,2025-08-31,2025-09-05
SHP122623,ORD780623,Jacket,North,Delivered,2025-02-27,2025-03-02
SHP122624,ORD780624,Sofa,North,Delivered,2025-06-30,2025-07-07
SHP122625,ORD780625,Jacket,North,Delivered,2025-11-19,2025-11-24
SHP122626,ORD780626,Dining Table,South,Delivered,2025-01-29,2025-02-02
SHP122627,ORD780627,Face Cream,West,Delivered,2025-12-15,2025-12-17
SHP122628,ORD780628,Sofa,East,Delivered,2025-08-29,2025-09-03
SHP122629,ORD780629,Car Seat,West,Delivered,2025-12-09,2025-12-13
SHP122630,ORD780630,Other Product,East,Delivered,2025-05-03,2025-05-08
SHP122631,ORD780631,Shampoo,East,Delivered,2025-06-22,2025-06-26
SHP122632,ORD780632,T-Shirt,East,Delivered,2025-07-03,2025-07-09
SHP122633,ORD780633,Engine Oil,West,In Transit,2025-04-20,2025-04-22
SHP122634,ORD780634,Jeans,North,Delivered,2025-10-19,2025-10-23
SHP122635,ORD780635,Engine Oil,West,Delivered,2025-06-18,2025-06-22
SHP122636,ORD780636,Face Cream,South,In Transit,2025-11-22,2025-11-26
SHP122637,ORD780637,T-Shirt,East,Delivered,2025-08-21,2025-08-25
SHP122638,ORD780638,Monitor,East,Delivered,2025-01-02,2025-01-06
SHP122639,ORD780639,Dining Table,East,Delayed,2025-01-15,2025-01-19
SHP122640,ORD780640,Jeans,East,Delivered,2025-01-13,2025-01-17
SHP122641,ORD780641,Jacket,South,Delivered,2025-01-01,2025-01-05
SHP122642,ORD780642,Laptop,East,Delivered,2025-02-17,2025-02-19
SHP122643,ORD780643,Other Product,East,Delivered,2025-10-29,2025-11-02
SHP122644,ORD780644,Dining Table,East,Delivered,2025-01-12,2025-01-16
SHP122645,ORD780645,Shampoo,North,Delivered,2025-03-11,2025-03-15
SHP122646,ORD780646,Headphones,West,Delivered,2025-01-27,2025-01-31
SHP122647,ORD780647,T-Shirt,North,Delivered,2025-08-26,2025-08-30
SHP122648,ORD780648,Jacket,South,Delivered,2025-01-03,2025-01-09
SHP122649,ORD780649,Smartphone,North,Delivered,2025-11-12,2025-11-19
SHP122650,ORD780650,Face Cream,East,Delivered,2025-05-07,2025-05-11
SHP122651,ORD780651,Smartphone,North,Delivered,2025-09-01,2025-09-03
SHP122652,ORD780652,Car Seat,South,Delivered,2025-03-06,2025-03-10
SHP122653,ORD780653,Keyboard,South,Delivered,2025-04-15,2025-04-23
SHP122654,ORD780654,Other Product,East,Delivered,2025-06-13,2025-06-18
SHP122655,ORD780655,Headphones,South,Delivered,2025-04-22,2025-04-27
SHP122656,ORD780656,Engine Oil,South,Delivered,2025-10-12,2025-10-15
SHP122657,ORD780657,Monitor,South,Delivered,2025-08-11,2025-08-15
SHP122658,ORD780658,Engine Oil,West,Delivered,2025-04-30,2025-05-07
SHP122659,ORD780659,Face Cream,East,Delivered,2025-11-25,2025-11-29
SHP122660,ORD780660,Car Seat,East,Delivered,2025-10-31,2025-11-05
SHP122661,ORD780661,Dining Table,North,Delivered,2025-10-16,2025-10-23
SHP122662,ORD780662,Monitor,East,Delivered,2025-11-10,2025-11-16
SHP122663,ORD780663,Dining Table,West,Delivered,2025-12-25,2025-12-28
SHP122664,ORD780664,Face Cream,West,In Transit,2025-06-05,2025-06-09
SHP122665,ORD780665,Face Cream,West,Delivered,2025-08-27,2025-08-30
SHP122666,ORD780666,Sofa,East,In Transit,2025-07-07,2025-07-12
SHP122667,ORD780667,Other Product,South,Delivered,2025-11-13,2025-11-17
SHP122668,ORD780668,Car Seat,South,Delivered,2025-10-08,2025-10-10
SHP122669,ORD780669,Shampoo,East,Delivered,2025-06-24,2025-06-26
SHP122670,ORD780670,Face Cream,East,Delivered,2025-04-11,2025-04-18
SHP122671,ORD780671,Shampoo,West,Delivered,2025-05-28,2025-06-02
SHP122672,ORD780672,Sofa,West,Delayed,2025-09-20,2025-09-25
SHP122673,ORD780673,T-Shirt,West,Delivered,2025-04-24,2025-04-29
SHP122674,ORD780674,Jacket,East,Delayed,2025-02-24,2025-02-27
SHP122675,ORD780675,Monitor,North,Delivered,2025-03-30,2025-04-02
SHP122676,ORD780676,Jacket,South,In Transit,2025-08-02,2025-08-07
SHP122677,ORD780677,Face Cream,North,Delivered,2025-03-11,2025-03-17
SHP122678,ORD780678,Face Cream,East,Delivered,2025-07-19,2025-07-27
SHP122679,ORD780679,Engine Oil,South,Delivered,2025-04-22,2025-04-26
SHP122680,ORD780680,Face Cream,East,Delivered,2025-05-13,2025-05-15
SHP122681,ORD780681,Dining Table,West,Delivered,2025-11-14,2025-11-18
SHP122682,ORD780682,Other Product,West,Delivered,2025-10-12,2025-10-17
SHP122683,ORD780683,Other Product,North,Delivered,2025-07-12,2025-07-15
SHP122684,ORD780684,Sofa,East,Delivered,2025-01-20,2025-01-26
SHP122685,ORD780685,Laptop,West,Delivered,2025-12-03,2025-12-08
SHP122686,ORD780686,Smartphone,South,Delivered,2025-08-02,2025-08-07
SHP122687,ORD780687,Dining Table,North,Delivered,2025-11-06,2025-11-13
SHP122688,ORD780688,Shampoo,South,Delivered,2025-10-31,2025-11-03
SHP122689,ORD780689,Smartphone,West,Delivered,2025-08-10,2025-08-14
SHP122690,ORD780690,Face Cream,South,Delivered,2025-05-01,2025-05-04
SHP122691,ORD780691,T-Shirt,North,Delivered,2025-10-08,2025-10-10
SHP122692,ORD780692,Sofa,West,Delivered,2025-10-23,2025-10-29
SHP122693,ORD780693,Other Product,North,Delayed,2025-10-20,2025-10-23
SHP122694,ORD780694,Car Seat,West,Delivered,2025-07-02,2025-07-06
SHP122695,ORD780695,Car Seat,South,Delivered,2025-03-12,2025-03-17
SHP122696,ORD780696,Car Seat,West,In Transit,2025-06-24,2025-07-01
SHP122697,ORD780697,T-Shirt,East,Delivered,2025-09-20,2025-09-26
SHP122698,ORD780698,Face Cream,South,Delivered,2025-05-30,2025-06-02
SHP122699,ORD780699,Smartphone,West,Delivered,2025-03-04,2025-03-09
SHP122700,ORD780700,Dining Table,North,Delivered,2025-04-27,2025-05-02
SHP122701,ORD780701,Monitor,South,Delivered,2025-11-10,2025-11-16
SHP122702,ORD780702,T-Shirt,West,Delivered,2025-04-18,2025-04-21
SHP122703,ORD780703,T-Shirt,East,Delivered,2025-09-10,2025-09-14
SHP122704,ORD780704,Car Seat,South,Delivered,2025-09-12,2025-09-16
SHP122705,ORD780705,Keyboard,West,Delivered,2025-02-02,2025-02-08
SHP122706,ORD780706,Sofa,West,Delivered,2025-07-04,2025-07-11
SHP122707,ORD780707,Keyboard,East,Delivered,2025-10-03,2025-10-07
SHP122708,ORD780708,Engine Oil,North,Delivered,2025-07-28,2025-07-30
SHP122709,ORD780709,Other Product,South,Delivered,2025-12-24,2025-12-27
SHP122710,ORD780710,Face Cream,East,Delivered,2025-04-23,2025-04-30
SHP122711,ORD780711,Jeans,North,Delivered,2025-11-11,2025-11-16
SHP122712,ORD780712,Other Product,North,Delivered,2025-08-30,2025-09-01
SHP122713,ORD780713,T-Shirt,South,Delivered,2025-01-02,2025-01-05
SHP122714,ORD780714,Keyboard,South,Delivered,2025-10-07,2025-10-10
SHP122715,ORD780715,Face Cream,West,Delivered,2025-10-15,2025-10-18
SHP122716,ORD780716,Dining Table,North,Delivered,2025-11-21,2025-11-24
SHP122717,ORD780717,Headphones,West,Delivered,2025-02-24,2025-03-03
SHP122718,ORD780718,Other Product,South,Delivered,2025-06-30,2025-07-08
SHP122719,ORD780719,Jacket,East,Delivered,2025-04-07,2025-04-11
SHP122720,ORD780720,Car Seat,East,Delivered,2025-04-16,2025-04-21
SHP122721,ORD780721,Jeans,East,Delivered,2025-04-01,2025-04-05
SHP122722,ORD780722,T-Shirt,West,Delivered,2025-05-05,2025-05-11
SHP122723,ORD780723,Shampoo,North,Delivered,2025-01-10,2025-01-12
SHP122724,ORD780724,Monitor,North,Delivered,2025-01-22,2025-01-25
SHP122725,ORD780725,T-Shirt,North,Delivered,2025-08-24,2025-08-26
SHP122726,ORD780726,Smartphone,North,Delivered,2025-09-28,2025-10-01
SHP122727,ORD780727,Sofa,North,Delivered,2025-09-02,2025-09-05
SHP122728,ORD780728,Jeans,North,Delivered,2025-03-07,2025-03-11
SHP122729,ORD780729,Sofa,South,Delivered,2025-04-12,2025-04-17
SHP122730,ORD780730,T-Shirt,South,Delivered,2025-11-29,2025-12-01
SHP122731,ORD780731,Headphones,North,Delivered,2025-04-29,2025-05-02
SHP122732,ORD780732,Sofa,East,Delivered,2025-09-08,2025-09-13
SHP122733,ORD780733,Smartphone,East,Delivered,2025-11-15,2025-11-18
SHP122734,ORD780734,T-Shirt,West,Delivered,2025-02-11,2025-02-15
SHP122735,ORD780735,Jacket,East,Delivered,2025-09-01,2025-09-05
SHP122736,ORD780736,Dining Table,West,Delivered,2025-02-02,2025-02-09
SHP122737,ORD780737,Dining Table,West,In Transit,2025-07-02,2025-07-06
SHP122738,ORD780738,Jeans,West,Delivered,2025-01-15,2025-01-21
SHP122739,ORD780739,Engine Oil,North,Delivered,2025-10-16,2025-10-21
SHP122740,ORD780740,Dining Table,North,Delivered,2025-09-30,2025-10-04
SHP122741,ORD780741,Dining Table,North,Delivered,2025-06-04,2025-06-06
SHP122742,ORD780742,Smartphone,North,In Transit,2025-09-22,2025-09-24
SHP122743,ORD780743,Monitor,South,Delivered,2025-01-18,2025-01-21
SHP122744,ORD780744,Jacket,East,Delivered,2025-12-19,2025-12-21
SHP122745,ORD780745,Laptop,North,Delivered,2025-09-03,2025-09-08
SHP122746,ORD780746,Jeans,South,In Transit,2025-09-04,2025-09-11
SHP122747,ORD780747,Dining Table,North,Delivered,2025-11-30,2025-12-06
SHP122748,ORD780748,Monitor,West,Delivered,2025-01-08,2025-01-12
SHP122749,ORD780749,Headphones,North,Delivered,2025-08-05,2025-08-10
SHP122750,ORD780750,Monitor,West,Delivered,2025-08-30,2025-09-04
SHP122751,ORD780751,Jacket,South,Delivered,2025-10-18,2025-10-23
SHP122752,ORD780752,Face Cream,West,Delivered,2025-01-08,2025-01-13
SHP122753,ORD780753,Other Product,West,Delivered,2025-03-23,2025-03-26
SHP122754,ORD780754,Keyboard,South,Delivered,2025-07-03,2025-07-08
SHP122755,ORD780755,Smartphone,South,Delivered,2025-03-07,2025-03-12
SHP122756,ORD780756,Car Seat,West,Delivered,2025-02-18,2025-02-21
SHP122757,ORD780757,Jacket,East,Delivered,2025-05-03,2025-05-07
SHP122758,ORD780758,Laptop,North,Delivered,2025-11-29,2025-12-04
SHP122759,ORD780759,Dining Table,North,Delivered,2025-08-18,2025-08-26
SHP122760,ORD780760,Laptop,West,Delivered,2025-11-12,2025-11-19
SHP122761,ORD780761,Laptop,North,Delivered,2025-04-23,2025-04-27
SHP122762,ORD780762,Jacket,East,Delivered,2025-01-12,2025-01-17
SHP122763,ORD780763,Other Product,North,Delivered,2025-12-20,2025-12-25
SHP122764,ORD780764,Laptop,North,Delivered,2025-09-04,2025-09-09
SHP122765,ORD780765,Dining Table,West,Delivered,2025-05-09,2025-05-16
SHP122766,ORD780766,Dining Table,East,Delivered,2025-01-05,2025-01-08
SHP122767,ORD780767,Other Product,North,Delivered,2025-09-06,2025-09-09
SHP122768,ORD780768,Monitor,North,Delivered,2025-09-18,2025-09-22
SHP122769,ORD780769,Dining Table,West,Delivered,2025-09-02,2025-09-06
SHP122770,ORD780770,Headphones,West,Delivered,2025-08-25,2025-08-27
SHP122771,ORD780771,Keyboard,West,Delivered,2025-07-22,2025-07-25
SHP122772,ORD780772,Keyboard,North,Delivered,2025-07-20,2025-07-22
SHP122773,ORD780773,Laptop,East,Delivered,2025-12-15,2025-12-20
SHP122774,ORD780774,Sofa,South,Delivered,2025-02-13,2025-02-16
SHP122775,ORD780775,Laptop,East,In Transit,2025-04-07,2025-04-12
SHP122776,ORD780776,Shampoo,West,Delivered,2025-01-14,2025-01-19
SHP122777,ORD780777,Car Seat,North,Delivered,2025-09-02,2025-09-08
SHP122778,ORD780778,Face Cream,South,In Transit,2025-02-09,2025-02-12
SHP122779,ORD780779,Face Cream,East,Delivered,2025-04-18,2025-04-20
SHP122780,ORD780780,Laptop,East,Delivered,2025-04-04,2025-04-09
SHP122781,ORD780781,Dining Table,West,In Transit,2025-11-18,2025-11-23
SHP122782,ORD780782,Dining Table,West,Delivered,2025-05-25,2025-06-02
SHP122783,ORD780783,Keyboard,North,Delivered,2025-01-28,2025-01-31
SHP122784,ORD780784,Car Seat,North,Delivered,2025-10-13,2025-10-16
SHP122785,ORD780785,Jacket,East,Delivered,2025-08-03,2025-08-06
SHP122786,ORD780786,Shampoo,North,Delivered,2025-12-08,2025-12-11
SHP122787,ORD780787,Face Cream,East,Delivered,2025-03-06,2025-03-09
SHP122788,ORD780788,Monitor,North,Delivered,2025-06-04,2025-06-09
SHP122789,ORD780789,Monitor,West,Delivered,2025-08-14,2025-08-18
SHP122790,ORD780790,Car Seat,West,In Transit,2025-08-26,2025-08-31
SHP122791,ORD780791,Dining Table,East,Delivered,2025-04-20,2025-04-23
SHP122792,ORD780792,Monitor,South,Delivered,2025-07-12,2025-07-14
SHP122793,ORD780793,Smartphone,East,Delayed,2025-07-12,2025-07-18
SHP122794,ORD780794,Headphones,North,Delivered,2025-07-22,2025-07-25
SHP122795,ORD780795,Smartphone,South,Delivered,2025-09-14,2025-09-22
SHP122796,ORD780796,Smartphone,West,Delivered,2025-09-12,2025-09-19
SHP122797,ORD780797,Car Seat,South,In Transit,2025-08-12,2025-08-17
SHP122798,ORD780798,Smartphone,South,Delivered,2025-05-02,2025-05-07
SHP122799,ORD780799,Monitor,West,Delivered,2025-04-20,2025-04-23
SHP122800,ORD780800,Sofa,North,Delivered,2025-01-30,2025-02-02
SHP122801,ORD780801,Other Product,East,Delivered,2025-12-08,2025-12-15
SHP122802,ORD780802,Monitor,South,Delivered,2025-01-08,2025-01-12
SHP122803,ORD780803,T-Shirt,South,Delivered,2025-01-12,2025-01-15
SHP122804,ORD780804,Face Cream,North,Delivered,2025-06-10,2025-06-18
SHP122805,ORD780805,T-Shirt,West,Delivered,2025-08-11,2025-08-15
SHP122806,ORD780806,Shampoo,East,Delivered,2025-07-14,2025-07-17
SHP122807,ORD780807,Car Seat,South,Delivered,2025-06-18,2025-06-21
SHP122808,ORD780808,Face Cream,West,Delivered,2025-07-27,2025-07-30
SHP122809,ORD780809,Jeans,West,Delivered,2025-07-24,2025-07-29
SHP122810,ORD780810,Dining Table,North,Delivered,2025-06-15,2025-06-17
SHP122811,ORD780811,Smartphone,North,Delivered,2025-03-25,2025-03-28
SHP122812,ORD780812,Face Cream,East,Delivered,2025-06-22,2025-06-26
SHP122813,ORD780813,T-Shirt,West,Delivered,2025-07-18,2025-07-21
SHP122814,ORD780814,Monitor,South,Delivered,2025-08-25,2025-08-30
SHP122815,ORD780815,Smartphone,North,Delivered,2025-01-26,2025-02-03
SHP122816,ORD780816,Smartphone,North,Delivered,2025-08-19,2025-08-24
SHP122817,ORD780817,Engine Oil,East,Delivered,2025-11-22,2025-11-26
SHP122818,ORD780818,Jeans,South,Delivered,2025-09-27,2025-10-01
SHP122819,ORD780819,Face Cream,East,Delivered,2025-10-01,2025-10-04
SHP122820,ORD780820,Smartphone,South,Delivered,2025-02-23,2025-02-27
SHP122821,ORD780821,Shampoo,South,In Transit,2025-01-02,2025-01-08
SHP122822,ORD780822,Sofa,East,Delivered,2025-08-09,2025-08-15
SHP122823,ORD780823,Other Product,South,Delivered,2025-06-30,2025-07-05
SHP122824,ORD780824,Jeans,South,Delayed,2025-03-27,2025-03-31
SHP122825,ORD780825,T-Shirt,North,Delivered,2025-09-15,2025-09-22
SHP122826,ORD780826,Dining Table,South,Delivered,2025-01-31,2025-02-04
SHP122827,ORD780827,T-Shirt,East,Delivered,2025-01-27,2025-02-01
SHP122828,ORD780828,T-Shirt,South,Delivered,2025-08-16,2025-08-20
SHP122829,ORD780829,Other Product,East,Delivered,2025-08-25,2025-09-01
SHP122830,ORD780830,Monitor,East,Delivered,2025-02-14,2025-02-16
SHP122831,ORD780831,Car Seat,South,Delayed,2025-10-12,2025-10-15
SHP122832,ORD780832,Face Cream,East,Delivered,2025-06-28,2025-07-03
SHP122833,ORD780833,Smartphone,East,Delivered,2025-08-31,2025-09-05
SHP122834,ORD780834,Jacket,West,Delayed,2025-06-24,2025-07-01
SHP122835,ORD780835,Keyboard,East,Delivered,2025-10-02,2025-10-06
SHP122836,ORD780836,Smartphone,South,Delivered,2025-09-02,2025-09-08
SHP122837,ORD780837,Dining Table,North,Delivered,2025-07-17,2025-07-21
SHP122838,ORD780838,Monitor,South,Delivered,2025-08-30,2025-09-01
SHP122839,ORD780839,Headphones,West,Delivered,2025-01-31,2025-02-07
SHP122840,ORD780840,Dining Table,South,Delivered,2025-12-09,2025-12-16
SHP122841,ORD780841,Engine Oil,West,Delivered,2025-12-06,2025-12-12
SHP122842,ORD780842,Jacket,North,Delayed,2025-06-11,2025-06-13
SHP122843,ORD780843,Jeans,West,Delivered,2025-06-10,2025-06-13
SHP122844,ORD780844,Monitor,North,Delivered,2025-07-14,2025-07-16
SHP122845,ORD780845,Other Product,East,Delivered,2025-11-23,2025-11-27
SHP122846,ORD780846,Engine Oil,South,Delivered,2025-02-12,2025-02-14
SHP122847,ORD780847,Jeans,South,Delivered,2025-07-31,2025-08-05
SHP122848,ORD780848,Keyboard,East,Delivered,2025-06-28,2025-06-30
SHP122849,ORD780849,Other Product,North,Delivered,2025-10-20,2025-10-22
SHP122850,ORD780850,Dining Table,North,In Transit,2025-12-08,2025-12-12
SHP122851,ORD780851,Sofa,West,Delivered,2025-06-22,2025-06-26
SHP122852,ORD780852,Smartphone,East,Delivered,2025-03-11,2025-03-15
SHP122853,ORD780853,Monitor,West,Delivered,2025-08-26,2025-09-02
SHP122854,ORD780854,Monitor,East,Delivered,2025-12-25,2025-12-28
SHP122855,ORD780855,Smartphone,North,Delivered,2025-01-22,2025-01-25
SHP122856,ORD780856,Monitor,South,In Transit,2025-08-29,2025-09-01
SHP122857,ORD780857,Headphones,North,In Transit,2025-02-24,2025-03-02
SHP122858,ORD780858,Headphones,West,Delivered,2025-12-25,2025-12-27
SHP122859,ORD780859,Shampoo,South,Delivered,2025-01-22,2025-01-25
SHP122860,ORD780860,Headphones,North,Delivered,2025-04-22,2025-04-24
SHP122861,ORD780861,Dining Table,North,Delivered,2025-10-08,2025-10-10
SHP122862,ORD780862,Jacket,South,Delivered,2025-05-10,2025-05-15
SHP122863,ORD780863,Monitor,East,Delivered,2025-03-14,2025-03-20
SHP122864,ORD780864,Sofa,East,Delivered,2025-05-18,2025-05-23
SHP122865,ORD780865,Shampoo,North,Delivered,2025-10-12,2025-10-16
SHP122866,ORD780866,Laptop,East,Delivered,2025-05-05,2025-05-10
SHP122867,ORD780867,Car Seat,West,Delivered,2025-09-18,2025-09-22
SHP122868,ORD780868,Jacket,West,Delivered,2025-08-27,2025-09-01
SHP122869,ORD780869,Jacket,West,Delivered,2025-11-20,2025-11-23
SHP122870,ORD780870,Smartphone,North,In Transit,2025-04-24,2025-04-27
SHP122871,ORD780871,Monitor,West,Delivered,2025-05-22,2025-05-24
SHP122872,ORD780872,Monitor,South,Delivered,2025-06-25,2025-06-28
SHP122873,ORD780873,Other Product,East,Delivered,2025-08-09,2025-08-11
SHP122874,ORD780874,Smartphone,South,Delivered,2025-07-22,2025-07-25
SHP122875,ORD780875,Monitor,South,Delivered,2025-06-05,2025-06-08
SHP122876,ORD780876,Engine Oil,East,Delivered,2025-09-23,2025-09-25
SHP122877,ORD780877,Face Cream,West,Delivered,2025-01-14,2025-01-19
SHP122878,ORD780878,Monitor,West,Delivered,2025-09-10,2025-09-15
SHP122879,ORD780879,Face Cream,North,Delivered,2025-10-21,2025-10-26
SHP122880,ORD780880,Dining Table,West,Delivered,2025-07-21,2025-07-24
SHP122881,ORD780881,Jeans,East,Delivered,2025-05-03,2025-05-06
SHP122882,ORD780882,Jacket,West,Delivered,2025-10-22,2025-10-28
SHP122883,ORD780883,Keyboard,West,Delivered,2025-10-05,2025-10-13
SHP122884,ORD780884,Laptop,West,Delivered,2025-11-13,2025-11-15
SHP122885,ORD780885,Headphones,East,Delivered,2025-06-09,2025-06-11
SHP122886,ORD780886,Other Product,North,Delivered,2025-08-09,2025-08-13
SHP122887,ORD780887,Keyboard,East,In Transit,2025-12-12,2025-12-16
SHP122888,ORD780888,Sofa,North,Delayed,2025-02-15,2025-02-20
SHP122889,ORD780889,Shampoo,North,Delivered,2025-08-30,2025-09-02
SHP122890,ORD780890,T-Shirt,East,Delivered,2025-02-26,2025-03-02
SHP122891,ORD780891,Laptop,North,Delivered,2025-12-17,2025-12-20
SHP122892,ORD780892,Face Cream,North,Delivered,2025-06-25,2025-06-28
SHP122893,ORD780893,Other Product,West,Delivered,2025-11-12,2025-11-17
SHP122894,ORD780894,Headphones,East,Delivered,2025-12-01,2025-12-04
SHP122895,ORD780895,Face Cream,West,Delivered,2025-01-13,2025-01-19
SHP122896,ORD780896,Monitor,East,Delivered,2025-07-19,2025-07-26
SHP122897,ORD780897,T-Shirt,South,Delivered,2025-12-27,2025-12-31
SHP122898,ORD780898,Smartphone,South,Delivered,2025-06-05,2025-06-09
SHP122899,ORD780899,Jacket,South,Delivered,2025-04-28,2025-05-02
SHP122900,ORD780900,Jacket,East,Delivered,2025-11-08,2025-11-12
SHP122901,ORD780901,Laptop,South,Delivered,2025-01-28,2025-02-01
SHP122902,ORD780902,Car Seat,East,Delivered,2025-03-31,2025-04-06
SHP122903,ORD780903,Other Product,North,Delivered,2025-07-22,2025-07-25
SHP122904,ORD780904,Jacket,South,Delivered,2025-01-19,2025-01-22
SHP122905,ORD780905,Jeans,South,Delivered,2025-05-26,2025-05-29
SHP122906,ORD780906,Engine Oil,North,Delivered,2025-09-17,2025-09-21
SHP122907,ORD780907,Shampoo,East,Delivered,2025-07-02,2025-07-04
SHP122908,ORD780908,Face Cream,South,Delivered,2025-01-13,2025-01-16
SHP122909,ORD780909,Face Cream,West,Delivered,2025-01-01,2025-01-08
SHP122910,ORD780910,Monitor,East,Delayed,2025-01-19,2025-01-26
SHP122911,ORD780911,Engine Oil,North,Delivered,2025-09-23,2025-09-29
SHP122912,ORD780912,Monitor,South,Delivered,2025-11-20,2025-11-22
SHP122913,ORD780913,Jacket,East,Delivered,2025-06-26,2025-06-29
SHP122914,ORD780914,Other Product,South,Delivered,2025-08-22,2025-08-29
SHP122915,ORD780915,T-Shirt,East,Delivered,2025-06-05,2025-06-09
SHP122916,ORD780916,Shampoo,North,Delivered,2025-05-12,2025-05-16
SHP122917,ORD780917,Car Seat,South,Delivered,2025-07-22,2025-07-25
SHP122918,ORD780918,Engine Oil,South,In Transit,2025-11-02,2025-11-05
SHP122919,ORD780919,Monitor,West,Delivered,2025-08-06,2025-08-12
SHP122920,ORD780920,Smartphone,North,Delivered,2025-08-02,2025-08-06
SHP122921,ORD780921,Car Seat,East,Delivered,2025-02-19,2025-02-23
SHP122922,ORD780922,Shampoo,West,Delivered,2025-08-22,2025-08-27
SHP122923,ORD780923,Engine Oil,West,Delivered,2025-05-04,2025-05-08
SHP122924,ORD780924,Keyboard,North,Delivered,2025-08-16,2025-08-22
SHP122925,ORD780925,Shampoo,East,Delivered,2025-01-29,2025-02-05
SHP122926,ORD780926,Jacket,West,Delivered,2025-06-18,2025-06-25
SHP122927,ORD780927,Jeans,South,Delivered,2025-01-23,2025-01-28
SHP122928,ORD780928,Face Cream,South,Delivered,2025-04-21,2025-04-26
SHP122929,ORD780929,Jacket,East,Delivered,2025-10-17,2025-10-21
SHP122930,ORD780930,Face Cream,East,Delivered,2025-10-01,2025-10-06
SHP122931,ORD780931,Sofa,West,Delivered,2025-03-21,2025-03-27
SHP122932,ORD780932,Engine Oil,West,Delivered,2025-12-08,2025-12-14
SHP122933,ORD780933,Smartphone,West,Delivered,2025-09-19,2025-09-22
SHP122934,ORD780934,Keyboard,West,Delivered,2025-01-31,2025-02-06
SHP122935,ORD780935,Monitor,North,Delivered,2025-03-07,2025-03-09
SHP122936,ORD780936,Other Product,South,Delivered,2025-02-01,2025-02-05
SHP122937,ORD780937,Face Cream,East,Delivered,2025-11-11,2025-11-18
SHP122938,ORD780938,Car Seat,West,Delivered,2025-01-30,2025-02-01
SHP122939,ORD780939,Dining Table,North,Delivered,2025-08-13,2025-08-18
SHP122940,ORD780940,Sofa,South,Delayed,2025-04-30,2025-05-02
SHP122941,ORD780941,Laptop,South,Delivered,2025-09-07,2025-09-12
SHP122942,ORD780942,Headphones,East,In Transit,2025-06-25,2025-06-30
SHP122943,ORD780943,Face Cream,West,Delivered,2025-07-05,2025-07-09
SHP122944,ORD780944,Jacket,North,Delivered,2025-03-29,2025-04-03
SHP122945,ORD780945,T-Shirt,South,Delivered,2025-04-13,2025-04-17
SHP122946,ORD780946,Sofa,West,Delivered,2025-07-21,2025-07-25
SHP122947,ORD780947,T-Shirt,West,Delivered,2025-06-20,2025-06-27
SHP122948,ORD780948,Engine Oil,South,Delivered,2025-03-29,2025-03-31
SHP122949,ORD780949,Car Seat,South,Delivered,2025-04-23,2025-04-30
SHP122950,ORD780950,Smartphone,East,Delivered,2025-07-09,2025-07-14
SHP122951,ORD780951,T-Shirt,North,Delivered,2025-04-04,2025-04-08
SHP122952,ORD780952,Laptop,West,Delivered,2025-11-30,2025-12-04
SHP122953,ORD780953,Headphones,West,Delivered,2025-11-23,2025-11-28
SHP122954,ORD780954,T-Shirt,South,Delayed,2025-09-12,2025-09-16
SHP122955,ORD780955,T-Shirt,North,Delivered,2025-12-14,2025-12-18
SHP122956,ORD780956,Jacket,East,Delivered,2025-03-21,2025-03-26
SHP122957,ORD780957,T-Shirt,South,In Transit,2025-04-21,2025-04-24
SHP122958,ORD780958,Other Product,North,Delivered,2025-02-02,2025-02-05
SHP122959,ORD780959,Jeans,South,Delivered,2025-07-06,2025-07-13
SHP122960,ORD780960,Laptop,South,In Transit,2025-03-10,2025-03-14
SHP122961,ORD780961,T-Shirt,North,Delivered,2025-01-02,2025-01-07
SHP122962,ORD780962,Sofa,East,Delivered,2025-04-29,2025-05-03
SHP122963,ORD780963,Car Seat,North,Delivered,2025-08-09,2025-08-14
SHP122964,ORD780964,Headphones,West,Delivered,2025-11-06,2025-11-10
SHP122965,ORD780965,Car Seat,South,Delivered,2025-12-09,2025-12-13
SHP122966,ORD780966,Headphones,North,Delivered,2025-12-31,2026-01-04
SHP122967,ORD780967,Face Cream,West,Delivered,2025-01-29,2025-02-05
SHP122968,ORD780968,Smartphone,East,Delivered,2025-06-06,2025-06-10
SHP122969,ORD780969,Headphones,East,Delivered,2025-09-27,2025-10-02
SHP122970,ORD780970,Car Seat,South,Delivered,2025-12-17,2025-12-21
SHP122971,ORD780971,Jacket,South,Delivered,2025-05-21,2025-05-23
SHP122972,ORD780972,Laptop,South,Delivered,2025-02-25,2025-03-01
SHP122973,ORD780973,Smartphone,East,Delivered,2025-06-09,2025-06-12
SHP122974,ORD780974,Jacket,East,Delivered,2025-04-22,2025-04-26
SHP122975,ORD780975,Engine Oil,East,Delivered,2025-06-09,2025-06-14
SHP122976,ORD780976,Engine Oil,West,Delivered,2025-03-16,2025-03-20
SHP122977,ORD780977,Keyboard,South,Delivered,2025-10-17,2025-10-24
SHP122978,ORD780978,Other Product,West,Delivered,2025-02-01,2025-02-07
SHP122979,ORD780979,Face Cream,North,Delivered,2025-07-03,2025-07-08
SHP122980,ORD780980,Jacket,West,Delivered,2025-04-06,2025-04-10
SHP122981,ORD780981,Face Cream,West,Delivered,2025-02-12,2025-02-17
SHP122982,ORD780982,Keyboard,South,Delivered,2025-08-24,2025-08-26
SHP122983,ORD780983,Engine Oil,West,Delivered,2025-11-03,2025-11-07
SHP122984,ORD780984,Car Seat,East,Delivered,2025-11-01,2025-11-05
SHP122985,ORD780985,T-Shirt,South,Delivered,2025-06-25,2025-06-30
SHP122986,ORD780986,Jacket,South,Delivered,2025-12-13,2025-12-16
SHP122987,ORD780987,Face Cream,West,Delivered,2025-06-18,2025-06-21
SHP122988,ORD780988,Jacket,West,Delivered,2025-04-16,2025-04-20
SHP122989,ORD780989,Sofa,East,Delayed,2025-12-01,2025-12-05
SHP122990,ORD780990,Keyboard,South,Delivered,2025-12-25,2025-12-30
SHP122991,ORD780991,Headphones,North,Delivered,2025-04-15,2025-04-19
SHP122992,ORD780992,Other Product,South,Delivered,2025-06-05,2025-06-07
SHP122993,ORD780993,Headphones,South,Delivered,2025-11-26,2025-12-01
SHP122994,ORD780994,Dining Table,West,Delivered,2025-04-11,2025-04-14
SHP122995,ORD780995,Car Seat,East,Delivered,2025-02-09,2025-02-14
SHP122996,ORD780996,Shampoo,South,Delivered,2025-05-16,2025-05-18
SHP122997,ORD780997,T-Shirt,North,Delivered,2025-05-19,2025-05-21
SHP122998,ORD780998,Monitor,West,Delayed,2025-03-07,2025-03-11
SHP122999,ORD780999,Sofa,West,Delivered,2025-05-06,2025-05-12
SHP123000,ORD781000,Headphones,South,Delivered,2025-07-02,2025-07-04
SHP123001,ORD781001,Jacket,East,Delivered,2025-03-15,2025-03-19
SHP123002,ORD781002,Dining Table,North,Delivered,2025-03-10,2025-03-14
SHP123003,ORD781003,Face Cream,North,Delivered,2025-04-13,2025-04-16
SHP123004,ORD781004,Headphones,North,Delivered,2025-11-06,2025-11-11
SHP123005,ORD781005,Monitor,East,Delivered,2025-12-29,2026-01-02
SHP123006,ORD781006,Face Cream,East,Delivered,2025-02-13,2025-02-15
SHP123007,ORD781007,T-Shirt,West,In Transit,2025-07-15,2025-07-19
SHP123008,ORD781008,Headphones,South,Delivered,2025-09-30,2025-10-04
SHP123009,ORD781009,Engine Oil,West,Delivered,2025-06-22,2025-06-27
SHP123010,ORD781010,Shampoo,South,Delivered,2025-12-01,2025-12-09
SHP123011,ORD781011,Face Cream,West,Delivered,2025-09-19,2025-09-21
SHP123012,ORD781012,Headphones,East,Delivered,2025-04-20,2025-04-24
SHP123013,ORD781013,Car Seat,South,Delivered,2025-05-09,2025-05-15
SHP123014,ORD781014,Jeans,East,Delivered,2025-12-05,2025-12-11
SHP123015,ORD781015,Face Cream,East,Delivered,2025-12-31,2026-01-05
SHP123016,ORD781016,Laptop,North,Delivered,2025-04-14,2025-04-19
SHP123017,ORD781017,Keyboard,North,Delivered,2025-08-01,2025-08-03
SHP123018,ORD781018,Car Seat,South,Delivered,2025-02-07,2025-02-10
SHP123019,ORD781019,Headphones,East,Delivered,2025-04-04,2025-04-10
SHP123020,ORD781020,Laptop,North,Delivered,2025-04-16,2025-04-20
SHP123021,ORD781021,Monitor,North,Delivered,2025-07-16,2025-07-23
SHP123022,ORD781022,Jacket,South,In Transit,2025-07-17,2025-07-20
SHP123023,ORD781023,Engine Oil,North,Delivered,2025-04-03,2025-04-07
SHP123024,ORD781024,Monitor,West,Delivered,2025-03-11,2025-03-14
SHP123025,ORD781025,Engine Oil,West,Delivered,2025-10-27,2025-11-04
SHP123026,ORD781026,Dining Table,East,Delivered,2025-09-03,2025-09-05
SHP123027,ORD781027,Sofa,East,Delivered,2025-05-24,2025-05-30
SHP123028,ORD781028,Smartphone,North,Delivered,2025-08-01,2025-08-05
SHP123029,ORD781029,Shampoo,North,In Transit,2025-08-20,2025-08-22
SHP123030,ORD781030,Shampoo,East,Delivered,2025-09-11,2025-09-17
SHP123031,ORD781031,Sofa,South,Delivered,2025-04-24,2025-04-28
SHP123032,ORD781032,Smartphone,East,Delivered,2025-02-27,2025-03-02
SHP123033,ORD781033,Sofa,West,Delivered,2025-09-29,2025-10-07
SHP123034,ORD781034,Laptop,West,Delivered,2025-03-27,2025-04-01
SHP123035,ORD781035,Monitor,East,In Transit,2025-11-01,2025-11-09
SHP123036,ORD781036,Shampoo,North,In Transit,2025-08-02,2025-08-06
SHP123037,ORD781037,Jeans,East,Delivered,2025-11-01,2025-11-05
SHP123038,ORD781038,Jacket,North,Delivered,2025-05-14,2025-05-21
SHP123039,ORD781039,Smartphone,West,Delivered,2025-06-16,2025-06-22
SHP123040,ORD781040,Keyboard,North,Delivered,2025-04-07,2025-04-10
SHP123041,ORD781041,Sofa,South,Delivered,2025-05-16,2025-05-22
SHP123042,ORD781042,Dining Table,East,Delivered,2025-07-16,2025-07-22
SHP123043,ORD781043,Shampoo,East,In Transit,2025-10-20,2025-10-24
SHP123044,ORD781044,Car Seat,West,Delivered,2025-11-16,2025-11-18
SHP123045,ORD781045,Keyboard,North,Delivered,2025-07-04,2025-07-08
SHP123046,ORD781046,Smartphone,South,Delivered,2025-09-01,2025-09-09
SHP123047,ORD781047,Face Cream,North,Delivered,2025-02-18,2025-02-21
SHP123048,ORD781048,Monitor,West,Delivered,2025-02-09,2025-02-12
SHP123049,ORD781049,Dining Table,West,Delivered,2025-02-28,2025-03-02
SHP123050,ORD781050,Laptop,East,Delivered,2025-03-12,2025-03-17
SHP123051,ORD781051,Keyboard,South,Delivered,2025-09-21,2025-09-23
SHP123052,ORD781052,Car Seat,East,Delivered,2025-06-12,2025-06-18
SHP123053,ORD781053,Other Product,East,Delivered,2025-07-25,2025-07-28
SHP123054,ORD781054,Jeans,East,Delivered,2025-09-18,2025-09-21
SHP123055,ORD781055,Face Cream,South,Delivered,2025-12-02,2025-12-05
SHP123056,ORD781056,Engine Oil,West,Delivered,2025-04-03,2025-04-07
SHP123057,ORD781057,Dining Table,North,Delivered,2025-11-18,2025-11-25
SHP123058,ORD781058,Headphones,West,Delivered,2025-02-18,2025-02-23
SHP123059,ORD781059,Monitor,North,Delivered,2025-09-28,2025-10-02
SHP123060,ORD781060,Headphones,East,Delivered,2025-03-16,2025-03-21
SHP123061,ORD781061,Dining Table,East,Delivered,2025-03-13,2025-03-17
SHP123062,ORD781062,Dining Table,West,Delivered,2025-09-02,2025-09-04
SHP123063,ORD781063,Car Seat,East,Delivered,2025-08-01,2025-08-06
SHP123064,ORD781064,Laptop,East,Delivered,2025-12-09,2025-12-12
SHP123065,ORD781065,Smartphone,North,Delivered,2025-05-31,2025-06-04
SHP123066,ORD781066,Laptop,South,Delivered,2025-03-01,2025-03-06
SHP123067,ORD781067,Keyboard,North,Delivered,2025-04-07,2025-04-13
SHP123068,ORD781068,Jeans,South,Delivered,2025-06-28,2025-07-04
SHP123069,ORD781069,Face Cream,East,Delivered,2025-11-01,2025-11-03
SHP123070,ORD781070,Headphones,East,Delivered,2025-03-01,2025-03-05
SHP123071,ORD781071,Laptop,North,Delivered,2025-10-05,2025-10-08
SHP123072,ORD781072,Smartphone,East,Delivered,2025-05-30,2025-06-05
SHP123073,ORD781073,Engine Oil,North,Delivered,2025-01-12,2025-01-15
SHP123074,ORD781074,Headphones,South,Delivered,2025-05-23,2025-05-26
SHP123075,ORD781075,Monitor,North,Delivered,2025-07-25,2025-07-30
SHP123076,ORD781076,Keyboard,West,Delivered,2025-06-13,2025-06-19
SHP123077,ORD781077,T-Shirt,South,Delivered,2025-10-23,2025-10-25
SHP123078,ORD781078,Keyboard,West,Delivered,2025-07-22,2025-07-26
SHP123079,ORD781079,Monitor,North,Delivered,2025-04-03,2025-04-11
SHP123080,ORD781080,Keyboard,East,Delivered,2025-07-28,2025-08-01
SHP123081,ORD781081,Car Seat,West,Delivered,2025-02-03,2025-02-07
SHP123082,ORD781082,Sofa,North,In Transit,2025-04-23,2025-04-25
SHP123083,ORD781083,Monitor,North,Delivered,2025-10-24,2025-10-27
SHP123084,ORD781084,Laptop,South,Delivered,2025-11-29,2025-12-01
SHP123085,ORD781085,Jeans,North,In Transit,2025-10-27,2025-10-30
SHP123086,ORD781086,Headphones,North,Delivered,2025-10-24,2025-10-31
SHP123087,ORD781087,T-Shirt,North,Delivered,2025-02-18,2025-02-22
SHP123088,ORD781088,Monitor,East,Delivered,2025-05-30,2025-06-05
SHP123089,ORD781089,Engine Oil,West,Delayed,2025-05-05,2025-05-09
SHP123090,ORD781090,Monitor,West,Delivered,2025-07-23,2025-07-28
SHP123091,ORD781091,Monitor,East,Delivered,2025-03-09,2025-03-13
SHP123092,ORD781092,Other Product,North,Delivered,2025-10-09,2025-10-11
SHP123093,ORD781093,Headphones,North,Delivered,2025-09-27,2025-10-01
SHP123094,ORD781094,Jacket,South,Delivered,2025-03-27,2025-04-02
SHP123095,ORD781095,Jeans,North,Delivered,2025-06-09,2025-06-13
SHP123096,ORD781096,Jacket,West,Delivered,2025-05-22,2025-05-25
SHP123097,ORD781097,Dining Table,North,Delivered,2025-11-21,2025-11-26
SHP123098,ORD781098,Monitor,North,Delivered,2025-10-05,2025-10-08
SHP123099,ORD781099,Shampoo,West,In Transit,2025-09-05,2025-09-09
SHP123100,ORD781100,Monitor,South,In Transit,2025-10-24,2025-10-27
SHP123101,ORD781101,Smartphone,East,Delivered,2025-01-06,2025-01-10
SHP123102,ORD781102,Headphones,North,Delivered,2025-07-15,2025-07-21
SHP123103,ORD781103,Dining Table,South,Delivered,2025-09-11,2025-09-17
SHP123104,ORD781104,Face Cream,West,Delivered,2025-01-31,2025-02-06
SHP123105,ORD781105,Face Cream,South,Delivered,2025-08-25,2025-08-28
SHP123106,ORD781106,Keyboard,South,Delivered,2025-08-20,2025-08-28
SHP123107,ORD781107,Monitor,East,Delayed,2025-07-08,2025-07-10
SHP123108,ORD781108,Keyboard,South,Delivered,2025-06-02,2025-06-04
SHP123109,ORD781109,Smartphone,South,Delivered,2025-07-29,2025-08-06
SHP123110,ORD781110,Laptop,North,Delivered,2025-04-06,2025-04-12
SHP123111,ORD781111,Car Seat,West,Delivered,2025-07-13,2025-07-16
SHP123112,ORD781112,Sofa,East,Delivered,2025-06-01,2025-06-05
SHP123113,ORD781113,Laptop,East,Delivered,2025-07-27,2025-07-31
SHP123114,ORD781114,Other Product,North,In Transit,2025-12-04,2025-12-08
SHP123115,ORD781115,Headphones,North,Delivered,2025-12-26,2026-01-01
SHP123116,ORD781116,Jeans,East,Delivered,2025-03-30,2025-04-04
SHP123117,ORD781117,Engine Oil,South,Delivered,2025-07-03,2025-07-11
SHP123118,ORD781118,Keyboard,North,Delivered,2025-08-18,2025-08-26
SHP123119,ORD781119,Other Product,South,In Transit,2025-05-15,2025-05-19
SHP123120,ORD781120,Sofa,East,Delivered,2025-01-14,2025-01-18
SHP123121,ORD781121,Face Cream,East,Delayed,2025-02-04,2025-02-06
SHP123122,ORD781122,Keyboard,North,Delivered,2025-01-05,2025-01-10
SHP123123,ORD781123,Dining Table,North,Delivered,2025-09-07,2025-09-10
SHP123124,ORD781124,Face Cream,North,Delivered,2025-11-06,2025-11-10
SHP123125,ORD781125,Smartphone,South,Delivered,2025-08-31,2025-09-04
SHP123126,ORD781126,Other Product,North,Delivered,2025-02-19,2025-02-24
SHP123127,ORD781127,Shampoo,North,Delivered,2025-11-23,2025-11-27
SHP123128,ORD781128,Keyboard,East,In Transit,2025-09-20,2025-09-25
SHP123129,ORD781129,Jacket,North,Delivered,2025-04-23,2025-04-27
SHP123130,ORD781130,Headphones,North,Delivered,2025-04-30,2025-05-03
SHP123131,ORD781131,T-Shirt,East,Delivered,2025-05-07,2025-05-10
SHP123132,ORD781132,Keyboard,West,Delivered,2025-04-13,2025-04-16
SHP123133,ORD781133,T-Shirt,North,In Transit,2025-03-31,2025-04-03
SHP123134,ORD781134,Other Product,East,Delivered,2025-07-14,2025-07-16
SHP123135,ORD781135,Shampoo,East,Delivered,2025-11-28,2025-12-03
SHP123136,ORD781136,Other Product,North,Delivered,2025-10-18,2025-10-22
SHP123137,ORD781137,Face Cream,East,Delivered,2025-03-22,2025-03-26
SHP123138,ORD781138,Shampoo,East,Delivered,2025-07-20,2025-07-25
SHP123139,ORD781139,Monitor,North,Delivered,2025-04-03,2025-04-10
SHP123140,ORD781140,Engine Oil,South,Delivered,2025-10-21,2025-10-25
SHP123141,ORD781141,Dining Table,East,Delivered,2025-05-03,2025-05-06
SHP123142,ORD781142,Sofa,South,Delivered,2025-04-06,2025-04-13
SHP123143,ORD781143,Other Product,South,Delivered,2025-10-15,2025-10-18
SHP123144,ORD781144,Car Seat,West,Delivered,2025-04-05,2025-04-10
SHP123145,ORD781145,Smartphone,West,Delivered,2025-07-04,2025-07-06
SHP123146,ORD781146,Jeans,West,Delivered,2025-10-28,2025-11-01
SHP123147,ORD781147,Face Cream,North,Delivered,2025-04-07,2025-04-14
SHP123148,ORD781148,T-Shirt,North,In Transit,2025-01-05,2025-01-09
SHP123149,ORD781149,Headphones,North,Delivered,2025-03-03,2025-03-10
SHP123150,ORD781150,Jacket,East,Delivered,2025-10-21,2025-10-25
SHP123151,ORD781151,Keyboard,North,Delivered,2025-12-01,2025-12-03
SHP123152,ORD781152,Monitor,South,Delivered,2025-04-10,2025-04-17
SHP123153,ORD781153,Headphones,West,Delivered,2025-07-25,2025-07-28
SHP123154,ORD781154,Smartphone,South,Delivered,2025-05-28,2025-05-30
SHP123155,ORD781155,Engine Oil,East,Delivered,2025-04-22,2025-04-27
SHP123156,ORD781156,Engine Oil,East,Delivered,2025-08-10,2025-08-14
SHP123157,ORD781157,Jacket,North,Delivered,2025-03-05,2025-03-10
SHP123158,ORD781158,Monitor,North,Delivered,2025-06-08,2025-06-16
SHP123159,ORD781159,Jeans,East,Delivered,2025-08-01,2025-08-04
SHP123160,ORD781160,T-Shirt,North,Delivered,2025-04-06,2025-04-10
SHP123161,ORD781161,Monitor,West,Delivered,2025-10-08,2025-10-13
SHP123162,ORD781162,Smartphone,North,Delivered,2025-04-11,2025-04-17
SHP123163,ORD781163,Face Cream,West,Delivered,2025-11-08,2025-11-14
SHP123164,ORD781164,Smartphone,North,In Transit,2025-09-09,2025-09-13
SHP123165,ORD781165,Car Seat,South,Delivered,2025-01-17,2025-01-22
SHP123166,ORD781166,Monitor,East,Delivered,2025-04-10,2025-04-13
SHP123167,ORD781167,Engine Oil,North,Delivered,2025-06-16,2025-06-19
SHP123168,ORD781168,Keyboard,North,Delivered,2025-04-06,2025-04-08
SHP123169,ORD781169,Headphones,West,Delivered,2025-09-07,2025-09-10
SHP123170,ORD781170,Shampoo,South,Delivered,2025-10-20,2025-10-22
SHP123171,ORD781171,Car Seat,West,Delivered,2025-07-30,2025-08-04
SHP123172,ORD781172,Monitor,East,Delivered,2025-08-28,2025-09-01
SHP123173,ORD781173,Shampoo,North,Delivered,2025-12-25,2025-12-30
SHP123174,ORD781174,Face Cream,West,Delayed,2025-10-19,2025-10-22
SHP123175,ORD781175,Other Product,North,Delivered,2025-02-08,2025-02-13
SHP123176,ORD781176,Smartphone,East,Delivered,2025-09-12,2025-09-15
SHP123177,ORD781177,Smartphone,East,Delivered,2025-05-30,2025-06-04
SHP123178,ORD781178,Laptop,East,Delivered,2025-07-15,2025-07-22
SHP123179,ORD781179,Keyboard,East,Delivered,2025-08-14,2025-08-16
SHP123180,ORD781180,Shampoo,West,Delivered,2025-11-13,2025-11-15
SHP123181,ORD781181,Headphones,East,Delivered,2025-07-06,2025-07-10
SHP123182,ORD781182,Other Product,South,Delivered,2025-10-12,2025-10-18
SHP123183,ORD781183,Other Product,West,Delivered,2025-01-10,2025-01-14
SHP123184,ORD781184,Dining Table,North,Delivered,2025-12-17,2025-12-23
SHP123185,ORD781185,Headphones,West,In Transit,2025-02-22,2025-02-26
SHP123186,ORD781186,Sofa,North,Delivered,2025-05-31,2025-06-03
SHP123187,ORD781187,Keyboard,West,Delivered,2025-03-01,2025-03-04
SHP123188,ORD781188,Engine Oil,North,Delivered,2025-03-30,2025-04-03
SHP123189,ORD781189,Shampoo,West,In Transit,2025-02-03,2025-02-08
SHP123190,ORD781190,Dining Table,North,Delivered,2025-05-05,2025-05-11
SHP123191,ORD781191,Monitor,South,Delivered,2025-12-24,2025-12-28
SHP123192,ORD781192,Shampoo,East,Delayed,2025-10-30,2025-11-04
SHP123193,ORD781193,Headphones,West,Delivered,2025-09-06,2025-09-09
SHP123194,ORD781194,Jacket,East,Delivered,2025-08-27,2025-08-29
SHP123195,ORD781195,Shampoo,West,Delivered,2025-05-06,2025-05-08
SHP123196,ORD781196,Engine Oil,South,Delivered,2025-01-01,2025-01-05
SHP123197,ORD781197,Jacket,South,Delivered,2025-04-24,2025-05-02
SHP123198,ORD781198,Headphones,East,Delivered,2025-03-27,2025-03-29
SHP123199,ORD781199,Other Product,East,Delivered,2025-10-26,2025-10-31
SHP123200,ORD781200,T-Shirt,South,Delivered,2025-01-15,2025-01-23
SHP123201,ORD781201,Headphones,West,Delivered,2025-02-15,2025-02-18
SHP123202,ORD781202,Headphones,East,Delayed,2025-04-11,2025-04-15
SHP123203,ORD781203,T-Shirt,West,Delivered,2025-10-10,2025-10-13
SHP123204,ORD781204,Laptop,South,Delivered,2025-10-15,2025-10-19
SHP123205,ORD781205,Headphones,West,Delivered,2025-09-26,2025-10-03
SHP123206,ORD781206,Jeans,East,Delivered,2025-11-17,2025-11-22
SHP123207,ORD781207,Car Seat,South,Delivered,2025-05-15,2025-05-20
SHP123208,ORD781208,Headphones,North,Delivered,2025-12-30,2026-01-03
SHP123209,ORD781209,Sofa,West,Delivered,2025-08-04,2025-08-08
SHP123210,ORD781210,Face Cream,East,Delivered,2025-10-18,2025-10-25
SHP123211,ORD781211,Car Seat,South,Delivered,2025-07-29,2025-08-04
SHP123212,ORD781212,Other Product,South,Delayed,2025-08-28,2025-09-02
SHP123213,ORD781213,Dining Table,East,Delivered,2025-10-11,2025-10-14
SHP123214,ORD781214,Shampoo,West,Delivered,2025-05-27,2025-05-31
SHP123215,ORD781215,Shampoo,South,Delivered,2025-02-06,2025-02-10
SHP123216,ORD781216,Monitor,West,Delivered,2025-04-01,2025-04-06
SHP123217,ORD781217,Smartphone,West,Delivered,2025-09-09,2025-09-11
SHP123218,ORD781218,T-Shirt,West,Delivered,2025-07-05,2025-07-09
SHP123219,ORD781219,Sofa,North,Delivered,2025-02-14,2025-02-18
SHP123220,ORD781220,Laptop,East,Delivered,2025-02-15,2025-02-19
SHP123221,ORD781221,Sofa,West,Delivered,2025-10-11,2025-10-15
SHP123222,ORD781222,Face Cream,North,Delivered,2025-04-11,2025-04-14
SHP123223,ORD781223,Monitor,East,Delivered,2025-07-31,2025-08-03
SHP123224,ORD781224,Jeans,East,Delivered,2025-10-28,2025-11-01
SHP123225,ORD781225,Laptop,West,Delivered,2025-06-08,2025-06-16
SHP123226,ORD781226,Shampoo,West,Delivered,2025-06-11,2025-06-14
SHP123227,ORD781227,Headphones,South,Delivered,2025-06-17,2025-06-24
SHP123228,ORD781228,Shampoo,North,Delayed,2025-04-27,2025-05-04
SHP123229,ORD781229,Jeans,East,Delivered,2025-06-02,2025-06-07
SHP123230,ORD781230,Keyboard,South,Delivered,2025-02-05,2025-02-08
SHP123231,ORD781231,Jeans,West,Delivered,2025-03-10,2025-03-15
SHP123232,ORD781232,Face Cream,South,Delivered,2025-04-09,2025-04-14
SHP123233,ORD781233,Other Product,South,Delivered,2025-11-21,2025-11-24
SHP123234,ORD781234,Keyboard,North,Delivered,2025-05-03,2025-05-06
SHP123235,ORD781235,Car Seat,West,Delivered,2025-07-24,2025-08-01
SHP123236,ORD781236,Monitor,North,Delivered,2025-11-23,2025-11-25
SHP123237,ORD781237,Shampoo,East,Delivered,2025-05-05,2025-05-09
SHP123238,ORD781238,Other Product,West,Delivered,2025-10-28,2025-11-01
SHP123239,ORD781239,Sofa,East,In Transit,2025-12-13,2025-12-15
SHP123240,ORD781240,Shampoo,East,In Transit,2025-08-19,2025-08-25
SHP123241,ORD781241,T-Shirt,North,Delayed,2025-12-13,2025-12-17
SHP123242,ORD781242,Jacket,North,Delivered,2025-02-08,2025-02-12
SHP123243,ORD781243,Sofa,South,Delivered,2025-05-02,2025-05-08
SHP123244,ORD781244,Monitor,East,Delayed,2025-11-07,2025-11-12
SHP123245,ORD781245,Monitor,South,Delivered,2025-10-24,2025-10-27
SHP123246,ORD781246,Headphones,South,Delivered,2025-04-27,2025-04-29
SHP123247,ORD781247,T-Shirt,West,Delivered,2025-10-14,2025-10-22
SHP123248,ORD781248,Face Cream,North,Delivered,2025-06-21,2025-06-27
SHP123249,ORD781249,Jacket,East,Delivered,2025-09-19,2025-09-27
SHP123250,ORD781250,Jeans,North,Delivered,2025-07-27,2025-07-31
SHP123251,ORD781251,Jacket,West,Delivered,2025-09-10,2025-09-16
SHP123252,ORD781252,Monitor,South,Delivered,2025-12-30,2026-01-02
SHP123253,ORD781253,Sofa,North,Delivered,2025-12-31,2026-01-04
SHP123254,ORD781254,Smartphone,South,Delivered,2025-03-05,2025-03-07
SHP123255,ORD781255,Shampoo,South,Delivered,2025-03-22,2025-03-29
SHP123256,ORD781256,Jacket,South,Delivered,2025-07-15,2025-07-19
SHP123257,ORD781257,Car Seat,West,Delivered,2025-02-03,2025-02-06
SHP123258,ORD781258,Jeans,South,Delivered,2025-03-31,2025-04-05
SHP123259,ORD781259,T-Shirt,South,Delivered,2025-02-13,2025-02-17
SHP123260,ORD781260,T-Shirt,South,Delayed,2025-05-29,2025-06-03
SHP123261,ORD781261,Shampoo,North,Delivered,2025-09-23,2025-09-27
SHP123262,ORD781262,Dining Table,South,Delivered,2025-12-11,2025-12-15
SHP123263,ORD781263,Dining Table,East,In Transit,2025-08-04,2025-08-09
SHP123264,ORD781264,Face Cream,East,Delivered,2025-11-10,2025-11-15
SHP123265,ORD781265,Other Product,West,Delivered,2025-04-25,2025-04-28
SHP123266,ORD781266,Shampoo,East,Delivered,2025-01-19,2025-01-26
SHP123267,ORD781267,Jeans,East,Delivered,2025-11-19,2025-11-24
SHP123268,ORD781268,Headphones,North,Delivered,2025-10-22,2025-10-26
SHP123269,ORD781269,Face Cream,East,Delivered,2025-04-06,2025-04-09
SHP123270,ORD781270,T-Shirt,East,Delivered,2025-07-09,2025-07-11
SHP123271,ORD781271,Monitor,North,Delivered,2025-08-24,2025-08-30
SHP123272,ORD781272,Monitor,South,Delivered,2025-08-04,2025-08-09
SHP123273,ORD781273,Jacket,South,Delivered,2025-11-30,2025-12-03
SHP123274,ORD781274,Face Cream,North,Delivered,2025-12-23,2025-12-25
SHP123275,ORD781275,Jacket,South,Delivered,2025-03-01,2025-03-06
SHP123276,ORD781276,Engine Oil,North,Delivered,2025-09-07,2025-09-14
SHP123277,ORD781277,Face Cream,North,Delivered,2025-09-25,2025-09-27
SHP123278,ORD781278,Car Seat,East,Delivered,2025-11-11,2025-11-16
SHP123279,ORD781279,Smartphone,South,Delivered,2025-12-11,2025-12-16
SHP123280,ORD781280,Car Seat,West,Delivered,2025-12-23,2025-12-27
SHP123281,ORD781281,Laptop,West,Delivered,2025-05-16,2025-05-18
SHP123282,ORD781282,Sofa,South,Delivered,2025-06-11,2025-06-17
SHP123283,ORD781283,Jacket,East,Delivered,2025-05-01,2025-05-07
SHP123284,ORD781284,Engine Oil,South,Delivered,2025-12-29,2026-01-05
SHP123285,ORD781285,Car Seat,East,Delivered,2025-06-15,2025-06-22
SHP123286,ORD781286,Keyboard,East,Delivered,2025-10-29,2025-11-01
SHP123287,ORD781287,Jacket,South,Delivered,2025-06-22,2025-06-26
SHP123288,ORD781288,Engine Oil,North,Delivered,2025-07-07,2025-07-09
SHP123289,ORD781289,Jacket,South,Delayed,2025-10-14,2025-10-17
SHP123290,ORD781290,Smartphone,West,Delivered,2025-11-04,2025-11-08
SHP123291,ORD781291,Keyboard,North,Delivered,2025-01-16,2025-01-18
SHP123292,ORD781292,Laptop,East,Delivered,2025-02-15,2025-02-21
SHP123293,ORD781293,Jacket,East,Delivered,2025-04-04,2025-04-10
SHP123294,ORD781294,Jeans,South,Delivered,2025-07-12,2025-07-16
SHP123295,ORD781295,Smartphone,East,Delivered,2025-06-23,2025-06-29
SHP123296,ORD781296,Face Cream,East,Delivered,2025-02-20,2025-02-23
SHP123297,ORD781297,Keyboard,South,Delivered,2025-10-15,2025-10-21
SHP123298,ORD781298,Jeans,East,Delivered,2025-08-31,2025-09-02
SHP123299,ORD781299,Other Product,West,Delivered,2025-07-26,2025-08-02
SHP123300,ORD781300,Face Cream,West,Delivered,2025-06-04,2025-06-10
SHP123301,ORD781301,Smartphone,West,Delivered,2025-06-18,2025-06-23
SHP123302,ORD781302,Engine Oil,East,Delivered,2025-01-18,2025-01-22
SHP123303,ORD781303,Keyboard,South,Delivered,2025-09-28,2025-10-02
SHP123304,ORD781304,Headphones,North,Delivered,2025-01-28,2025-02-01
SHP123305,ORD781305,Monitor,South,Delivered,2025-01-01,2025-01-05
SHP123306,ORD781306,Smartphone,South,Delivered,2025-09-30,2025-10-04
SHP123307,ORD781307,Smartphone,East,Delivered,2025-11-27,2025-11-30
SHP123308,ORD781308,Face Cream,East,Delivered,2025-06-12,2025-06-15
SHP123309,ORD781309,Keyboard,East,Delivered,2025-06-12,2025-06-15
SHP123310,ORD781310,Keyboard,East,Delivered,2025-11-20,2025-11-23
SHP123311,ORD781311,T-Shirt,North,Delivered,2025-02-19,2025-02-21
SHP123312,ORD781312,Keyboard,South,Delivered,2025-07-03,2025-07-05
SHP123313,ORD781313,Sofa,South,Delivered,2025-11-01,2025-11-07
SHP123314,ORD781314,Face Cream,West,Delivered,2025-12-25,2025-12-29
SHP123315,ORD781315,Jeans,East,Delivered,2025-03-02,2025-03-07
SHP123316,ORD781316,Face Cream,West,Delivered,2025-10-09,2025-10-12
SHP123317,ORD781317,Laptop,South,Delivered,2025-09-24,2025-09-29
SHP123318,ORD781318,Other Product,East,Delayed,2025-03-28,2025-03-30
SHP123319,ORD781319,Other Product,South,Delivered,2025-12-16,2025-12-20
SHP123320,ORD781320,Monitor,East,Delivered,2025-04-26,2025-05-01
SHP123321,ORD781321,Sofa,North,Delivered,2025-07-12,2025-07-18
SHP123322,ORD781322,Car Seat,North,Delivered,2025-03-29,2025-04-02
SHP123323,ORD781323,Dining Table,South,Delivered,2025-09-21,2025-09-26
SHP123324,ORD781324,Car Seat,North,Delivered,2025-09-15,2025-09-20
SHP123325,ORD781325,Shampoo,North,Delivered,2025-12-14,2025-12-19
SHP123326,ORD781326,Other Product,West,Delivered,2025-07-14,2025-07-19
SHP123327,ORD781327,Face Cream,West,Delivered,2025-05-24,2025-05-27
SHP123328,ORD781328,Keyboard,North,Delivered,2025-07-09,2025-07-11
SHP123329,ORD781329,Engine Oil,North,Delivered,2025-04-03,2025-04-08
SHP123330,ORD781330,Smartphone,West,Delivered,2025-02-04,2025-02-07
SHP123331,ORD781331,Engine Oil,East,Delivered,2025-09-12,2025-09-19
SHP123332,ORD781332,Monitor,South,Delivered,2025-02-06,2025-02-12
SHP123333,ORD781333,Dining Table,North,Delivered,2025-08-02,2025-08-07
SHP123334,ORD781334,Engine Oil,West,Delivered,2025-12-06,2025-12-10
SHP123335,ORD781335,Car Seat,North,In Transit,2025-12-20,2025-12-23
SHP123336,ORD781336,Other Product,East,Delivered,2025-05-29,2025-05-31
SHP123337,ORD781337,Keyboard,North,Delayed,2025-08-03,2025-08-07
SHP123338,ORD781338,T-Shirt,West,Delivered,2025-09-05,2025-09-09
SHP123339,ORD781339,Laptop,West,Delivered,2025-05-23,2025-05-27
SHP123340,ORD781340,Engine Oil,North,Delivered,2025-06-06,2025-06-08
SHP123341,ORD781341,Dining Table,West,Delivered,2025-11-01,2025-11-03
SHP123342,ORD781342,Smartphone,South,In Transit,2025-08-04,2025-08-09
SHP123343,ORD781343,Keyboard,South,Delivered,2025-07-03,2025-07-10
SHP123344,ORD781344,Sofa,South,Delayed,2025-11-13,2025-11-15
SHP123345,ORD781345,Headphones,East,Delivered,2025-08-05,2025-08-11
SHP123346,ORD781346,Engine Oil,North,Delivered,2025-09-09,2025-09-13
SHP123347,ORD781347,Jacket,West,Delivered,2025-05-02,2025-05-08
SHP123348,ORD781348,Sofa,East,Delivered,2025-12-06,2025-12-10
SHP123349,ORD781349,Shampoo,North,Delivered,2025-03-30,2025-04-02
SHP123350,ORD781350,Monitor,North,Delivered,2025-10-22,2025-10-24
SHP123351,ORD781351,Headphones,East,Delivered,2025-12-19,2025-12-26
SHP123352,ORD781352,Engine Oil,East,Delivered,2025-11-04,2025-11-07
SHP123353,ORD781353,Sofa,South,In Transit,2025-12-27,2025-12-30
SHP123354,ORD781354,Engine Oil,North,Delivered,2025-02-13,2025-02-19
SHP123355,ORD781355,Keyboard,North,Delivered,2025-12-05,2025-12-08
SHP123356,ORD781356,Jacket,South,Delivered,2025-11-10,2025-11-13
SHP123357,ORD781357,Headphones,West,Delivered,2025-11-07,2025-11-09
SHP123358,ORD781358,Face Cream,South,Delivered,2025-01-01,2025-01-04
SHP123359,ORD781359,T-Shirt,West,Delivered,2025-07-16,2025-07-23
SHP123360,ORD781360,Jeans,South,Delivered,2025-03-04,2025-03-09
SHP123361,ORD781361,Monitor,West,Delivered,2025-09-26,2025-09-30
SHP123362,ORD781362,Jacket,South,Delivered,2025-11-27,2025-12-01
SHP123363,ORD781363,Monitor,West,Delivered,2025-07-05,2025-07-11
SHP123364,ORD781364,Dining Table,South,Delivered,2025-10-06,2025-10-10
SHP123365,ORD781365,Keyboard,West,Delivered,2025-07-05,2025-07-08
SHP123366,ORD781366,Headphones,South,Delivered,2025-10-02,2025-10-05
SHP123367,ORD781367,Shampoo,South,In Transit,2025-03-10,2025-03-17
SHP123368,ORD781368,Laptop,North,Delivered,2025-01-15,2025-01-19
SHP123369,ORD781369,Monitor,East,Delivered,2025-01-13,2025-01-19
SHP123370,ORD781370,Laptop,North,Delivered,2025-11-03,2025-11-05
SHP123371,ORD781371,Monitor,West,Delivered,2025-01-23,2025-01-25
SHP123372,ORD781372,T-Shirt,North,Delivered,2025-02-01,2025-02-03
SHP123373,ORD781373,Other Product,South,Delivered,2025-08-15,2025-08-19
SHP123374,ORD781374,Face Cream,North,In Transit,2025-07-07,2025-07-15
SHP123375,ORD781375,Jeans,West,In Transit,2025-01-24,2025-01-28
SHP123376,ORD781376,Smartphone,North,Delivered,2025-03-16,2025-03-19
SHP123377,ORD781377,Laptop,South,Delivered,2025-09-18,2025-09-21
SHP123378,ORD781378,Car Seat,West,Delivered,2025-12-26,2025-12-30
SHP123379,ORD781379,Sofa,North,Delivered,2025-11-04,2025-11-07
SHP123380,ORD781380,Headphones,South,Delivered,2025-02-27,2025-03-06
SHP123381,ORD781381,Engine Oil,South,Delivered,2025-03-30,2025-04-03
SHP123382,ORD781382,Headphones,East,Delivered,2025-10-12,2025-10-15
SHP123383,ORD781383,Dining Table,West,Delivered,2025-06-09,2025-06-14
SHP123384,ORD781384,Face Cream,East,Delivered,2025-04-15,2025-04-20
SHP123385,ORD781385,Headphones,North,Delivered,2025-08-06,2025-08-08
SHP123386,ORD781386,Smartphone,West,Delivered,2025-07-26,2025-07-29
SHP123387,ORD781387,Engine Oil,West,Delivered,2025-11-04,2025-11-08
SHP123388,ORD781388,Keyboard,South,In Transit,2025-08-24,2025-08-28
SHP123389,ORD781389,Other Product,South,Delivered,2025-11-30,2025-12-03
SHP123390,ORD781390,Dining Table,West,Delivered,2025-06-23,2025-06-27
SHP123391,ORD781391,Jeans,East,Delivered,2025-08-10,2025-08-14
SHP123392,ORD781392,Other Product,East,Delivered,2025-06-04,2025-06-06
SHP123393,ORD781393,Other Product,North,In Transit,2025-07-10,2025-07-14
SHP123394,ORD781394,Dining Table,West,Delivered,2025-01-22,2025-01-26
SHP123395,ORD781395,Monitor,South,Delivered,2025-04-09,2025-04-13
SHP123396,ORD781396,Smartphone,North,Delivered,2025-05-01,2025-05-06
SHP123397,ORD781397,Monitor,North,In Transit,2025-12-31,2026-01-04
SHP123398,ORD781398,Smartphone,East,Delivered,2025-12-25,2025-12-30
SHP123399,ORD781399,Sofa,East,Delayed,2025-06-20,2025-06-27
SHP123400,ORD781400,Sofa,South,Delayed,2025-08-28,2025-09-04
SHP123401,ORD781401,Dining Table,East,Delivered,2025-10-18,2025-10-20
SHP123402,ORD781402,Car Seat,South,Delivered,2025-06-10,2025-06-18
SHP123403,ORD781403,Car Seat,West,Delivered,2025-01-10,2025-01-18
SHP123404,ORD781404,Keyboard,East,Delivered,2025-12-25,2025-12-28
SHP123405,ORD781405,Laptop,South,Delivered,2025-07-17,2025-07-20
SHP123406,ORD781406,Keyboard,North,Delivered,2025-11-12,2025-11-16
SHP123407,ORD781407,Monitor,West,Delivered,2025-02-16,2025-02-23
SHP123408,ORD781408,Face Cream,South,Delivered,2025-07-31,2025-08-06
SHP123409,ORD781409,Smartphone,South,Delivered,2025-08-12,2025-08-16
SHP123410,ORD781410,Shampoo,South,Delivered,2025-12-24,2025-12-30
SHP123411,ORD781411,Keyboard,West,Delivered,2025-02-07,2025-02-12
SHP123412,ORD781412,Jacket,East,In Transit,2025-03-05,2025-03-07
SHP123413,ORD781413,Laptop,East,Delivered,2025-09-28,2025-10-01
SHP123414,ORD781414,Laptop,North,Delivered,2025-02-28,2025-03-05
SHP123415,ORD781415,T-Shirt,South,Delivered,2025-01-27,2025-02-01
SHP123416,ORD781416,Sofa,North,Delivered,2025-10-24,2025-10-29
SHP123417,ORD781417,Car Seat,North,Delivered,2025-04-18,2025-04-22
SHP123418,ORD781418,Monitor,South,Delivered,2025-09-15,2025-09-17
SHP123419,ORD781419,Face Cream,West,Delivered,2025-03-28,2025-04-01
SHP123420,ORD781420,Monitor,North,Delivered,2025-04-15,2025-04-17
SHP123421,ORD781421,Keyboard,West,In Transit,2025-08-07,2025-08-12
SHP123422,ORD781422,Engine Oil,West,Delivered,2025-04-11,2025-04-15
SHP123423,ORD781423,Headphones,South,Delivered,2025-03-22,2025-03-26
SHP123424,ORD781424,Sofa,North,Delivered,2025-12-05,2025-12-09
SHP123425,ORD781425,Jeans,North,Delivered,2025-06-30,2025-07-07
SHP123426,ORD781426,Jacket,South,Delivered,2025-11-11,2025-11-15
SHP123427,ORD781427,Sofa,East,Delivered,2025-05-31,2025-06-03
SHP123428,ORD781428,Other Product,North,Delivered,2025-03-11,2025-03-15
SHP123429,ORD781429,Laptop,North,Delayed,2025-11-02,2025-11-06
SHP123430,ORD781430,Engine Oil,South,Delivered,2025-07-08,2025-07-14
SHP123431,ORD781431,Other Product,East,Delivered,2025-09-28,2025-10-03
SHP123432,ORD781432,Face Cream,South,Delivered,2025-10-01,2025-10-05
SHP123433,ORD781433,Other Product,South,Delivered,2025-12-16,2025-12-18
SHP123434,ORD781434,Laptop,North,Delivered,2025-07-20,2025-07-27
SHP123435,ORD781435,Other Product,West,Delivered,2025-04-16,2025-04-22
SHP123436,ORD781436,Face Cream,South,Delivered,2025-04-10,2025-04-15
SHP123437,ORD781437,T-Shirt,West,Delivered,2025-08-07,2025-08-15
SHP123438,ORD781438,Keyboard,West,Delivered,2025-11-16,2025-11-19
SHP123439,ORD781439,Smartphone,North,Delivered,2025-06-16,2025-06-22
SHP123440,ORD781440,Laptop,North,Delivered,2025-01-31,2025-02-07
SHP123441,ORD781441,Sofa,North,Delivered,2025-01-06,2025-01-08
SHP123442,ORD781442,Jeans,North,Delivered,2025-11-29,2025-12-03
SHP123443,ORD781443,T-Shirt,North,Delivered,2025-05-13,2025-05-17
SHP123444,ORD781444,Car Seat,North,Delivered,2025-11-30,2025-12-05
SHP123445,ORD781445,T-Shirt,North,Delivered,2025-09-17,2025-09-22
SHP123446,ORD781446,Car Seat,East,Delivered,2025-05-16,2025-05-20
SHP123447,ORD781447,Engine Oil,East,Delivered,2025-09-24,2025-09-29
SHP123448,ORD781448,Laptop,West,Delivered,2025-01-01,2025-01-03
SHP123449,ORD781449,Jacket,North,Delayed,2025-06-20,2025-06-24
SHP123450,ORD781450,Other Product,North,Delivered,2025-04-26,2025-05-01
SHP123451,ORD781451,Face Cream,North,Delivered,2025-11-08,2025-11-13
SHP123452,ORD781452,Laptop,North,Delivered,2025-06-18,2025-06-24
SHP123453,ORD781453,T-Shirt,South,Delivered,2025-11-13,2025-11-17
SHP123454,ORD781454,Headphones,East,Delivered,2025-10-31,2025-11-04
SHP123455,ORD781455,Face Cream,South,Delivered,2025-02-23,2025-02-27
SHP123456,ORD781456,Car Seat,North,Delivered,2025-09-11,2025-09-13
SHP123457,ORD781457,T-Shirt,North,Delivered,2025-08-26,2025-08-28
SHP123458,ORD781458,Sofa,South,Delivered,2025-02-19,2025-02-21
SHP123459,ORD781459,Smartphone,East,Delivered,2025-01-24,2025-01-29
SHP123460,ORD781460,Keyboard,West,Delivered,2025-05-30,2025-06-06
SHP123461,ORD781461,Monitor,South,Delivered,2025-05-31,2025-06-02
SHP123462,ORD781462,Sofa,West,Delivered,2025-03-09,2025-03-13
SHP123463,ORD781463,Shampoo,East,Delivered,2025-04-30,2025-05-05
SHP123464,ORD781464,Jeans,North,Delivered,2025-08-23,2025-08-28
SHP123465,ORD781465,T-Shirt,West,Delivered,2025-11-24,2025-11-29
SHP123466,ORD781466,T-Shirt,East,Delivered,2025-01-09,2025-01-14
SHP123467,ORD781467,Laptop,East,Delivered,2025-03-07,2025-03-09
SHP123468,ORD781468,Laptop,North,Delivered,2025-10-17,2025-10-21
SHP123469,ORD781469,Dining Table,West,Delivered,2025-08-06,2025-08-12
SHP123470,ORD781470,Headphones,East,Delivered,2025-05-05,2025-05-12
SHP123471,ORD781471,Monitor,South,In Transit,2025-02-25,2025-02-28
SHP123472,ORD781472,Smartphone,South,Delivered,2025-07-10,2025-07-14
SHP123473,ORD781473,Car Seat,East,Delayed,2025-03-02,2025-03-07
SHP123474,ORD781474,Shampoo,East,Delivered,2025-05-30,2025-06-03
SHP123475,ORD781475,T-Shirt,North,Delivered,2025-12-16,2025-12-21
SHP123476,ORD781476,Engine Oil,East,Delivered,2025-05-06,2025-05-11
SHP123477,ORD781477,Headphones,West,Delayed,2025-10-15,2025-10-18
SHP123478,ORD781478,Shampoo,South,Delivered,2025-06-10,2025-06-17
SHP123479,ORD781479,Car Seat,South,Delivered,2025-01-02,2025-01-06
SHP123480,ORD781480,Dining Table,North,Delivered,2025-07-09,2025-07-15
SHP123481,ORD781481,Laptop,North,Delivered,2025-01-04,2025-01-09
SHP123482,ORD781482,Laptop,North,Delivered,2025-12-07,2025-12-13
SHP123483,ORD781483,Smartphone,North,Delivered,2025-04-15,2025-04-19
SHP123484,ORD781484,Sofa,North,Delivered,2025-03-28,2025-03-30
SHP123485,ORD781485,Monitor,South,Delivered,2025-09-11,2025-09-15
SHP123486,ORD781486,Shampoo,North,Delivered,2025-09-28,2025-10-02
SHP123487,ORD781487,Monitor,West,Delivered,2025-03-20,2025-03-23
SHP123488,ORD781488,Laptop,South,In Transit,2025-08-03,2025-08-05
SHP123489,ORD781489,Car Seat,South,Delivered,2025-10-19,2025-10-24
SHP123490,ORD781490,Shampoo,East,Delivered,2025-01-15,2025-01-18
SHP123491,ORD781491,Headphones,North,Delayed,2025-04-05,2025-04-13
SHP123492,ORD781492,Car Seat,West,In Transit,2025-06-24,2025-06-29
SHP123493,ORD781493,Car Seat,South,Delivered,2025-11-01,2025-11-06
SHP123494,ORD781494,T-Shirt,West,Delivered,2025-06-10,2025-06-13
SHP123495,ORD781495,Shampoo,South,Delivered,2025-09-03,2025-09-08
SHP123496,ORD781496,Car Seat,West,Delivered,2025-02-06,2025-02-14
SHP123497,ORD781497,Laptop,East,Delivered,2025-11-15,2025-11-17
SHP123498,ORD781498,Monitor,East,Delivered,2025-08-21,2025-08-23
SHP123499,ORD781499,Headphones,East,Delivered,2025-10-14,2025-10-17
SHP123500,ORD781500,Car Seat,South,Delivered,2025-08-02,2025-08-06
SHP123501,ORD781501,Engine Oil,South,In Transit,2025-08-06,2025-08-09
SHP123502,ORD781502,Car Seat,South,Delivered,2025-11-15,2025-11-18
SHP123503,ORD781503,Dining Table,South,Delivered,2025-01-04,2025-01-11
SHP123504,ORD781504,Monitor,West,Delivered,2025-05-07,2025-05-12
SHP123505,ORD781505,Engine Oil,South,Delivered,2025-12-14,2025-12-18
SHP123506,ORD781506,Sofa,South,Delivered,2025-02-19,2025-02-23
SHP123507,ORD781507,Shampoo,West,Delivered,2025-04-22,2025-04-24
SHP123508,ORD781508,Keyboard,East,Delivered,2025-08-27,2025-08-30
SHP123509,ORD781509,Car Seat,North,Delivered,2025-06-29,2025-07-03
SHP123510,ORD781510,Face Cream,East,Delayed,2025-05-15,2025-05-17
SHP123511,ORD781511,Keyboard,West,Delivered,2025-10-28,2025-11-04
SHP123512,ORD781512,Other Product,West,Delivered,2025-10-18,2025-10-20
SHP123513,ORD781513,Dining Table,West,Delivered,2025-02-05,2025-02-13
SHP123514,ORD781514,Headphones,East,Delivered,2025-12-21,2025-12-27
SHP123515,ORD781515,Dining Table,South,Delivered,2025-08-23,2025-08-30
SHP123516,ORD781516,Jeans,South,Delivered,2025-06-30,2025-07-04
SHP123517,ORD781517,Keyboard,North,Delivered,2025-04-26,2025-05-01
SHP123518,ORD781518,Sofa,North,Delivered,2025-04-19,2025-04-27
SHP123519,ORD781519,Shampoo,West,In Transit,2025-09-03,2025-09-10
SHP123520,ORD781520,Jeans,West,Delivered,2025-08-02,2025-08-06
SHP123521,ORD781521,Jacket,West,Delivered,2025-01-14,2025-01-16
SHP123522,ORD781522,Smartphone,North,Delivered,2025-04-07,2025-04-12
SHP123523,ORD781523,T-Shirt,West,Delivered,2025-05-19,2025-05-24
SHP123524,ORD781524,Monitor,North,Delivered,2025-09-21,2025-09-27
SHP123525,ORD781525,Other Product,West,Delivered,2025-02-04,2025-02-07
SHP123526,ORD781526,Keyboard,West,Delivered,2025-03-16,2025-03-18
SHP123527,ORD781527,Engine Oil,South,Delivered,2025-01-10,2025-01-14
SHP123528,ORD781528,Jeans,East,Delivered,2025-07-13,2025-07-17
SHP123529,ORD781529,Keyboard,North,Delivered,2025-02-07,2025-02-09
SHP123530,ORD781530,Shampoo,South,Delivered,2025-09-28,2025-10-01
SHP123531,ORD781531,Smartphone,East,Delivered,2025-03-08,2025-03-14
SHP123532,ORD781532,Keyboard,West,In Transit,2025-11-07,2025-11-11
SHP123533,ORD781533,Keyboard,West,Delivered,2025-11-10,2025-11-16
SHP123534,ORD781534,Jacket,West,Delivered,2025-10-06,2025-10-14
SHP123535,ORD781535,Monitor,East,Delivered,2025-01-13,2025-01-20
SHP123536,ORD781536,Face Cream,West,Delivered,2025-12-25,2025-12-31
SHP123537,ORD781537,Car Seat,West,Delivered,2025-09-07,2025-09-10
SHP123538,ORD781538,Face Cream,East,Delivered,2025-02-28,2025-03-03
SHP123539,ORD781539,Laptop,North,Delivered,2025-10-12,2025-10-16
SHP123540,ORD781540,Laptop,West,Delivered,2025-03-20,2025-03-25
SHP123541,ORD781541,Keyboard,West,Delivered,2025-03-23,2025-03-26
SHP123542,ORD781542,Other Product,East,Delivered,2025-10-18,2025-10-20
SHP123543,ORD781543,Other Product,East,Delivered,2025-01-08,2025-01-13
SHP123544,ORD781544,Face Cream,East,Delivered,2025-02-11,2025-02-17
SHP123545,ORD781545,Sofa,South,Delivered,2025-07-21,2025-07-25
SHP123546,ORD781546,Sofa,South,In Transit,2025-08-31,2025-09-04
SHP123547,ORD781547,Keyboard,North,Delivered,2025-07-12,2025-07-19
SHP123548,ORD781548,Car Seat,West,Delivered,2025-06-10,2025-06-15
SHP123549,ORD781549,Jacket,East,Delivered,2025-03-22,2025-03-26
SHP123550,ORD781550,Monitor,South,Delivered,2025-03-28,2025-03-31
SHP123551,ORD781551,Smartphone,South,Delivered,2025-02-24,2025-02-28
SHP123552,ORD781552,Car Seat,South,Delivered,2025-04-05,2025-04-12
SHP123553,ORD781553,Dining Table,East,Delivered,2025-10-25,2025-10-30
SHP123554,ORD781554,Sofa,South,Delivered,2025-10-02,2025-10-05
SHP123555,ORD781555,Headphones,West,Delivered,2025-05-10,2025-05-14
SHP123556,ORD781556,Headphones,East,Delivered,2025-02-15,2025-02-19
SHP123557,ORD781557,Keyboard,West,Delivered,2025-04-30,2025-05-05
SHP123558,ORD781558,Engine Oil,East,Delivered,2025-11-12,2025-11-18
SHP123559,ORD781559,Monitor,West,Delivered,2025-03-07,2025-03-14
SHP123560,ORD781560,Jacket,North,Delayed,2025-04-22,2025-04-25
SHP123561,ORD781561,Face Cream,North,Delivered,2025-01-14,2025-01-17
SHP123562,ORD781562,Jacket,West,Delayed,2025-04-01,2025-04-04
SHP123563,ORD781563,Jacket,West,Delivered,2025-09-04,2025-09-08
SHP123564,ORD781564,Sofa,North,Delivered,2025-10-21,2025-10-25
SHP123565,ORD781565,Car Seat,South,Delivered,2025-03-07,2025-03-09
SHP123566,ORD781566,Car Seat,North,Delivered,2025-11-20,2025-11-24
SHP123567,ORD781567,Keyboard,West,Delivered,2025-01-04,2025-01-07
SHP123568,ORD781568,Engine Oil,West,Delayed,2025-03-11,2025-03-14
SHP123569,ORD781569,Face Cream,South,Delivered,2025-07-02,2025-07-07
SHP123570,ORD781570,Headphones,East,Delivered,2025-01-18,2025-01-22
SHP123571,ORD781571,T-Shirt,South,Delivered,2025-10-12,2025-10-16
SHP123572,ORD781572,Dining Table,South,Delivered,2025-01-17,2025-01-24
SHP123573,ORD781573,Sofa,North,Delivered,2025-09-12,2025-09-15
SHP123574,ORD781574,Jacket,South,In Transit,2025-09-15,2025-09-22
SHP123575,ORD781575,Dining Table,South,Delivered,2025-12-02,2025-12-05
SHP123576,ORD781576,Headphones,East,Delivered,2025-02-13,2025-02-15
SHP123577,ORD781577,Sofa,West,Delivered,2025-01-11,2025-01-13
SHP123578,ORD781578,Dining Table,East,Delivered,2025-11-25,2025-11-30
SHP123579,ORD781579,Car Seat,North,Delivered,2025-07-09,2025-07-14
SHP123580,ORD781580,Other Product,North,Delivered,2025-06-13,2025-06-18
SHP123581,ORD781581,Headphones,South,Delivered,2025-10-17,2025-10-22
SHP123582,ORD781582,Face Cream,East,Delivered,2025-01-26,2025-01-29
SHP123583,ORD781583,T-Shirt,East,Delivered,2025-08-12,2025-08-15
SHP123584,ORD781584,Other Product,North,Delivered,2025-09-02,2025-09-07
SHP123585,ORD781585,Laptop,West,Delivered,2025-11-29,2025-12-02
SHP123586,ORD781586,T-Shirt,North,Delivered,2025-10-15,2025-10-18
SHP123587,ORD781587,Headphones,West,Delivered,2025-10-25,2025-10-30
SHP123588,ORD781588,Engine Oil,North,Delivered,2025-05-07,2025-05-11
SHP123589,ORD781589,Monitor,South,Delivered,2025-01-24,2025-01-28
SHP123590,ORD781590,Laptop,North,Delivered,2025-08-08,2025-08-13
SHP123591,ORD781591,T-Shirt,North,Delivered,2025-01-06,2025-01-12
SHP123592,ORD781592,Engine Oil,North,Delivered,2025-06-22,2025-06-28
SHP123593,ORD781593,Monitor,East,Delivered,2025-06-24,2025-06-30
SHP123594,ORD781594,Dining Table,West,Delivered,2025-06-22,2025-06-27
SHP123595,ORD781595,Face Cream,South,Delivered,2025-08-03,2025-08-06
SHP123596,ORD781596,Monitor,East,Delivered,2025-08-19,2025-08-26
SHP123597,ORD781597,Keyboard,South,In Transit,2025-01-10,2025-01-14
SHP123598,ORD781598,Monitor,South,Delivered,2025-05-29,2025-06-02
SHP123599,ORD781599,Engine Oil,West,Delivered,2025-02-27,2025-03-02
SHP123600,ORD781600,Engine Oil,North,Delivered,2025-10-18,2025-10-26
SHP123601,ORD781601,Jeans,South,Delayed,2025-01-25,2025-01-30
SHP123602,ORD781602,Keyboard,South,Delayed,2025-01-05,2025-01-07
SHP123603,ORD781603,Jacket,South,Delivered,2025-09-25,2025-09-30
SHP123604,ORD781604,T-Shirt,North,Delivered,2025-05-01,2025-05-07
SHP123605,ORD781605,Shampoo,West,Delivered,2025-06-22,2025-06-27
SHP123606,ORD781606,Monitor,North,In Transit,2025-08-15,2025-08-18
SHP123607,ORD781607,Car Seat,South,Delivered,2025-11-30,2025-12-03
SHP123608,ORD781608,Engine Oil,North,Delivered,2025-01-06,2025-01-11
SHP123609,ORD781609,Dining Table,West,Delivered,2025-03-31,2025-04-05
SHP123610,ORD781610,Jacket,West,Delivered,2025-03-30,2025-04-05
SHP123611,ORD781611,T-Shirt,West,Delivered,2025-09-12,2025-09-14
SHP123612,ORD781612,T-Shirt,North,Delivered,2025-07-17,2025-07-22
SHP123613,ORD781613,T-Shirt,South,Delivered,2025-02-10,2025-02-13
SHP123614,ORD781614,Smartphone,East,Delivered,2025-03-27,2025-03-30
SHP123615,ORD781615,Headphones,North,Delivered,2025-01-13,2025-01-18
SHP123616,ORD781616,Engine Oil,South,Delivered,2025-01-23,2025-01-25
SHP123617,ORD781617,Car Seat,West,In Transit,2025-09-21,2025-09-26
SHP123618,ORD781618,Shampoo,South,Delivered,2025-11-03,2025-11-05
SHP123619,ORD781619,Shampoo,West,Delivered,2025-09-05,2025-09-09
SHP123620,ORD781620,Engine Oil,South,Delivered,2025-01-23,2025-01-27
SHP123621,ORD781621,Jacket,North,In Transit,2025-11-03,2025-11-06
SHP123622,ORD781622,Dining Table,East,Delivered,2025-09-26,2025-09-29
SHP123623,ORD781623,Jeans,South,Delivered,2025-02-27,2025-03-02
SHP123624,ORD781624,Engine Oil,West,In Transit,2025-12-01,2025-12-06
SHP123625,ORD781625,Car Seat,West,Delivered,2025-09-02,2025-09-06
SHP123626,ORD781626,Jeans,East,Delivered,2025-05-14,2025-05-18
SHP123627,ORD781627,Dining Table,South,Delivered,2025-08-24,2025-08-30
SHP123628,ORD781628,Engine Oil,South,Delivered,2025-06-18,2025-06-20
SHP123629,ORD781629,Dining Table,West,Delivered,2025-10-20,2025-10-25
SHP123630,ORD781630,Laptop,North,Delivered,2025-07-27,2025-08-01
SHP123631,ORD781631,Jacket,North,Delivered,2025-06-29,2025-07-04
SHP123632,ORD781632,Other Product,North,Delivered,2025-10-23,2025-10-25
SHP123633,ORD781633,Sofa,West,Delivered,2025-06-03,2025-06-08
SHP123634,ORD781634,Keyboard,South,Delivered,2025-01-04,2025-01-09
SHP123635,ORD781635,T-Shirt,South,Delivered,2025-06-13,2025-06-20
SHP123636,ORD781636,Headphones,North,Delivered,2025-11-04,2025-11-08
SHP123637,ORD781637,Face Cream,North,Delivered,2025-12-24,2025-12-28
SHP123638,ORD781638,Other Product,West,Delivered,2025-10-31,2025-11-06
SHP123639,ORD781639,Keyboard,West,Delivered,2025-09-29,2025-10-02
SHP123640,ORD781640,Jacket,East,In Transit,2025-06-30,2025-07-04
SHP123641,ORD781641,Car Seat,South,Delivered,2025-11-01,2025-11-06
SHP123642,ORD781642,Dining Table,West,Delivered,2025-12-13,2025-12-17
SHP123643,ORD781643,Laptop,West,Delivered,2025-11-21,2025-11-24
SHP123644,ORD781644,Jeans,South,Delivered,2025-11-09,2025-11-11
SHP123645,ORD781645,Engine Oil,South,Delivered,2025-09-03,2025-09-08
SHP123646,ORD781646,Dining Table,South,In Transit,2025-11-30,2025-12-02
SHP123647,ORD781647,Engine Oil,North,Delivered,2025-01-07,2025-01-11
SHP123648,ORD781648,Sofa,North,Delivered,2025-08-23,2025-08-27
SHP123649,ORD781649,Jacket,North,Delivered,2025-10-17,2025-10-19
SHP123650,ORD781650,Headphones,West,Delivered,2025-07-09,2025-07-13
SHP123651,ORD781651,T-Shirt,West,Delivered,2025-04-26,2025-04-29
SHP123652,ORD781652,Keyboard,East,In Transit,2025-02-08,2025-02-10
SHP123653,ORD781653,Face Cream,West,Delivered,2025-07-17,2025-07-19
SHP123654,ORD781654,Keyboard,East,Delayed,2025-11-10,2025-11-17
SHP123655,ORD781655,Monitor,East,Delivered,2025-08-29,2025-09-01
SHP123656,ORD781656,T-Shirt,West,Delivered,2025-08-16,2025-08-19
SHP123657,ORD781657,Engine Oil,West,Delivered,2025-10-29,2025-11-01
SHP123658,ORD781658,Headphones,West,Delivered,2025-01-09,2025-01-14
SHP123659,ORD781659,Jeans,South,Delivered,2025-05-09,2025-05-11
SHP123660,ORD781660,Keyboard,West,In Transit,2025-05-23,2025-05-29
SHP123661,ORD781661,Laptop,East,Delivered,2025-05-03,2025-05-07
SHP123662,ORD781662,Sofa,West,Delivered,2025-01-12,2025-01-15
SHP123663,ORD781663,T-Shirt,South,Delayed,2025-07-20,2025-07-25
SHP123664,ORD781664,Sofa,East,Delivered,2025-12-27,2025-12-31
SHP123665,ORD781665,Jacket,East,Delivered,2025-11-18,2025-11-21
SHP123666,ORD781666,Sofa,South,Delivered,2025-10-23,2025-10-28
SHP123667,ORD781667,Headphones,South,Delivered,2025-09-29,2025-10-02
SHP123668,ORD781668,Engine Oil,South,Delivered,2025-03-16,2025-03-23
SHP123669,ORD781669,Sofa,East,Delivered,2025-02-11,2025-02-16
SHP123670,ORD781670,Other Product,North,Delivered,2025-08-28,2025-09-01
SHP123671,ORD781671,Face Cream,North,Delivered,2025-12-13,2025-12-18
SHP123672,ORD781672,Laptop,West,Delivered,2025-04-26,2025-05-01
SHP123673,ORD781673,Laptop,South,Delivered,2025-05-08,2025-05-11
SHP123674,ORD781674,T-Shirt,South,Delivered,2025-01-12,2025-01-16
SHP123675,ORD781675,Dining Table,West,Delivered,2025-04-07,2025-04-09
SHP123676,ORD781676,Sofa,East,Delivered,2025-12-09,2025-12-15
SHP123677,ORD781677,Shampoo,East,Delivered,2025-04-15,2025-04-19
SHP123678,ORD781678,Engine Oil,South,Delivered,2025-04-30,2025-05-06
SHP123679,ORD781679,Smartphone,North,Delivered,2025-11-20,2025-11-24
SHP123680,ORD781680,T-Shirt,East,Delivered,2025-06-07,2025-06-11
SHP123681,ORD781681,Jeans,East,Delivered,2025-03-07,2025-03-13
SHP123682,ORD781682,Keyboard,North,Delivered,2025-06-09,2025-06-12
SHP123683,ORD781683,Sofa,West,Delivered,2025-10-02,2025-10-09
SHP123684,ORD781684,Shampoo,East,Delivered,2025-09-06,2025-09-09
SHP123685,ORD781685,Car Seat,East,Delivered,2025-08-05,2025-08-07
SHP123686,ORD781686,Sofa,South,Delivered,2025-04-02,2025-04-06
SHP123687,ORD781687,Headphones,West,Delivered,2025-03-08,2025-03-14
SHP123688,ORD781688,Dining Table,North,Delivered,2025-01-15,2025-01-20
SHP123689,ORD781689,Smartphone,North,Delivered,2025-01-08,2025-01-15
SHP123690,ORD781690,Keyboard,South,In Transit,2025-07-21,2025-07-26
SHP123691,ORD781691,Jacket,South,Delivered,2025-11-02,2025-11-10
SHP123692,ORD781692,Dining Table,East,Delivered,2025-04-09,2025-04-13
SHP123693,ORD781693,Car Seat,North,Delivered,2025-08-19,2025-08-26
SHP123694,ORD781694,Headphones,East,Delivered,2025-04-12,2025-04-17
SHP123695,ORD781695,Face Cream,North,Delivered,2025-02-07,2025-02-10
SHP123696,ORD781696,Shampoo,West,Delivered,2025-06-05,2025-06-08
SHP123697,ORD781697,Dining Table,South,Delivered,2025-12-14,2025-12-21
SHP123698,ORD781698,Keyboard,North,Delivered,2025-05-15,2025-05-18
SHP123699,ORD781699,Car Seat,West,Delivered,2025-01-15,2025-01-20
SHP123700,ORD781700,Keyboard,East,Delivered,2025-02-06,2025-02-09
SHP123701,ORD781701,Headphones,South,In Transit,2025-01-20,2025-01-24
SHP123702,ORD781702,Other Product,West,Delivered,2025-09-30,2025-10-02
SHP123703,ORD781703,Car Seat,North,Delivered,2025-11-13,2025-11-16
SHP123704,ORD781704,Other Product,East,Delivered,2025-02-13,2025-02-17
SHP123705,ORD781705,Jacket,North,Delivered,2025-08-08,2025-08-13
SHP123706,ORD781706,Car Seat,North,Delivered,2025-09-15,2025-09-19
SHP123707,ORD781707,Sofa,West,Delivered,2025-01-03,2025-01-08
SHP123708,ORD781708,Headphones,North,Delivered,2025-04-08,2025-04-14
SHP123709,ORD781709,Laptop,South,Delivered,2025-11-14,2025-11-19
SHP123710,ORD781710,T-Shirt,East,Delivered,2025-10-16,2025-10-22
SHP123711,ORD781711,Sofa,South,In Transit,2025-12-21,2025-12-24
SHP123712,ORD781712,Laptop,South,Delivered,2025-01-19,2025-01-22
SHP123713,ORD781713,Engine Oil,East,Delivered,2025-03-16,2025-03-21
SHP123714,ORD781714,Smartphone,North,Delivered,2025-07-03,2025-07-07
SHP123715,ORD781715,Engine Oil,North,Delivered,2025-06-25,2025-06-29
SHP123716,ORD781716,Shampoo,West,Delivered,2025-11-03,2025-11-06
SHP123717,ORD781717,Face Cream,North,Delivered,2025-06-18,2025-06-21
SHP123718,ORD781718,Other Product,East,Delivered,2025-01-22,2025-01-29
SHP123719,ORD781719,Face Cream,West,Delivered,2025-08-29,2025-09-02
SHP123720,ORD781720,Car Seat,West,Delivered,2025-10-22,2025-10-29
SHP123721,ORD781721,T-Shirt,South,Delivered,2025-09-21,2025-09-26
SHP123722,ORD781722,T-Shirt,North,Delivered,2025-09-11,2025-09-16
SHP123723,ORD781723,Other Product,South,Delivered,2025-07-28,2025-08-01
SHP123724,ORD781724,Jacket,South,Delivered,2025-03-18,2025-03-21
SHP123725,ORD781725,T-Shirt,North,Delivered,2025-04-19,2025-04-26
SHP123726,ORD781726,Monitor,West,Delivered,2025-12-10,2025-12-13
SHP123727,ORD781727,Jeans,East,Delivered,2025-07-26,2025-07-28
SHP123728,ORD781728,Other Product,East,Delivered,2025-03-13,2025-03-15
SHP123729,ORD781729,Dining Table,West,Delivered,2025-03-28,2025-04-01
SHP123730,ORD781730,Car Seat,South,Delivered,2025-09-26,2025-10-01
SHP123731,ORD781731,Car Seat,East,Delivered,2025-07-24,2025-07-28
SHP123732,ORD781732,Jeans,East,Delivered,2025-01-18,2025-01-22
SHP123733,ORD781733,Other Product,South,Delivered,2025-02-09,2025-02-12
SHP123734,ORD781734,Sofa,South,Delivered,2025-03-19,2025-03-22
SHP123735,ORD781735,Headphones,North,Delivered,2025-01-16,2025-01-21
SHP123736,ORD781736,Headphones,West,Delivered,2025-06-17,2025-06-19
SHP123737,ORD781737,Sofa,East,Delivered,2025-11-03,2025-11-05
SHP123738,ORD781738,Monitor,West,Delivered,2025-10-21,2025-10-25
SHP123739,ORD781739,Engine Oil,East,Delivered,2025-05-01,2025-05-06
SHP123740,ORD781740,Monitor,West,Delivered,2025-03-01,2025-03-04
SHP123741,ORD781741,Dining Table,East,Delivered,2025-11-17,2025-11-22
SHP123742,ORD781742,Laptop,South,Delivered,2025-02-13,2025-02-18
SHP123743,ORD781743,Laptop,South,Delayed,2025-06-15,2025-06-22
SHP123744,ORD781744,Jeans,East,Delivered,2025-10-28,2025-11-01
SHP123745,ORD781745,Monitor,East,In Transit,2025-03-12,2025-03-16
SHP123746,ORD781746,Jacket,North,Delivered,2025-01-11,2025-01-13
SHP123747,ORD781747,Monitor,East,Delayed,2025-01-12,2025-01-16
SHP123748,ORD781748,Laptop,North,Delivered,2025-09-24,2025-09-27
SHP123749,ORD781749,Keyboard,East,Delivered,2025-01-16,2025-01-20
SHP123750,ORD781750,Smartphone,West,Delivered,2025-11-02,2025-11-07
SHP123751,ORD781751,Jacket,North,Delivered,2025-03-10,2025-03-13
SHP123752,ORD781752,Monitor,East,Delivered,2025-10-19,2025-10-24
SHP123753,ORD781753,T-Shirt,West,Delivered,2025-04-23,2025-04-29
SHP123754,ORD781754,Shampoo,South,Delivered,2025-01-29,2025-02-04
SHP123755,ORD781755,Jeans,West,Delivered,2025-08-19,2025-08-22
SHP123756,ORD781756,Jeans,North,In Transit,2025-03-10,2025-03-15
SHP123757,ORD781757,T-Shirt,South,Delivered,2025-10-26,2025-10-30
SHP123758,ORD781758,Other Product,East,Delivered,2025-12-04,2025-12-06
SHP123759,ORD781759,Laptop,North,Delivered,2025-04-24,2025-04-28
SHP123760,ORD781760,Laptop,West,Delivered,2025-10-01,2025-10-06
SHP123761,ORD781761,Laptop,West,Delivered,2025-11-10,2025-11-14
SHP123762,ORD781762,Car Seat,South,Delayed,2025-10-19,2025-10-23
SHP123763,ORD781763,Face Cream,North,Delivered,2025-06-08,2025-06-12
SHP123764,ORD781764,Car Seat,West,Delivered,2025-01-17,2025-01-21
SHP123765,ORD781765,Engine Oil,East,In Transit,2025-10-03,2025-10-06
SHP123766,ORD781766,Monitor,North,Delivered,2025-07-21,2025-07-24
SHP123767,ORD781767,Engine Oil,West,Delivered,2025-04-19,2025-04-24
SHP123768,ORD781768,Car Seat,South,Delivered,2025-03-22,2025-03-28
SHP123769,ORD781769,Jacket,North,Delivered,2025-12-29,2026-01-02
SHP123770,ORD781770,Engine Oil,West,Delivered,2025-01-22,2025-01-27
SHP123771,ORD781771,Headphones,North,Delivered,2025-06-01,2025-06-09
SHP123772,ORD781772,Headphones,South,Delivered,2025-06-10,2025-06-16
SHP123773,ORD781773,Jeans,West,Delivered,2025-05-04,2025-05-08
SHP123774,ORD781774,Headphones,East,Delivered,2025-10-30,2025-11-04
SHP123775,ORD781775,Shampoo,East,Delivered,2025-01-31,2025-02-03
SHP123776,ORD781776,Face Cream,South,Delivered,2025-05-28,2025-06-01
SHP123777,ORD781777,Jacket,North,Delivered,2025-03-16,2025-03-18
SHP123778,ORD781778,Monitor,West,Delivered,2025-07-15,2025-07-22
SHP123779,ORD781779,Sofa,North,Delivered,2025-12-19,2025-12-22
SHP123780,ORD781780,Dining Table,North,Delivered,2025-05-28,2025-06-01
SHP123781,ORD781781,Engine Oil,East,In Transit,2025-04-07,2025-04-10
SHP123782,ORD781782,Engine Oil,North,Delivered,2025-04-22,2025-04-27
SHP123783,ORD781783,Smartphone,East,Delivered,2025-03-03,2025-03-07
SHP123784,ORD781784,Jeans,North,Delivered,2025-02-03,2025-02-05
SHP123785,ORD781785,Laptop,West,Delivered,2025-07-18,2025-07-23
SHP123786,ORD781786,Dining Table,South,Delivered,2025-04-01,2025-04-07
SHP123787,ORD781787,Jeans,East,Delivered,2025-09-04,2025-09-12
SHP123788,ORD781788,Other Product,North,Delivered,2025-02-07,2025-02-10
SHP123789,ORD781789,Engine Oil,South,Delayed,2025-11-07,2025-11-11
SHP123790,ORD781790,Other Product,South,Delivered,2025-03-22,2025-03-27
SHP123791,ORD781791,Dining Table,South,Delivered,2025-03-05,2025-03-09
SHP123792,ORD781792,Face Cream,East,Delivered,2025-01-01,2025-01-06
SHP123793,ORD781793,Sofa,West,Delivered,2025-08-19,2025-08-21
SHP123794,ORD781794,Keyboard,North,Delivered,2025-11-17,2025-11-20
SHP123795,ORD781795,Smartphone,East,Delivered,2025-08-13,2025-08-17
SHP123796,ORD781796,Headphones,North,Delayed,2025-09-05,2025-09-09
SHP123797,ORD781797,Engine Oil,West,In Transit,2025-08-10,2025-08-14
SHP123798,ORD781798,Keyboard,West,In Transit,2025-08-28,2025-09-01
SHP123799,ORD781799,Monitor,East,Delivered,2025-03-17,2025-03-21
SHP123800,ORD781800,T-Shirt,West,Delivered,2025-06-09,2025-06-14
SHP123801,ORD781801,Headphones,South,Delivered,2025-02-18,2025-02-23
SHP123802,ORD781802,Other Product,West,In Transit,2025-02-20,2025-02-26
SHP123803,ORD781803,Jacket,North,Delivered,2025-11-23,2025-11-26
SHP123804,ORD781804,T-Shirt,East,Delivered,2025-08-03,2025-08-07
SHP123805,ORD781805,Smartphone,West,Delivered,2025-01-21,2025-01-26
SHP123806,ORD781806,Dining Table,East,Delivered,2025-05-05,2025-05-12
SHP123807,ORD781807,Sofa,South,Delivered,2025-03-01,2025-03-07
SHP123808,ORD781808,Engine Oil,East,Delivered,2025-03-15,2025-03-22
SHP123809,ORD781809,Car Seat,West,Delivered,2025-07-22,2025-07-25
SHP123810,ORD781810,T-Shirt,East,Delivered,2025-06-08,2025-06-10
SHP123811,ORD781811,Jeans,East,Delivered,2025-03-26,2025-03-29
SHP123812,ORD781812,Keyboard,North,Delivered,2025-10-31,2025-11-04
SHP123813,ORD781813,Car Seat,South,Delivered,2025-02-07,2025-02-10
SHP123814,ORD781814,T-Shirt,West,In Transit,2025-06-19,2025-06-23
SHP123815,ORD781815,Jacket,West,Delivered,2025-04-28,2025-05-05
SHP123816,ORD781816,Engine Oil,South,Delivered,2025-10-01,2025-10-09
SHP123817,ORD781817,T-Shirt,West,Delivered,2025-01-30,2025-02-01
SHP123818,ORD781818,Engine Oil,West,Delivered,2025-03-15,2025-03-19
SHP123819,ORD781819,Dining Table,West,Delivered,2025-09-13,2025-09-18
SHP123820,ORD781820,Jacket,East,In Transit,2025-05-31,2025-06-08
SHP123821,ORD781821,Engine Oil,South,Delivered,2025-08-19,2025-08-26
SHP123822,ORD781822,Jacket,South,Delivered,2025-04-06,2025-04-10
SHP123823,ORD781823,Jacket,South,Delivered,2025-03-25,2025-03-27
SHP123824,ORD781824,Monitor,South,Delivered,2025-05-14,2025-05-18
SHP123825,ORD781825,Jeans,South,Delivered,2025-04-27,2025-05-05
SHP123826,ORD781826,Jeans,South,Delivered,2025-08-04,2025-08-07
SHP123827,ORD781827,T-Shirt,North,Delivered,2025-10-29,2025-11-05
SHP123828,ORD781828,Engine Oil,North,Delivered,2025-10-16,2025-10-19
SHP123829,ORD781829,Jeans,South,Delivered,2025-03-03,2025-03-08
SHP123830,ORD781830,T-Shirt,East,Delivered,2025-08-13,2025-08-17
SHP123831,ORD781831,Face Cream,South,Delivered,2025-04-24,2025-04-29
SHP123832,ORD781832,Face Cream,East,Delivered,2025-01-07,2025-01-10
SHP123833,ORD781833,Monitor,East,Delivered,2025-02-17,2025-02-21
SHP123834,ORD781834,Car Seat,South,In Transit,2025-07-10,2025-07-18
SHP123835,ORD781835,Engine Oil,East,Delivered,2025-05-11,2025-05-16
SHP123836,ORD781836,Face Cream,West,Delivered,2025-10-16,2025-10-23
SHP123837,ORD781837,Headphones,North,Delivered,2025-03-24,2025-03-28
SHP123838,ORD781838,Engine Oil,East,In Transit,2025-12-01,2025-12-04
SHP123839,ORD781839,Car Seat,West,In Transit,2025-01-11,2025-01-15
SHP123840,ORD781840,Sofa,South,Delivered,2025-09-25,2025-10-02
SHP123841,ORD781841,Monitor,West,Delivered,2025-04-01,2025-04-06
SHP123842,ORD781842,Jeans,East,Delivered,2025-07-05,2025-07-07
SHP123843,ORD781843,Face Cream,South,Delivered,2025-12-02,2025-12-06
SHP123844,ORD781844,Car Seat,West,Delivered,2025-12-02,2025-12-05
SHP123845,ORD781845,Shampoo,North,Delivered,2025-12-19,2025-12-23
SHP123846,ORD781846,Keyboard,North,Delayed,2025-03-13,2025-03-15
SHP123847,ORD781847,Car Seat,East,Delivered,2025-10-28,2025-11-01
SHP123848,ORD781848,Other Product,North,Delivered,2025-10-05,2025-10-09
SHP123849,ORD781849,Other Product,North,Delivered,2025-04-23,2025-04-27
SHP123850,ORD781850,Sofa,West,Delivered,2025-03-18,2025-03-23
SHP123851,ORD781851,Monitor,West,Delivered,2025-10-27,2025-11-02
SHP123852,ORD781852,Car Seat,East,In Transit,2025-02-11,2025-02-14
SHP123853,ORD781853,Smartphone,North,Delivered,2025-09-16,2025-09-24
SHP123854,ORD781854,Monitor,West,Delivered,2025-11-30,2025-12-04
SHP123855,ORD781855,Jacket,East,Delivered,2025-06-26,2025-07-01
SHP123856,ORD781856,Jacket,North,Delivered,2025-12-15,2025-12-19
SHP123857,ORD781857,Face Cream,North,Delivered,2025-10-07,2025-10-13
SHP123858,ORD781858,Other Product,North,Delivered,2025-02-04,2025-02-06
SHP123859,ORD781859,Monitor,East,Delivered,2025-12-25,2025-12-31
SHP123860,ORD781860,Shampoo,North,In Transit,2025-10-27,2025-10-31
SHP123861,ORD781861,Monitor,South,Delivered,2025-06-14,2025-06-18
SHP123862,ORD781862,T-Shirt,North,Delivered,2025-07-01,2025-07-06
SHP123863,ORD781863,T-Shirt,South,Delivered,2025-01-22,2025-01-26
SHP123864,ORD781864,Jeans,West,Delivered,2025-11-13,2025-11-17
SHP123865,ORD781865,Keyboard,North,Delivered,2025-01-14,2025-01-21
SHP123866,ORD781866,Dining Table,East,Delivered,2025-02-23,2025-02-27
SHP123867,ORD781867,Sofa,North,Delivered,2025-05-01,2025-05-03
SHP123868,ORD781868,Engine Oil,North,Delivered,2025-10-24,2025-10-28
SHP123869,ORD781869,Monitor,West,Delayed,2025-06-06,2025-06-10
SHP123870,ORD781870,Shampoo,North,Delivered,2025-10-27,2025-10-30
SHP123871,ORD781871,Car Seat,North,Delivered,2025-02-11,2025-02-17
SHP123872,ORD781872,Car Seat,East,Delivered,2025-06-17,2025-06-20
SHP123873,ORD781873,Dining Table,South,In Transit,2025-07-08,2025-07-13
SHP123874,ORD781874,T-Shirt,East,In Transit,2025-07-17,2025-07-21
SHP123875,ORD781875,Car Seat,North,Delivered,2025-12-22,2025-12-27
SHP123876,ORD781876,Dining Table,West,Delivered,2025-08-02,2025-08-05
SHP123877,ORD781877,Dining Table,East,Delivered,2025-02-15,2025-02-19
SHP123878,ORD781878,Smartphone,West,Delivered,2025-06-13,2025-06-16
SHP123879,ORD781879,Smartphone,South,Delivered,2025-08-29,2025-08-31
SHP123880,ORD781880,Shampoo,East,Delivered,2025-12-13,2025-12-15
SHP123881,ORD781881,Other Product,North,Delivered,2025-12-21,2025-12-27
SHP123882,ORD781882,Monitor,West,Delivered,2025-09-24,2025-09-26
SHP123883,ORD781883,Keyboard,East,Delivered,2025-09-17,2025-09-22
SHP123884,ORD781884,Monitor,East,Delivered,2025-06-05,2025-06-08
SHP123885,ORD781885,Keyboard,West,Delivered,2025-09-16,2025-09-20
SHP123886,ORD781886,T-Shirt,East,Delivered,2025-06-14,2025-06-19
SHP123887,ORD781887,Laptop,East,Delivered,2025-01-03,2025-01-07
SHP123888,ORD781888,Monitor,East,Delivered,2025-03-13,2025-03-17
SHP123889,ORD781889,Monitor,South,Delivered,2025-09-29,2025-10-04
SHP123890,ORD781890,Monitor,South,Delivered,2025-05-25,2025-05-27
SHP123891,ORD781891,Jeans,West,Delivered,2025-10-28,2025-11-01
SHP123892,ORD781892,Headphones,West,In Transit,2025-03-26,2025-04-01
SHP123893,ORD781893,Laptop,South,Delivered,2025-05-20,2025-05-24
SHP123894,ORD781894,Other Product,West,Delivered,2025-08-09,2025-08-12
SHP123895,ORD781895,Monitor,West,Delivered,2025-04-07,2025-04-12
SHP123896,ORD781896,Headphones,South,Delivered,2025-10-22,2025-10-24
SHP123897,ORD781897,Engine Oil,East,Delivered,2025-10-12,2025-10-19
SHP123898,ORD781898,Smartphone,East,Delivered,2025-11-07,2025-11-15
SHP123899,ORD781899,Shampoo,South,Delivered,2025-06-05,2025-06-09
SHP123900,ORD781900,T-Shirt,South,Delayed,2025-10-06,2025-10-11
SHP123901,ORD781901,Face Cream,North,Delivered,2025-08-24,2025-08-27
SHP123902,ORD781902,Face Cream,West,Delivered,2025-11-30,2025-12-05
SHP123903,ORD781903,Other Product,West,In Transit,2025-12-20,2025-12-23
SHP123904,ORD781904,Face Cream,West,Delivered,2025-04-13,2025-04-18
SHP123905,ORD781905,Sofa,West,Delivered,2025-07-31,2025-08-02
SHP123906,ORD781906,Car Seat,East,Delivered,2025-07-15,2025-07-20
SHP123907,ORD781907,Monitor,North,Delivered,2025-02-27,2025-03-04
SHP123908,ORD781908,T-Shirt,West,Delivered,2025-12-19,2025-12-22
SHP123909,ORD781909,Laptop,North,Delivered,2025-06-22,2025-06-25
SHP123910,ORD781910,Headphones,South,Delivered,2025-09-06,2025-09-11
SHP123911,ORD781911,Other Product,North,Delivered,2025-08-30,2025-09-03
SHP123912,ORD781912,Other Product,West,In Transit,2025-08-20,2025-08-22
SHP123913,ORD781913,Other Product,South,Delivered,2025-04-08,2025-04-12
SHP123914,ORD781914,Jeans,South,Delivered,2025-09-05,2025-09-11
SHP123915,ORD781915,Jacket,North,Delivered,2025-07-18,2025-07-24
SHP123916,ORD781916,T-Shirt,South,Delivered,2025-05-13,2025-05-15
SHP123917,ORD781917,T-Shirt,South,In Transit,2025-11-18,2025-11-21
SHP123918,ORD781918,Monitor,West,Delivered,2025-05-04,2025-05-08
SHP123919,ORD781919,Shampoo,East,Delivered,2025-10-28,2025-11-03
SHP123920,ORD781920,Dining Table,South,Delivered,2025-03-16,2025-03-20
SHP123921,ORD781921,Jeans,North,Delivered,2025-05-25,2025-05-30
SHP123922,ORD781922,T-Shirt,North,Delivered,2025-06-02,2025-06-05
SHP123923,ORD781923,Headphones,West,In Transit,2025-03-25,2025-03-29
SHP123924,ORD781924,Jacket,South,Delivered,2025-10-19,2025-10-24
SHP123925,ORD781925,Shampoo,North,Delivered,2025-05-01,2025-05-04
SHP123926,ORD781926,Smartphone,North,Delivered,2025-03-18,2025-03-23
SHP123927,ORD781927,Engine Oil,South,Delivered,2025-07-06,2025-07-09
SHP123928,ORD781928,Face Cream,West,Delivered,2025-01-20,2025-01-25
SHP123929,ORD781929,Car Seat,East,Delivered,2025-05-04,2025-05-08
SHP123930,ORD781930,Sofa,South,Delivered,2025-03-10,2025-03-13
SHP123931,ORD781931,Headphones,South,Delivered,2025-03-14,2025-03-17
SHP123932,ORD781932,Dining Table,South,Delivered,2025-05-20,2025-05-23
SHP123933,ORD781933,Car Seat,North,Delivered,2025-02-27,2025-03-05
SHP123934,ORD781934,Laptop,East,Delivered,2025-05-08,2025-05-12
SHP123935,ORD781935,Engine Oil,East,Delivered,2025-10-19,2025-10-25
SHP123936,ORD781936,Headphones,West,Delivered,2025-03-04,2025-03-09
SHP123937,ORD781937,Monitor,East,Delivered,2025-03-14,2025-03-16
SHP123938,ORD781938,Headphones,South,Delivered,2025-04-06,2025-04-13
SHP123939,ORD781939,Car Seat,South,In Transit,2025-02-10,2025-02-14
SHP123940,ORD781940,Smartphone,South,Delivered,2025-04-03,2025-04-09
SHP123941,ORD781941,Car Seat,South,Delivered,2025-03-22,2025-03-26
SHP123942,ORD781942,Laptop,South,Delivered,2025-08-18,2025-08-23
SHP123943,ORD781943,Face Cream,West,Delivered,2025-10-02,2025-10-08
SHP123944,ORD781944,T-Shirt,East,Delivered,2025-11-25,2025-12-01
SHP123945,ORD781945,Car Seat,East,Delivered,2025-05-18,2025-05-26
SHP123946,ORD781946,T-Shirt,West,Delivered,2025-06-30,2025-07-03
SHP123947,ORD781947,Shampoo,South,Delivered,2025-10-02,2025-10-06
SHP123948,ORD781948,Car Seat,West,Delivered,2025-04-26,2025-05-01
SHP123949,ORD781949,Dining Table,North,Delivered,2025-08-22,2025-08-28
SHP123950,ORD781950,Dining Table,South,Delivered,2025-10-27,2025-10-31
SHP123951,ORD781951,Jeans,East,In Transit,2025-03-29,2025-04-02
SHP123952,ORD781952,Other Product,West,Delivered,2025-03-12,2025-03-15
SHP123953,ORD781953,Jacket,South,Delivered,2025-09-17,2025-09-19
SHP123954,ORD781954,Engine Oil,South,Delivered,2025-01-05,2025-01-08
SHP123955,ORD781955,Smartphone,West,Delivered,2025-02-28,2025-03-07
SHP123956,ORD781956,Shampoo,West,Delivered,2025-04-28,2025-05-01
SHP123957,ORD781957,Smartphone,West,Delivered,2025-03-02,2025-03-05
SHP123958,ORD781958,Face Cream,East,In Transit,2025-07-09,2025-07-12
SHP123959,ORD781959,Sofa,South,Delivered,2025-09-15,2025-09-19
SHP123960,ORD781960,Laptop,North,Delivered,2025-01-02,2025-01-10
SHP123961,ORD781961,Laptop,West,Delivered,2025-07-22,2025-07-29
SHP123962,ORD781962,Other Product,South,Delivered,2025-02-28,2025-03-04
SHP123963,ORD781963,Other Product,South,Delivered,2025-10-11,2025-10-15
SHP123964,ORD781964,Jeans,East,Delivered,2025-08-09,2025-08-14
SHP123965,ORD781965,Jeans,East,Delivered,2025-12-11,2025-12-15
SHP123966,ORD781966,Sofa,North,Delivered,2025-08-26,2025-09-03
SHP123967,ORD781967,Jeans,East,Delivered,2025-01-24,2025-01-28
SHP123968,ORD781968,Smartphone,West,Delivered,2025-05-21,2025-05-24
SHP123969,ORD781969,Headphones,East,Delivered,2025-12-26,2026-01-02
SHP123970,ORD781970,Headphones,South,Delivered,2025-10-25,2025-10-30
SHP123971,ORD781971,Jacket,East,Delivered,2025-01-08,2025-01-13
SHP123972,ORD781972,Jacket,North,Delivered,2025-07-17,2025-07-22
SHP123973,ORD781973,Headphones,North,Delivered,2025-01-02,2025-01-06
SHP123974,ORD781974,Shampoo,North,Delivered,2025-10-13,2025-10-15
SHP123975,ORD781975,Sofa,West,Delivered,2025-04-25,2025-04-29
SHP123976,ORD781976,Headphones,West,Delivered,2025-11-07,2025-11-13
SHP123977,ORD781977,Engine Oil,East,Delivered,2025-02-27,2025-03-03
SHP123978,ORD781978,Sofa,North,Delivered,2025-06-23,2025-06-26
SHP123979,ORD781979,Keyboard,North,Delivered,2025-12-18,2025-12-25
SHP123980,ORD781980,Dining Table,West,Delayed,2025-11-29,2025-12-05
SHP123981,ORD781981,Sofa,West,Delivered,2025-11-02,2025-11-04
SHP123982,ORD781982,Jeans,East,Delivered,2025-12-20,2025-12-23
SHP123983,ORD781983,Jacket,North,In Transit,2025-11-11,2025-11-14
SHP123984,ORD781984,Face Cream,West,Delivered,2025-12-20,2025-12-26
SHP123985,ORD781985,Car Seat,East,In Transit,2025-11-07,2025-11-12
SHP123986,ORD781986,Dining Table,North,Delivered,2025-01-01,2025-01-05
SHP123987,ORD781987,Headphones,South,Delayed,2025-02-03,2025-02-05
SHP123988,ORD781988,Monitor,West,Delivered,2025-09-09,2025-09-12
SHP123989,ORD781989,Sofa,North,Delivered,2025-05-11,2025-05-15
SHP123990,ORD781990,Laptop,West,Delivered,2025-12-25,2025-12-28
SHP123991,ORD781991,Smartphone,North,Delivered,2025-02-16,2025-02-20
SHP123992,ORD781992,Laptop,West,Delivered,2025-05-21,2025-05-26
SHP123993,ORD781993,Shampoo,East,Delivered,2025-01-30,2025-02-03
SHP123994,ORD781994,Sofa,East,Delivered,2025-09-29,2025-10-02
SHP123995,ORD781995,Face Cream,West,Delivered,2025-06-27,2025-07-02
SHP123996,ORD781996,Headphones,East,Delivered,2025-07-18,2025-07-24
SHP123997,ORD781997,Keyboard,West,Delivered,2025-03-07,2025-03-10
SHP123998,ORD781998,Shampoo,North,Delivered,2025-03-25,2025-03-29
SHP123999,ORD781999,Sofa,South,Delivered,2025-01-06,2025-01-10
SHP124000,ORD782000,Headphones,West,Delivered,2025-08-27,2025-09-02
SHP124001,ORD782001,T-Shirt,West,Delivered,2025-10-29,2025-11-05
SHP124002,ORD782002,Jeans,West,Delivered,2025-11-25,2025-11-29
SHP124003,ORD782003,Laptop,East,Delivered,2025-01-14,2025-01-19
SHP124004,ORD782004,Monitor,North,Delivered,2025-02-07,2025-02-10
SHP124005,ORD782005,Engine Oil,South,In Transit,2025-09-04,2025-09-10
SHP124006,ORD782006,Jeans,South,Delivered,2025-05-24,2025-05-28
SHP124007,ORD782007,Other Product,South,Delivered,2025-12-23,2025-12-31
SHP124008,ORD782008,Engine Oil,West,Delivered,2025-01-01,2025-01-06
SHP124009,ORD782009,Headphones,East,Delivered,2025-03-05,2025-03-13
SHP124010,ORD782010,Monitor,West,Delivered,2025-02-21,2025-02-24
SHP124011,ORD782011,Car Seat,North,In Transit,2025-05-22,2025-05-27
SHP124012,ORD782012,Laptop,West,Delivered,2025-04-09,2025-04-12
SHP124013,ORD782013,Shampoo,West,Delivered,2025-07-29,2025-08-04
SHP124014,ORD782014,Smartphone,East,Delivered,2025-07-13,2025-07-16
SHP124015,ORD782015,Other Product,North,Delivered,2025-06-15,2025-06-17
SHP124016,ORD782016,Jacket,North,Delivered,2025-09-12,2025-09-20
SHP124017,ORD782017,Monitor,West,Delivered,2025-05-09,2025-05-11
SHP124018,ORD782018,Keyboard,West,Delivered,2025-02-12,2025-02-17
SHP124019,ORD782019,Shampoo,East,Delivered,2025-03-30,2025-04-02
SHP124020,ORD782020,Keyboard,West,Delivered,2025-12-26,2025-12-31
SHP124021,ORD782021,T-Shirt,West,Delivered,2025-02-18,2025-02-25
SHP124022,ORD782022,Jacket,North,Delivered,2025-11-27,2025-11-29
SHP124023,ORD782023,Car Seat,West,Delivered,2025-04-01,2025-04-09
SHP124024,ORD782024,Dining Table,North,Delivered,2025-08-15,2025-08-18
SHP124025,ORD782025,Jeans,South,Delivered,2025-11-06,2025-11-14
SHP124026,ORD782026,Laptop,South,Delayed,2025-03-26,2025-03-30
SHP124027,ORD782027,Headphones,North,Delivered,2025-10-27,2025-10-30
SHP124028,ORD782028,Jeans,East,Delivered,2025-03-10,2025-03-15
SHP124029,ORD782029,Other Product,East,Delivered,2025-08-13,2025-08-16
SHP124030,ORD782030,Car Seat,East,Delivered,2025-08-14,2025-08-18
SHP124031,ORD782031,Other Product,West,In Transit,2025-03-18,2025-03-20
SHP124032,ORD782032,Sofa,East,Delivered,2025-10-04,2025-10-08
SHP124033,ORD782033,Engine Oil,East,Delivered,2025-01-21,2025-01-25
SHP124034,ORD782034,Headphones,East,Delivered,2025-06-08,2025-06-11
SHP124035,ORD782035,Monitor,East,Delayed,2025-11-19,2025-11-24
SHP124036,ORD782036,Face Cream,West,Delivered,2025-03-09,2025-03-17
SHP124037,ORD782037,T-Shirt,East,In Transit,2025-09-30,2025-10-04
SHP124038,ORD782038,Face Cream,South,Delivered,2025-07-19,2025-07-22
SHP124039,ORD782039,Engine Oil,North,Delivered,2025-08-13,2025-08-21
SHP124040,ORD782040,Keyboard,North,Delivered,2025-11-05,2025-11-09
SHP124041,ORD782041,Dining Table,West,Delivered,2025-08-02,2025-08-07
SHP124042,ORD782042,Face Cream,South,Delivered,2025-08-11,2025-08-14
SHP124043,ORD782043,Jacket,North,Delivered,2025-11-13,2025-11-16
SHP124044,ORD782044,Face Cream,North,Delivered,2025-03-03,2025-03-10
SHP124045,ORD782045,Jeans,West,Delivered,2025-02-07,2025-02-09
SHP124046,ORD782046,Car Seat,East,Delivered,2025-05-04,2025-05-09
SHP124047,ORD782047,Engine Oil,West,Delivered,2025-07-27,2025-07-31
SHP124048,ORD782048,Laptop,East,Delayed,2025-05-21,2025-05-24
SHP124049,ORD782049,Other Product,South,Delivered,2025-04-13,2025-04-17
SHP124050,ORD782050,Shampoo,West,Delivered,2025-03-07,2025-03-11
SHP124051,ORD782051,Headphones,West,Delivered,2025-08-20,2025-08-23
SHP124052,ORD782052,Car Seat,West,Delivered,2025-06-11,2025-06-15
SHP124053,ORD782053,Smartphone,East,Delivered,2025-12-10,2025-12-18
SHP124054,ORD782054,Shampoo,West,Delivered,2025-10-08,2025-10-11
SHP124055,ORD782055,Keyboard,North,Delivered,2025-09-15,2025-09-18
SHP124056,ORD782056,Headphones,East,Delivered,2025-06-07,2025-06-11
SHP124057,ORD782057,Car Seat,West,Delivered,2025-01-12,2025-01-15
SHP124058,ORD782058,Shampoo,North,Delivered,2025-10-05,2025-10-10
SHP124059,ORD782059,Car Seat,South,Delivered,2025-03-20,2025-03-25
SHP124060,ORD782060,Car Seat,East,Delivered,2025-01-24,2025-01-31
SHP124061,ORD782061,Smartphone,South,Delivered,2025-11-17,2025-11-22
SHP124062,ORD782062,Keyboard,West,Delivered,2025-08-30,2025-09-05
SHP124063,ORD782063,Jeans,North,Delivered,2025-12-12,2025-12-16
SHP124064,ORD782064,Keyboard,North,Delivered,2025-05-04,2025-05-09
SHP124065,ORD782065,Keyboard,West,In Transit,2025-03-14,2025-03-19
SHP124066,ORD782066,T-Shirt,East,Delivered,2025-06-29,2025-07-05
SHP124067,ORD782067,T-Shirt,North,Delivered,2025-12-16,2025-12-18
SHP124068,ORD782068,Headphones,East,Delivered,2025-09-05,2025-09-10
SHP124069,ORD782069,T-Shirt,East,In Transit,2025-08-04,2025-08-07
SHP124070,ORD782070,Other Product,East,Delivered,2025-03-26,2025-03-31
SHP124071,ORD782071,Monitor,North,Delayed,2025-12-12,2025-12-16
SHP124072,ORD782072,Jacket,East,Delivered,2025-03-12,2025-03-17
SHP124073,ORD782073,Smartphone,East,Delivered,2025-02-12,2025-02-17
SHP124074,ORD782074,Face Cream,East,Delivered,2025-01-19,2025-01-22
SHP124075,ORD782075,Dining Table,South,Delayed,2025-07-14,2025-07-18
SHP124076,ORD782076,Dining Table,South,Delivered,2025-01-02,2025-01-08
SHP124077,ORD782077,Headphones,North,Delivered,2025-05-25,2025-05-27
SHP124078,ORD782078,Other Product,North,Delivered,2025-08-08,2025-08-10
SHP124079,ORD782079,Shampoo,East,Delivered,2025-09-10,2025-09-14
SHP124080,ORD782080,Jeans,West,Delivered,2025-03-27,2025-03-31
SHP124081,ORD782081,Other Product,North,Delivered,2025-12-18,2025-12-23
SHP124082,ORD782082,Shampoo,West,In Transit,2025-06-08,2025-06-13
SHP124083,ORD782083,Headphones,East,Delivered,2025-06-04,2025-06-10
SHP124084,ORD782084,T-Shirt,South,Delayed,2025-06-06,2025-06-09
SHP124085,ORD782085,Headphones,West,Delivered,2025-11-25,2025-11-28
SHP124086,ORD782086,Jacket,East,Delivered,2025-10-11,2025-10-13
SHP124087,ORD782087,Smartphone,North,Delivered,2025-12-16,2025-12-20
SHP124088,ORD782088,Smartphone,East,Delivered,2025-06-03,2025-06-06
SHP124089,ORD782089,T-Shirt,East,Delivered,2025-06-10,2025-06-15
SHP124090,ORD782090,Keyboard,West,In Transit,2025-05-10,2025-05-18
SHP124091,ORD782091,Jeans,South,Delivered,2025-07-03,2025-07-05
SHP124092,ORD782092,Headphones,North,Delivered,2025-11-26,2025-11-28
SHP124093,ORD782093,Smartphone,West,Delivered,2025-05-12,2025-05-17
SHP124094,ORD782094,Other Product,West,Delivered,2025-07-28,2025-07-31
SHP124095,ORD782095,Face Cream,North,Delivered,2025-02-11,2025-02-16
SHP124096,ORD782096,Headphones,North,Delivered,2025-08-16,2025-08-21
SHP124097,ORD782097,Jeans,North,Delivered,2025-10-14,2025-10-18
SHP124098,ORD782098,Keyboard,East,Delivered,2025-09-02,2025-09-05
SHP124099,ORD782099,T-Shirt,South,Delivered,2025-12-23,2025-12-25
SHP124100,ORD782100,Shampoo,West,Delivered,2025-01-17,2025-01-20
SHP124101,ORD782101,Face Cream,South,In Transit,2025-04-25,2025-04-30
SHP124102,ORD782102,Smartphone,East,Delivered,2025-03-27,2025-03-31
SHP124103,ORD782103,Keyboard,South,Delivered,2025-08-02,2025-08-07
SHP124104,ORD782104,Smartphone,East,Delayed,2025-03-31,2025-04-03
SHP124105,ORD782105,Face Cream,South,Delivered,2025-03-27,2025-03-30
SHP124106,ORD782106,Face Cream,West,Delivered,2025-04-08,2025-04-12
SHP124107,ORD782107,Smartphone,North,Delivered,2025-02-12,2025-02-16
SHP124108,ORD782108,Jacket,West,Delivered,2025-07-28,2025-08-01
SHP124109,ORD782109,Other Product,East,Delivered,2025-06-10,2025-06-14
SHP124110,ORD782110,Dining Table,East,Delivered,2025-07-16,2025-07-20
SHP124111,ORD782111,Laptop,East,Delivered,2025-03-11,2025-03-15
SHP124112,ORD782112,T-Shirt,East,In Transit,2025-01-10,2025-01-14
SHP124113,ORD782113,Jacket,East,Delivered,2025-05-07,2025-05-12
SHP124114,ORD782114,Engine Oil,South,Delivered,2025-04-16,2025-04-19
SHP124115,ORD782115,Dining Table,North,Delivered,2025-10-28,2025-11-01
SHP124116,ORD782116,Smartphone,East,Delivered,2025-02-17,2025-02-23
SHP124117,ORD782117,Jeans,North,Delivered,2025-01-24,2025-01-30
SHP124118,ORD782118,Dining Table,South,Delivered,2025-07-30,2025-08-03
SHP124119,ORD782119,Engine Oil,South,Delivered,2025-10-06,2025-10-11
SHP124120,ORD782120,Monitor,North,Delivered,2025-12-23,2025-12-25
SHP124121,ORD782121,Headphones,North,Delivered,2025-05-11,2025-05-14
SHP124122,ORD782122,Headphones,East,Delivered,2025-03-28,2025-03-31
SHP124123,ORD782123,Keyboard,East,Delivered,2025-01-22,2025-01-26
SHP124124,ORD782124,Laptop,East,Delivered,2025-03-21,2025-03-25
SHP124125,ORD782125,Keyboard,West,Delivered,2025-08-15,2025-08-20
SHP124126,ORD782126,Other Product,South,Delivered,2025-04-04,2025-04-11
SHP124127,ORD782127,Laptop,South,Delivered,2025-03-09,2025-03-11
SHP124128,ORD782128,Dining Table,West,Delivered,2025-02-23,2025-02-27
SHP124129,ORD782129,Shampoo,West,Delivered,2025-12-03,2025-12-07
SHP124130,ORD782130,Headphones,West,Delivered,2025-06-26,2025-06-30
SHP124131,ORD782131,Shampoo,West,Delivered,2025-06-20,2025-06-27
SHP124132,ORD782132,Laptop,South,Delivered,2025-04-15,2025-04-17
SHP124133,ORD782133,Face Cream,North,Delivered,2025-05-28,2025-06-01
SHP124134,ORD782134,Monitor,West,Delivered,2025-06-11,2025-06-13
SHP124135,ORD782135,Jeans,South,Delivered,2025-06-19,2025-06-23
SHP124136,ORD782136,Smartphone,North,In Transit,2025-08-29,2025-09-01
SHP124137,ORD782137,Dining Table,North,Delivered,2025-10-01,2025-10-05
SHP124138,ORD782138,Dining Table,West,Delivered,2025-05-30,2025-06-03
SHP124139,ORD782139,Shampoo,South,Delivered,2025-12-15,2025-12-18
SHP124140,ORD782140,Keyboard,North,Delivered,2025-04-20,2025-04-22
SHP124141,ORD782141,Jacket,East,Delivered,2025-10-30,2025-11-06
SHP124142,ORD782142,T-Shirt,South,Delivered,2025-03-03,2025-03-09
SHP124143,ORD782143,Shampoo,North,Delivered,2025-04-20,2025-04-24
SHP124144,ORD782144,Headphones,South,Delivered,2025-03-07,2025-03-11
SHP124145,ORD782145,Dining Table,North,Delivered,2025-06-18,2025-06-21
SHP124146,ORD782146,Headphones,South,Delivered,2025-08-22,2025-08-26
SHP124147,ORD782147,T-Shirt,South,Delayed,2025-03-24,2025-03-29
SHP124148,ORD782148,Laptop,North,Delivered,2025-02-28,2025-03-03
SHP124149,ORD782149,Other Product,West,Delivered,2025-02-02,2025-02-05
SHP124150,ORD782150,T-Shirt,East,Delivered,2025-08-06,2025-08-10
SHP124151,ORD782151,Other Product,North,Delayed,2025-07-01,2025-07-03
SHP124152,ORD782152,Face Cream,West,Delivered,2025-11-08,2025-11-14
SHP124153,ORD782153,Engine Oil,East,Delivered,2025-07-19,2025-07-21
SHP124154,ORD782154,Smartphone,West,Delivered,2025-05-19,2025-05-23
SHP124155,ORD782155,Laptop,East,Delivered,2025-12-19,2025-12-23
SHP124156,ORD782156,Engine Oil,West,Delivered,2025-06-15,2025-06-22
SHP124157,ORD782157,Dining Table,West,Delivered,2025-06-10,2025-06-15
SHP124158,ORD782158,Monitor,East,Delivered,2025-02-09,2025-02-14
SHP124159,ORD782159,Jeans,South,Delivered,2025-07-12,2025-07-17
SHP124160,ORD782160,Smartphone,North,Delivered,2025-01-01,2025-01-06
SHP124161,ORD782161,Other Product,North,Delivered,2025-02-15,2025-02-19
SHP124162,ORD782162,Dining Table,West,Delivered,2025-08-21,2025-08-24
SHP124163,ORD782163,Jeans,West,Delivered,2025-05-11,2025-05-14
SHP124164,ORD782164,Jeans,West,Delivered,2025-12-26,2025-12-29
SHP124165,ORD782165,Car Seat,North,Delivered,2025-06-02,2025-06-05
SHP124166,ORD782166,Car Seat,South,Delivered,2025-09-18,2025-09-22
SHP124167,ORD782167,Engine Oil,South,In Transit,2025-09-10,2025-09-12
SHP124168,ORD782168,Other Product,East,Delivered,2025-04-10,2025-04-12
SHP124169,ORD782169,Car Seat,North,Delivered,2025-04-19,2025-04-21
SHP124170,ORD782170,Keyboard,East,Delivered,2025-01-09,2025-01-15
SHP124171,ORD782171,Dining Table,South,Delivered,2025-11-12,2025-11-14
SHP124172,ORD782172,Car Seat,West,Delivered,2025-03-14,2025-03-17
SHP124173,ORD782173,Dining Table,East,Delivered,2025-12-09,2025-12-12
SHP124174,ORD782174,Dining Table,East,Delivered,2025-11-10,2025-11-13
SHP124175,ORD782175,Jeans,East,Delivered,2025-01-29,2025-02-05
SHP124176,ORD782176,Laptop,South,Delivered,2025-06-20,2025-06-22
SHP124177,ORD782177,Sofa,West,Delivered,2025-11-09,2025-11-15
SHP124178,ORD782178,Face Cream,North,Delivered,2025-02-22,2025-02-28
SHP124179,ORD782179,Smartphone,North,Delivered,2025-02-22,2025-02-28
SHP124180,ORD782180,Keyboard,South,Delivered,2025-04-02,2025-04-10
SHP124181,ORD782181,Jeans,South,Delivered,2025-08-13,2025-08-18
SHP124182,ORD782182,Car Seat,West,Delivered,2025-07-02,2025-07-05
SHP124183,ORD782183,Headphones,East,Delivered,2025-06-04,2025-06-06
SHP124184,ORD782184,Face Cream,West,Delivered,2025-02-06,2025-02-13
SHP124185,ORD782185,Shampoo,East,Delivered,2025-04-25,2025-04-29
SHP124186,ORD782186,Other Product,South,Delivered,2025-08-02,2025-08-08
SHP124187,ORD782187,Smartphone,South,Delivered,2025-07-30,2025-08-02
SHP124188,ORD782188,Sofa,North,Delivered,2025-01-22,2025-01-25
SHP124189,ORD782189,Other Product,South,Delivered,2025-08-16,2025-08-20
SHP124190,ORD782190,T-Shirt,West,In Transit,2025-05-12,2025-05-16
SHP124191,ORD782191,Other Product,East,Delivered,2025-11-02,2025-11-06
SHP124192,ORD782192,Face Cream,East,Delivered,2025-07-17,2025-07-20
SHP124193,ORD782193,Face Cream,East,Delivered,2025-03-24,2025-03-29
SHP124194,ORD782194,Sofa,North,Delivered,2025-01-13,2025-01-16
SHP124195,ORD782195,Engine Oil,East,Delivered,2025-08-05,2025-08-07
SHP124196,ORD782196,Jacket,North,Delayed,2025-06-27,2025-07-01
SHP124197,ORD782197,Dining Table,East,Delivered,2025-12-03,2025-12-06
SHP124198,ORD782198,Other Product,West,Delivered,2025-02-27,2025-03-02
SHP124199,ORD782199,Jacket,West,Delivered,2025-06-26,2025-06-28
SHP124200,ORD782200,Smartphone,North,Delivered,2025-09-15,2025-09-20
SHP124201,ORD782201,Keyboard,West,Delivered,2025-03-02,2025-03-07
SHP124202,ORD782202,Other Product,East,Delivered,2025-11-26,2025-11-28
SHP124203,ORD782203,Face Cream,East,Delivered,2025-04-07,2025-04-12
SHP124204,ORD782204,Laptop,West,Delivered,2025-09-25,2025-09-29
SHP124205,ORD782205,Monitor,West,Delivered,2025-01-12,2025-01-18
SHP124206,ORD782206,Sofa,East,Delivered,2025-06-04,2025-06-09
SHP124207,ORD782207,Laptop,North,Delivered,2025-08-28,2025-08-31
SHP124208,ORD782208,Dining Table,South,Delivered,2025-08-11,2025-08-15
SHP124209,ORD782209,Car Seat,North,Delivered,2025-04-10,2025-04-18
SHP124210,ORD782210,Engine Oil,North,Delivered,2025-12-17,2025-12-20
SHP124211,ORD782211,Monitor,West,Delivered,2025-08-04,2025-08-06
SHP124212,ORD782212,Keyboard,North,Delivered,2025-09-24,2025-09-27
SHP124213,ORD782213,Dining Table,West,Delivered,2025-06-17,2025-06-20
SHP124214,ORD782214,Car Seat,South,Delivered,2025-03-25,2025-03-28
SHP124215,ORD782215,Sofa,North,Delivered,2025-04-05,2025-04-09
SHP124216,ORD782216,Other Product,North,Delivered,2025-06-15,2025-06-20
SHP124217,ORD782217,Dining Table,West,Delivered,2025-04-01,2025-04-05
SHP124218,ORD782218,Laptop,North,Delivered,2025-01-10,2025-01-14
SHP124219,ORD782219,Laptop,West,Delivered,2025-10-27,2025-10-31
SHP124220,ORD782220,Smartphone,East,Delivered,2025-02-01,2025-02-08
SHP124221,ORD782221,Car Seat,South,Delivered,2025-10-06,2025-10-10
SHP124222,ORD782222,Car Seat,East,Delivered,2025-03-08,2025-03-11
SHP124223,ORD782223,Face Cream,East,In Transit,2025-08-18,2025-08-21
SHP124224,ORD782224,Sofa,North,Delivered,2025-12-23,2025-12-28
SHP124225,ORD782225,Jacket,North,Delivered,2025-03-03,2025-03-08
SHP124226,ORD782226,Car Seat,West,In Transit,2025-09-30,2025-10-04
SHP124227,ORD782227,Keyboard,East,Delivered,2025-09-30,2025-10-06
SHP124228,ORD782228,Monitor,East,Delivered,2025-06-30,2025-07-03
SHP124229,ORD782229,Jacket,East,Delivered,2025-11-30,2025-12-03
SHP124230,ORD782230,Headphones,South,Delivered,2025-03-14,2025-03-21
SHP124231,ORD782231,T-Shirt,East,Delivered,2025-03-04,2025-03-07
SHP124232,ORD782232,Dining Table,East,Delivered,2025-04-20,2025-04-22
SHP124233,ORD782233,Face Cream,East,Delivered,2025-07-04,2025-07-06
SHP124234,ORD782234,Engine Oil,South,Delivered,2025-05-15,2025-05-18
SHP124235,ORD782235,Jeans,North,Delivered,2025-10-13,2025-10-16
SHP124236,ORD782236,Monitor,North,Delivered,2025-07-15,2025-07-21
SHP124237,ORD782237,Keyboard,East,Delivered,2025-01-16,2025-01-21
SHP124238,ORD782238,Engine Oil,East,Delivered,2025-04-25,2025-05-02
SHP124239,ORD782239,Shampoo,North,Delivered,2025-04-16,2025-04-20
SHP124240,ORD782240,Keyboard,West,Delivered,2025-10-21,2025-10-25
SHP124241,ORD782241,Keyboard,East,Delivered,2025-09-03,2025-09-11
SHP124242,ORD782242,Jeans,South,Delivered,2025-11-28,2025-12-03
SHP124243,ORD782243,Keyboard,North,Delivered,2025-02-11,2025-02-15
SHP124244,ORD782244,Monitor,North,Delivered,2025-10-22,2025-10-26
SHP124245,ORD782245,Monitor,North,Delivered,2025-12-14,2025-12-17
SHP124246,ORD782246,Jeans,South,Delivered,2025-10-28,2025-10-31
SHP124247,ORD782247,Face Cream,South,Delivered,2025-04-15,2025-04-23
SHP124248,ORD782248,Laptop,North,Delayed,2025-12-29,2026-01-02
SHP124249,ORD782249,Jacket,East,Delivered,2025-12-20,2025-12-25
SHP124250,ORD782250,Engine Oil,East,Delivered,2025-11-29,2025-12-05
SHP124251,ORD782251,Engine Oil,West,Delivered,2025-02-14,2025-02-17
SHP124252,ORD782252,Smartphone,North,Delivered,2025-06-30,2025-07-02
SHP124253,ORD782253,Face Cream,West,Delivered,2025-06-15,2025-06-22
SHP124254,ORD782254,Shampoo,North,Delivered,2025-07-03,2025-07-09
SHP124255,ORD782255,Sofa,West,In Transit,2025-12-24,2025-12-30
SHP124256,ORD782256,Headphones,South,Delivered,2025-10-06,2025-10-12
SHP124257,ORD782257,Sofa,North,Delivered,2025-05-22,2025-05-24
SHP124258,ORD782258,Shampoo,South,Delivered,2025-01-19,2025-01-27
SHP124259,ORD782259,Headphones,South,Delivered,2025-03-10,2025-03-16
SHP124260,ORD782260,Jacket,East,Delivered,2025-03-05,2025-03-09
SHP124261,ORD782261,Sofa,West,Delivered,2025-07-13,2025-07-17
SHP124262,ORD782262,Jeans,South,Delivered,2025-01-25,2025-01-29
SHP124263,ORD782263,Laptop,West,Delivered,2025-08-14,2025-08-17
SHP124264,ORD782264,Jeans,East,Delivered,2025-04-29,2025-05-03
SHP124265,ORD782265,Face Cream,East,Delivered,2025-12-05,2025-12-08
SHP124266,ORD782266,Sofa,West,Delivered,2025-04-20,2025-04-24
SHP124267,ORD782267,Car Seat,West,Delivered,2025-11-20,2025-11-24
SHP124268,ORD782268,Shampoo,West,Delivered,2025-12-30,2026-01-02
SHP124269,ORD782269,Engine Oil,East,Delivered,2025-07-22,2025-07-28
SHP124270,ORD782270,Car Seat,North,Delivered,2025-06-11,2025-06-14
SHP124271,ORD782271,T-Shirt,North,Delivered,2025-02-09,2025-02-17
SHP124272,ORD782272,Jacket,West,Delivered,2025-07-21,2025-07-26
SHP124273,ORD782273,Dining Table,North,Delivered,2025-03-09,2025-03-13
SHP124274,ORD782274,Headphones,West,Delivered,2025-03-25,2025-03-28
SHP124275,ORD782275,Dining Table,South,Delivered,2025-05-01,2025-05-06
SHP124276,ORD782276,Headphones,North,Delivered,2025-01-03,2025-01-05
SHP124277,ORD782277,Keyboard,North,Delivered,2025-02-20,2025-02-22
SHP124278,ORD782278,Sofa,South,Delivered,2025-12-07,2025-12-11
SHP124279,ORD782279,Headphones,East,Delivered,2025-02-14,2025-02-17
SHP124280,ORD782280,Headphones,East,Delivered,2025-07-06,2025-07-10
SHP124281,ORD782281,Monitor,North,Delivered,2025-11-09,2025-11-14
SHP124282,ORD782282,Headphones,South,Delivered,2025-05-04,2025-05-10
SHP124283,ORD782283,Keyboard,West,In Transit,2025-10-13,2025-10-21
SHP124284,ORD782284,Car Seat,North,Delivered,2025-08-07,2025-08-10
SHP124285,ORD782285,T-Shirt,North,Delivered,2025-03-15,2025-03-18
SHP124286,ORD782286,Dining Table,South,Delivered,2025-10-15,2025-10-20
SHP124287,ORD782287,Smartphone,North,Delivered,2025-03-11,2025-03-14
SHP124288,ORD782288,Car Seat,North,Delivered,2025-06-02,2025-06-06
SHP124289,ORD782289,Monitor,North,Delivered,2025-08-26,2025-09-03
SHP124290,ORD782290,Laptop,South,Delivered,2025-10-14,2025-10-18
SHP124291,ORD782291,Jeans,South,Delivered,2025-03-18,2025-03-22
SHP124292,ORD782292,Shampoo,South,Delivered,2025-11-15,2025-11-22
SHP124293,ORD782293,T-Shirt,West,Delivered,2025-05-12,2025-05-18
SHP124294,ORD782294,Other Product,South,Delivered,2025-04-23,2025-04-28
SHP124295,ORD782295,Headphones,South,Delivered,2025-07-23,2025-07-29
SHP124296,ORD782296,Shampoo,South,Delivered,2025-07-22,2025-07-26
SHP124297,ORD782297,Sofa,East,Delivered,2025-03-29,2025-04-02
SHP124298,ORD782298,Monitor,North,Delivered,2025-04-24,2025-04-26
SHP124299,ORD782299,Car Seat,East,Delivered,2025-11-21,2025-11-23
SHP124300,ORD782300,Car Seat,South,Delivered,2025-08-15,2025-08-21
SHP124301,ORD782301,Smartphone,East,Delayed,2025-12-17,2025-12-20
SHP124302,ORD782302,Jeans,West,Delivered,2025-07-13,2025-07-21
SHP124303,ORD782303,Headphones,West,Delivered,2025-01-06,2025-01-10
SHP124304,ORD782304,Jeans,South,Delivered,2025-11-04,2025-11-08
SHP124305,ORD782305,Jacket,East,In Transit,2025-02-16,2025-02-22
SHP124306,ORD782306,Other Product,South,Delivered,2025-10-21,2025-10-23
SHP124307,ORD782307,Smartphone,South,Delivered,2025-11-17,2025-11-21
SHP124308,ORD782308,Sofa,South,In Transit,2025-11-16,2025-11-22
SHP124309,ORD782309,Jeans,West,Delayed,2025-01-19,2025-01-24
SHP124310,ORD782310,Dining Table,West,Delivered,2025-06-23,2025-06-28
SHP124311,ORD782311,Headphones,South,Delivered,2025-12-08,2025-12-14
SHP124312,ORD782312,Jacket,North,Delivered,2025-07-19,2025-07-21
SHP124313,ORD782313,T-Shirt,South,Delivered,2025-04-03,2025-04-06
SHP124314,ORD782314,Dining Table,South,Delivered,2025-05-07,2025-05-12
SHP124315,ORD782315,Sofa,North,Delivered,2025-06-11,2025-06-14
SHP124316,ORD782316,Sofa,North,Delivered,2025-09-05,2025-09-07
SHP124317,ORD782317,Laptop,South,Delivered,2025-05-09,2025-05-12
SHP124318,ORD782318,Engine Oil,South,Delivered,2025-04-09,2025-04-15
SHP124319,ORD782319,Other Product,South,Delivered,2025-12-07,2025-12-09
SHP124320,ORD782320,Sofa,South,Delivered,2025-05-15,2025-05-19
SHP124321,ORD782321,Headphones,West,Delivered,2025-06-16,2025-06-18
SHP124322,ORD782322,Car Seat,West,Delayed,2025-04-23,2025-04-25
SHP124323,ORD782323,Engine Oil,West,Delivered,2025-01-21,2025-01-26
SHP124324,ORD782324,Other Product,South,Delivered,2025-06-14,2025-06-18
SHP124325,ORD782325,Other Product,West,Delayed,2025-09-22,2025-09-28
SHP124326,ORD782326,Keyboard,South,Delivered,2025-05-14,2025-05-19
SHP124327,ORD782327,Smartphone,East,Delivered,2025-11-04,2025-11-11
SHP124328,ORD782328,Dining Table,East,Delivered,2025-05-06,2025-05-13
SHP124329,ORD782329,Monitor,North,Delivered,2025-05-17,2025-05-19
SHP124330,ORD782330,Shampoo,South,Delivered,2025-05-12,2025-05-18
SHP124331,ORD782331,Laptop,West,Delivered,2025-10-17,2025-10-19
SHP124332,ORD782332,Jacket,South,Delivered,2025-10-10,2025-10-15
SHP124333,ORD782333,Sofa,East,Delivered,2025-03-04,2025-03-09
SHP124334,ORD782334,Shampoo,West,Delivered,2025-04-28,2025-05-04
SHP124335,ORD782335,Shampoo,South,In Transit,2025-05-26,2025-05-29
SHP124336,ORD782336,Laptop,West,Delivered,2025-01-27,2025-01-30
SHP124337,ORD782337,Engine Oil,East,Delivered,2025-03-23,2025-03-29
SHP124338,ORD782338,Laptop,North,Delivered,2025-10-05,2025-10-08
SHP124339,ORD782339,Sofa,South,Delivered,2025-06-21,2025-06-29
SHP124340,ORD782340,Keyboard,West,Delivered,2025-11-08,2025-11-11
SHP124341,ORD782341,Dining Table,South,Delayed,2025-01-12,2025-01-17
SHP124342,ORD782342,Car Seat,South,Delivered,2025-12-13,2025-12-18
SHP124343,ORD782343,Car Seat,North,Delivered,2025-10-19,2025-10-23
SHP124344,ORD782344,Dining Table,South,Delivered,2025-04-20,2025-04-24
SHP124345,ORD782345,T-Shirt,West,Delivered,2025-06-01,2025-06-06
SHP124346,ORD782346,Headphones,East,Delivered,2025-01-13,2025-01-17
SHP124347,ORD782347,Face Cream,South,Delivered,2025-09-01,2025-09-03
SHP124348,ORD782348,Keyboard,East,Delivered,2025-03-15,2025-03-21
SHP124349,ORD782349,Shampoo,North,Delivered,2025-09-25,2025-09-29
SHP124350,ORD782350,Sofa,North,Delivered,2025-01-23,2025-01-26
SHP124351,ORD782351,Keyboard,South,Delivered,2025-03-05,2025-03-12
SHP124352,ORD782352,Other Product,North,Delivered,2025-04-25,2025-04-27
SHP124353,ORD782353,Sofa,West,Delivered,2025-10-20,2025-10-23
SHP124354,ORD782354,Shampoo,West,Delivered,2025-10-10,2025-10-14
SHP124355,ORD782355,Headphones,South,Delivered,2025-02-19,2025-02-24
SHP124356,ORD782356,Keyboard,South,Delivered,2025-10-18,2025-10-23
SHP124357,ORD782357,Laptop,South,Delivered,2025-02-13,2025-02-17
SHP124358,ORD782358,Sofa,North,Delayed,2025-06-04,2025-06-11
SHP124359,ORD782359,Monitor,North,Delivered,2025-04-07,2025-04-10
SHP124360,ORD782360,Dining Table,West,Delayed,2025-05-10,2025-05-12
SHP124361,ORD782361,Keyboard,South,Delivered,2025-01-03,2025-01-07
SHP124362,ORD782362,Jeans,South,Delivered,2025-10-07,2025-10-12
SHP124363,ORD782363,Engine Oil,North,Delivered,2025-05-29,2025-06-03
SHP124364,ORD782364,Monitor,East,Delivered,2025-06-15,2025-06-20
SHP124365,ORD782365,Car Seat,South,Delivered,2025-09-04,2025-09-06
SHP124366,ORD782366,Jeans,North,Delivered,2025-09-08,2025-09-12
SHP124367,ORD782367,Jeans,North,Delivered,2025-04-18,2025-04-21
SHP124368,ORD782368,Engine Oil,East,Delivered,2025-07-10,2025-07-12
SHP124369,ORD782369,Other Product,North,In Transit,2025-02-09,2025-02-17
SHP124370,ORD782370,Dining Table,North,Delivered,2025-11-23,2025-11-29
SHP124371,ORD782371,Laptop,West,Delivered,2025-01-18,2025-01-21
SHP124372,ORD782372,Jacket,South,In Transit,2025-03-31,2025-04-04
SHP124373,ORD782373,T-Shirt,East,Delayed,2025-09-30,2025-10-04
SHP124374,ORD782374,Monitor,North,Delivered,2025-06-17,2025-06-22
SHP124375,ORD782375,Other Product,East,Delivered,2025-08-21,2025-08-26
SHP124376,ORD782376,Face Cream,North,Delivered,2025-02-06,2025-02-10
SHP124377,ORD782377,Other Product,East,Delivered,2025-11-18,2025-11-22
SHP124378,ORD782378,Shampoo,South,Delivered,2025-03-28,2025-04-01
SHP124379,ORD782379,Smartphone,South,Delivered,2025-11-13,2025-11-17
SHP124380,ORD782380,Car Seat,East,Delivered,2025-10-17,2025-10-22
SHP124381,ORD782381,Other Product,South,Delivered,2025-09-21,2025-09-27
SHP124382,ORD782382,Smartphone,North,Delivered,2025-12-03,2025-12-09
SHP124383,ORD782383,Engine Oil,North,Delivered,2025-10-31,2025-11-05
SHP124384,ORD782384,Car Seat,East,Delivered,2025-07-28,2025-08-03
SHP124385,ORD782385,Smartphone,East,Delivered,2025-04-15,2025-04-20
SHP124386,ORD782386,T-Shirt,East,Delivered,2025-04-04,2025-04-08
SHP124387,ORD782387,Engine Oil,West,Delivered,2025-01-18,2025-01-24
SHP124388,ORD782388,Face Cream,North,Delivered,2025-02-18,2025-02-22
SHP124389,ORD782389,Jacket,West,Delivered,2025-09-09,2025-09-13
SHP124390,ORD782390,Smartphone,West,Delivered,2025-01-24,2025-01-28
SHP124391,ORD782391,T-Shirt,West,Delivered,2025-09-26,2025-10-01
SHP124392,ORD782392,Laptop,South,Delivered,2025-03-01,2025-03-03
SHP124393,ORD782393,Dining Table,West,In Transit,2025-05-08,2025-05-13
SHP124394,ORD782394,Other Product,West,Delivered,2025-06-14,2025-06-16
SHP124395,ORD782395,Face Cream,North,Delivered,2025-02-09,2025-02-13
SHP124396,ORD782396,Car Seat,East,Delivered,2025-08-15,2025-08-20
SHP124397,ORD782397,Sofa,South,Delivered,2025-06-26,2025-06-30
SHP124398,ORD782398,Smartphone,South,Delivered,2025-03-28,2025-04-05
SHP124399,ORD782399,Smartphone,North,Delivered,2025-01-01,2025-01-05
SHP124400,ORD782400,Sofa,East,Delivered,2025-12-12,2025-12-19
SHP124401,ORD782401,Car Seat,North,Delivered,2025-03-20,2025-03-26
SHP124402,ORD782402,Smartphone,North,Delayed,2025-09-21,2025-09-25
SHP124403,ORD782403,Shampoo,West,Delivered,2025-12-07,2025-12-14
SHP124404,ORD782404,Laptop,West,Delivered,2025-07-04,2025-07-07
SHP124405,ORD782405,Face Cream,West,Delivered,2025-04-15,2025-04-18
SHP124406,ORD782406,Sofa,North,Delivered,2025-03-02,2025-03-06
SHP124407,ORD782407,Other Product,South,Delivered,2025-07-22,2025-07-27
SHP124408,ORD782408,Dining Table,West,Delivered,2025-12-25,2025-12-29
SHP124409,ORD782409,Monitor,North,Delivered,2025-04-01,2025-04-04
SHP124410,ORD782410,Keyboard,South,Delivered,2025-12-05,2025-12-08
SHP124411,ORD782411,Smartphone,East,Delivered,2025-03-12,2025-03-18
SHP124412,ORD782412,Jacket,West,Delivered,2025-03-31,2025-04-06
SHP124413,ORD782413,Headphones,West,Delivered,2025-09-24,2025-09-28
SHP124414,ORD782414,Laptop,East,Delivered,2025-04-14,2025-04-22
SHP124415,ORD782415,Jeans,North,Delivered,2025-06-25,2025-06-28
SHP124416,ORD782416,Laptop,North,Delivered,2025-10-14,2025-10-19
SHP124417,ORD782417,Engine Oil,East,Delivered,2025-03-30,2025-04-03
SHP124418,ORD782418,Other Product,East,Delivered,2025-08-15,2025-08-18
SHP124419,ORD782419,Jacket,West,Delivered,2025-01-11,2025-01-14
SHP124420,ORD782420,Smartphone,North,Delivered,2025-06-25,2025-06-27
SHP124421,ORD782421,Jeans,East,Delivered,2025-05-20,2025-05-28
SHP124422,ORD782422,T-Shirt,West,Delivered,2025-03-15,2025-03-19
SHP124423,ORD782423,Laptop,East,Delivered,2025-12-06,2025-12-09
SHP124424,ORD782424,Face Cream,North,Delivered,2025-07-22,2025-07-27
SHP124425,ORD782425,Smartphone,East,Delivered,2025-08-13,2025-08-20
SHP124426,ORD782426,Engine Oil,West,Delivered,2025-02-17,2025-02-21
SHP124427,ORD782427,T-Shirt,East,Delivered,2025-10-26,2025-10-31
SHP124428,ORD782428,T-Shirt,South,Delivered,2025-03-28,2025-04-03
SHP124429,ORD782429,Shampoo,West,Delivered,2025-12-14,2025-12-22
SHP124430,ORD782430,Other Product,East,Delivered,2025-07-29,2025-07-31
SHP124431,ORD782431,Smartphone,West,Delivered,2025-12-24,2025-12-29
SHP124432,ORD782432,Face Cream,West,Delivered,2025-04-07,2025-04-12
SHP124433,ORD782433,Keyboard,West,Delivered,2025-04-06,2025-04-09
SHP124434,ORD782434,Dining Table,East,Delivered,2025-08-03,2025-08-06
SHP124435,ORD782435,Face Cream,North,Delivered,2025-02-26,2025-03-04
SHP124436,ORD782436,Dining Table,South,Delivered,2025-07-18,2025-07-22
SHP124437,ORD782437,Monitor,North,Delivered,2025-08-01,2025-08-05
SHP124438,ORD782438,Headphones,South,Delivered,2025-05-25,2025-05-28
SHP124439,ORD782439,Sofa,South,Delivered,2025-09-09,2025-09-13
SHP124440,ORD782440,Shampoo,South,Delivered,2025-03-16,2025-03-24
SHP124441,ORD782441,Engine Oil,South,Delivered,2025-06-27,2025-07-05
SHP124442,ORD782442,Shampoo,North,Delivered,2025-12-16,2025-12-21
SHP124443,ORD782443,Dining Table,West,Delivered,2025-05-07,2025-05-11
SHP124444,ORD782444,Shampoo,East,Delivered,2025-01-25,2025-01-28
SHP124445,ORD782445,Jacket,North,Delivered,2025-03-10,2025-03-18
SHP124446,ORD782446,Jacket,West,Delivered,2025-08-14,2025-08-17
SHP124447,ORD782447,T-Shirt,North,Delivered,2025-08-14,2025-08-21
SHP124448,ORD782448,Jacket,East,Delivered,2025-01-10,2025-01-12
SHP124449,ORD782449,Headphones,East,Delivered,2025-08-10,2025-08-14
SHP124450,ORD782450,Jacket,West,Delivered,2025-07-20,2025-07-23
SHP124451,ORD782451,Shampoo,South,Delivered,2025-07-04,2025-07-08
SHP124452,ORD782452,Shampoo,South,Delivered,2025-03-07,2025-03-15
SHP124453,ORD782453,Jeans,East,Delivered,2025-02-14,2025-02-18
SHP124454,ORD782454,Laptop,North,In Transit,2025-04-17,2025-04-19
SHP124455,ORD782455,Headphones,East,Delivered,2025-02-09,2025-02-13
SHP124456,ORD782456,Dining Table,North,Delivered,2025-10-22,2025-10-30
SHP124457,ORD782457,Smartphone,West,Delivered,2025-09-16,2025-09-20
SHP124458,ORD782458,Other Product,East,Delivered,2025-07-11,2025-07-14
SHP124459,ORD782459,Headphones,South,Delivered,2025-05-16,2025-05-24
SHP124460,ORD782460,Smartphone,East,In Transit,2025-04-23,2025-04-26
SHP124461,ORD782461,Laptop,West,Delivered,2025-12-09,2025-12-13
SHP124462,ORD782462,Sofa,East,Delivered,2025-07-19,2025-07-23
SHP124463,ORD782463,Jacket,West,Delivered,2025-09-08,2025-09-12
SHP124464,ORD782464,Engine Oil,South,Delivered,2025-05-08,2025-05-11
SHP124465,ORD782465,Keyboard,North,Delivered,2025-01-21,2025-01-23
SHP124466,ORD782466,Headphones,West,Delivered,2025-12-29,2026-01-02
SHP124467,ORD782467,Engine Oil,West,Delivered,2025-05-11,2025-05-17
SHP124468,ORD782468,Jeans,North,Delivered,2025-07-29,2025-08-02
SHP124469,ORD782469,Car Seat,South,Delivered,2025-12-16,2025-12-20
SHP124470,ORD782470,Jeans,East,Delivered,2025-03-26,2025-03-29
SHP124471,ORD782471,Jeans,East,Delivered,2025-07-31,2025-08-04
SHP124472,ORD782472,Smartphone,South,Delivered,2025-01-17,2025-01-22
SHP124473,ORD782473,Monitor,South,Delivered,2025-07-25,2025-08-01
SHP124474,ORD782474,Jacket,West,Delivered,2025-10-31,2025-11-02
SHP124475,ORD782475,Other Product,East,Delayed,2025-07-01,2025-07-04
SHP124476,ORD782476,Other Product,North,Delivered,2025-03-28,2025-04-02
SHP124477,ORD782477,Engine Oil,West,Delivered,2025-08-09,2025-08-16
SHP124478,ORD782478,Face Cream,East,Delivered,2025-03-10,2025-03-12
SHP124479,ORD782479,Car Seat,East,Delivered,2025-06-24,2025-07-01
SHP124480,ORD782480,Face Cream,West,Delivered,2025-07-29,2025-08-01
SHP124481,ORD782481,Shampoo,South,Delivered,2025-08-23,2025-08-25
SHP124482,ORD782482,Jeans,North,Delivered,2025-03-07,2025-03-13
SHP124483,ORD782483,Engine Oil,North,Delivered,2025-03-17,2025-03-20
SHP124484,ORD782484,Jeans,North,Delivered,2025-08-30,2025-09-02
SHP124485,ORD782485,Car Seat,East,In Transit,2025-02-22,2025-03-01
SHP124486,ORD782486,Laptop,West,Delivered,2025-03-17,2025-03-20
SHP124487,ORD782487,Smartphone,East,In Transit,2025-10-23,2025-10-27
SHP124488,ORD782488,Car Seat,South,Delivered,2025-02-13,2025-02-16
SHP124489,ORD782489,Car Seat,North,Delivered,2025-11-26,2025-11-29
SHP124490,ORD782490,Keyboard,East,Delivered,2025-09-08,2025-09-12
SHP124491,ORD782491,Keyboard,South,Delivered,2025-02-13,2025-02-18
SHP124492,ORD782492,Sofa,East,Delivered,2025-02-14,2025-02-18
SHP124493,ORD782493,Headphones,East,Delivered,2025-02-20,2025-02-27
SHP124494,ORD782494,Smartphone,West,Delivered,2025-10-28,2025-11-02
SHP124495,ORD782495,Keyboard,West,Delivered,2025-03-20,2025-03-25
SHP124496,ORD782496,Smartphone,West,Delayed,2025-09-20,2025-09-24
SHP124497,ORD782497,Sofa,North,Delivered,2025-05-24,2025-05-28
SHP124498,ORD782498,Laptop,East,Delivered,2025-08-21,2025-08-25
SHP124499,ORD782499,Keyboard,East,Delayed,2025-11-18,2025-11-22
SHP124500,ORD782500,Monitor,North,Delivered,2025-02-11,2025-02-15
SHP124501,ORD782501,Laptop,South,Delivered,2025-06-30,2025-07-04
SHP124502,ORD782502,Keyboard,North,Delivered,2025-02-13,2025-02-17
SHP124503,ORD782503,Other Product,East,Delivered,2025-01-20,2025-01-24
SHP124504,ORD782504,Jeans,South,Delivered,2025-03-01,2025-03-08
SHP124505,ORD782505,Sofa,West,Delivered,2025-07-13,2025-07-17
SHP124506,ORD782506,Dining Table,North,Delivered,2025-11-24,2025-11-28
SHP124507,ORD782507,Smartphone,North,Delivered,2025-11-05,2025-11-09
SHP124508,ORD782508,Shampoo,East,Delivered,2025-10-08,2025-10-12
SHP124509,ORD782509,Engine Oil,North,Delivered,2025-09-21,2025-09-24
SHP124510,ORD782510,Shampoo,South,Delivered,2025-03-07,2025-03-10
SHP124511,ORD782511,T-Shirt,East,Delayed,2025-08-15,2025-08-19
SHP124512,ORD782512,Sofa,North,Delivered,2025-12-04,2025-12-11
SHP124513,ORD782513,Laptop,East,Delivered,2025-01-01,2025-01-04
SHP124514,ORD782514,Shampoo,South,Delivered,2025-11-19,2025-11-24
SHP124515,ORD782515,Monitor,South,Delivered,2025-10-17,2025-10-21
SHP124516,ORD782516,Jacket,North,Delivered,2025-04-13,2025-04-20
SHP124517,ORD782517,Monitor,West,Delivered,2025-08-23,2025-08-27
SHP124518,ORD782518,Dining Table,East,In Transit,2025-02-11,2025-02-13
SHP124519,ORD782519,Other Product,South,Delivered,2025-04-11,2025-04-16
SHP124520,ORD782520,Dining Table,West,Delivered,2025-08-23,2025-08-27
SHP124521,ORD782521,Engine Oil,West,Delivered,2025-06-03,2025-06-08
SHP124522,ORD782522,Jacket,East,In Transit,2025-03-15,2025-03-19
SHP124523,ORD782523,Engine Oil,East,Delivered,2025-10-08,2025-10-13
SHP124524,ORD782524,Sofa,North,In Transit,2025-10-14,2025-10-18
SHP124525,ORD782525,Jeans,West,Delivered,2025-12-22,2025-12-27
SHP124526,ORD782526,Face Cream,South,In Transit,2025-12-26,2025-12-28
SHP124527,ORD782527,Car Seat,South,Delivered,2025-01-29,2025-02-01
SHP124528,ORD782528,Engine Oil,South,Delivered,2025-09-22,2025-09-27
SHP124529,ORD782529,T-Shirt,South,Delivered,2025-01-28,2025-02-02
SHP124530,ORD782530,Dining Table,East,Delivered,2025-06-07,2025-06-12
SHP124531,ORD782531,Car Seat,East,Delivered,2025-09-29,2025-10-03
SHP124532,ORD782532,Keyboard,South,Delivered,2025-09-21,2025-09-27
SHP124533,ORD782533,Jacket,West,Delivered,2025-11-30,2025-12-05
SHP124534,ORD782534,Jeans,East,Delivered,2025-07-30,2025-08-01
SHP124535,ORD782535,Shampoo,South,Delivered,2025-06-05,2025-06-12
SHP124536,ORD782536,Other Product,North,Delivered,2025-07-18,2025-07-22
SHP124537,ORD782537,Keyboard,North,Delivered,2025-05-15,2025-05-20
SHP124538,ORD782538,Face Cream,East,Delivered,2025-12-28,2026-01-01
SHP124539,ORD782539,Face Cream,East,Delivered,2025-06-16,2025-06-18
SHP124540,ORD782540,Smartphone,East,Delivered,2025-12-20,2025-12-24
SHP124541,ORD782541,Engine Oil,South,Delivered,2025-09-03,2025-09-07
SHP124542,ORD782542,Smartphone,North,Delivered,2025-11-06,2025-11-10
SHP124543,ORD782543,Dining Table,West,Delivered,2025-05-13,2025-05-16
SHP124544,ORD782544,Monitor,East,Delivered,2025-01-14,2025-01-18
SHP124545,ORD782545,Car Seat,South,Delivered,2025-02-04,2025-02-07
SHP124546,ORD782546,Jacket,North,Delivered,2025-02-10,2025-02-13
SHP124547,ORD782547,Other Product,North,Delivered,2025-10-18,2025-10-21
SHP124548,ORD782548,Engine Oil,East,Delivered,2025-05-10,2025-05-16
SHP124549,ORD782549,Face Cream,North,Delivered,2025-10-03,2025-10-06
SHP124550,ORD782550,Sofa,South,Delivered,2025-03-22,2025-03-27
SHP124551,ORD782551,Headphones,South,Delivered,2025-07-24,2025-07-27
SHP124552,ORD782552,Keyboard,North,Delivered,2025-08-11,2025-08-14
SHP124553,ORD782553,Laptop,North,Delivered,2025-07-24,2025-07-30
SHP124554,ORD782554,T-Shirt,South,In Transit,2025-03-10,2025-03-17
SHP124555,ORD782555,Shampoo,North,Delivered,2025-12-21,2025-12-26
SHP124556,ORD782556,Keyboard,West,Delivered,2025-12-27,2026-01-03
SHP124557,ORD782557,T-Shirt,North,Delivered,2025-08-31,2025-09-03
SHP124558,ORD782558,Sofa,South,Delivered,2025-12-17,2025-12-19
SHP124559,ORD782559,Other Product,East,Delivered,2025-10-07,2025-10-11
SHP124560,ORD782560,Shampoo,West,Delivered,2025-01-17,2025-01-20
SHP124561,ORD782561,Headphones,East,Delivered,2025-10-12,2025-10-17
SHP124562,ORD782562,Engine Oil,West,Delivered,2025-07-12,2025-07-16
SHP124563,ORD782563,Headphones,North,Delayed,2025-07-21,2025-07-25
SHP124564,ORD782564,Sofa,West,Delivered,2025-05-24,2025-05-29
SHP124565,ORD782565,Smartphone,North,Delivered,2025-11-01,2025-11-06
SHP124566,ORD782566,Headphones,West,Delivered,2025-05-13,2025-05-17
SHP124567,ORD782567,Headphones,South,Delivered,2025-09-09,2025-09-14
SHP124568,ORD782568,Shampoo,West,Delivered,2025-05-21,2025-05-25
SHP124569,ORD782569,Face Cream,East,Delivered,2025-08-06,2025-08-10
SHP124570,ORD782570,T-Shirt,North,Delivered,2025-09-09,2025-09-14
SHP124571,ORD782571,Dining Table,East,Delivered,2025-01-11,2025-01-15
SHP124572,ORD782572,Jacket,East,Delivered,2025-05-24,2025-05-27
SHP124573,ORD782573,T-Shirt,North,Delivered,2025-02-20,2025-02-23
SHP124574,ORD782574,Keyboard,West,Delivered,2025-11-06,2025-11-13
SHP124575,ORD782575,Headphones,South,Delivered,2025-06-26,2025-07-04
SHP124576,ORD782576,Dining Table,East,Delivered,2025-08-06,2025-08-10
SHP124577,ORD782577,Headphones,North,Delivered,2025-08-10,2025-08-15
SHP124578,ORD782578,Dining Table,West,Delivered,2025-03-12,2025-03-15
SHP124579,ORD782579,Smartphone,North,Delivered,2025-06-21,2025-06-23
SHP124580,ORD782580,Face Cream,South,Delivered,2025-12-24,2025-12-28
SHP124581,ORD782581,Monitor,South,Delivered,2025-08-22,2025-08-30
SHP124582,ORD782582,Sofa,West,Delivered,2025-02-26,2025-03-01
SHP124583,ORD782583,Smartphone,West,In Transit,2025-07-23,2025-07-29
SHP124584,ORD782584,Car Seat,East,Delivered,2025-09-23,2025-09-26
SHP124585,ORD782585,Smartphone,North,Delivered,2025-05-04,2025-05-09
SHP124586,ORD782586,T-Shirt,West,Delivered,2025-03-31,2025-04-03
SHP124587,ORD782587,Car Seat,North,Delivered,2025-02-09,2025-02-14
SHP124588,ORD782588,Engine Oil,East,Delivered,2025-05-26,2025-05-29
SHP124589,ORD782589,Face Cream,East,Delayed,2025-06-18,2025-06-22
SHP124590,ORD782590,Jeans,South,Delivered,2025-12-29,2025-12-31
SHP124591,ORD782591,Headphones,West,Delivered,2025-06-30,2025-07-07
SHP124592,ORD782592,Monitor,East,Delivered,2025-06-09,2025-06-15
SHP124593,ORD782593,Engine Oil,North,Delivered,2025-03-20,2025-03-24
SHP124594,ORD782594,Laptop,North,Delivered,2025-12-05,2025-12-11
SHP124595,ORD782595,Sofa,South,Delivered,2025-11-24,2025-11-28
SHP124596,ORD782596,Jeans,West,Delivered,2025-07-24,2025-07-29
SHP124597,ORD782597,Keyboard,North,Delivered,2025-02-06,2025-02-09
SHP124598,ORD782598,Keyboard,West,Delivered,2025-03-21,2025-03-25
SHP124599,ORD782599,Laptop,South,Delivered,2025-03-14,2025-03-17
SHP124600,ORD782600,Keyboard,South,Delivered,2025-06-10,2025-06-13
SHP124601,ORD782601,Keyboard,East,Delivered,2025-04-18,2025-04-20
SHP124602,ORD782602,Sofa,East,Delivered,2025-06-23,2025-06-27
SHP124603,ORD782603,Laptop,West,Delivered,2025-09-17,2025-09-24
SHP124604,ORD782604,Jeans,West,Delivered,2025-03-26,2025-04-02
SHP124605,ORD782605,Dining Table,East,Delivered,2025-02-19,2025-02-27
SHP124606,ORD782606,Car Seat,East,Delivered,2025-01-16,2025-01-21
SHP124607,ORD782607,Sofa,North,Delivered,2025-09-12,2025-09-18
SHP124608,ORD782608,Jacket,North,Delivered,2025-04-09,2025-04-13
SHP124609,ORD782609,Headphones,South,Delivered,2025-08-29,2025-08-31
SHP124610,ORD782610,Engine Oil,West,Delivered,2025-10-27,2025-10-30
SHP124611,ORD782611,Dining Table,West,Delivered,2025-11-19,2025-11-24
SHP124612,ORD782612,Engine Oil,South,Delayed,2025-01-15,2025-01-19
SHP124613,ORD782613,Keyboard,South,Delivered,2025-02-23,2025-02-28
SHP124614,ORD782614,Sofa,North,Delivered,2025-01-20,2025-01-24
SHP124615,ORD782615,T-Shirt,North,Delivered,2025-03-02,2025-03-06
SHP124616,ORD782616,Engine Oil,West,Delivered,2025-07-01,2025-07-05
SHP124617,ORD782617,Keyboard,South,Delivered,2025-12-20,2025-12-23
SHP124618,ORD782618,Sofa,South,Delivered,2025-03-14,2025-03-18
SHP124619,ORD782619,Headphones,West,Delivered,2025-10-06,2025-10-09
SHP124620,ORD782620,Headphones,West,Delayed,2025-09-09,2025-09-14
SHP124621,ORD782621,Car Seat,West,Delivered,2025-08-07,2025-08-11
SHP124622,ORD782622,Jacket,North,Delivered,2025-10-18,2025-10-24
SHP124623,ORD782623,Shampoo,North,In Transit,2025-11-29,2025-12-04
SHP124624,ORD782624,Keyboard,East,Delivered,2025-09-28,2025-10-05
SHP124625,ORD782625,Smartphone,West,Delivered,2025-02-05,2025-02-09
SHP124626,ORD782626,Other Product,East,Delivered,2025-08-29,2025-09-02
SHP124627,ORD782627,Other Product,North,Delivered,2025-04-19,2025-04-24
SHP124628,ORD782628,Jeans,North,Delivered,2025-11-20,2025-11-22
SHP124629,ORD782629,Jeans,East,Delivered,2025-05-10,2025-05-15
SHP124630,ORD782630,Sofa,South,Delayed,2025-03-28,2025-04-01
SHP124631,ORD782631,Keyboard,East,Delivered,2025-09-06,2025-09-10
SHP124632,ORD782632,Monitor,South,Delivered,2025-08-24,2025-08-27
SHP124633,ORD782633,Jeans,North,In Transit,2025-01-19,2025-01-21
SHP124634,ORD782634,Keyboard,West,Delivered,2025-03-18,2025-03-25
SHP124635,ORD782635,Sofa,East,Delivered,2025-04-08,2025-04-10
SHP124636,ORD782636,T-Shirt,West,Delivered,2025-04-20,2025-04-24
SHP124637,ORD782637,Smartphone,South,Delivered,2025-08-07,2025-08-09
SHP124638,ORD782638,Headphones,North,Delivered,2025-11-03,2025-11-07
SHP124639,ORD782639,Keyboard,North,Delivered,2025-12-09,2025-12-14
SHP124640,ORD782640,Shampoo,West,Delivered,2025-04-11,2025-04-18
SHP124641,ORD782641,T-Shirt,West,Delivered,2025-11-12,2025-11-16
SHP124642,ORD782642,T-Shirt,West,Delivered,2025-09-16,2025-09-20
SHP124643,ORD782643,Car Seat,West,Delivered,2025-07-23,2025-07-28
SHP124644,ORD782644,Jeans,East,Delayed,2025-11-18,2025-11-21
SHP124645,ORD782645,Monitor,West,In Transit,2025-03-28,2025-04-04
SHP124646,ORD782646,Jacket,South,In Transit,2025-01-15,2025-01-18
SHP124647,ORD782647,Laptop,South,Delivered,2025-10-09,2025-10-16
SHP124648,ORD782648,Laptop,South,Delivered,2025-10-17,2025-10-19
SHP124649,ORD782649,Monitor,South,Delivered,2025-06-16,2025-06-19
SHP124650,ORD782650,Laptop,South,Delivered,2025-05-23,2025-05-25
SHP124651,ORD782651,Engine Oil,North,Delivered,2025-02-17,2025-02-20
SHP124652,ORD782652,Engine Oil,West,Delivered,2025-11-06,2025-11-10
SHP124653,ORD782653,Monitor,West,Delivered,2025-02-05,2025-02-09
SHP124654,ORD782654,Sofa,East,Delivered,2025-05-21,2025-05-25
SHP124655,ORD782655,Engine Oil,West,Delivered,2025-09-09,2025-09-12
SHP124656,ORD782656,Sofa,South,Delivered,2025-05-11,2025-05-17
SHP124657,ORD782657,Shampoo,North,Delivered,2025-08-04,2025-08-07
SHP124658,ORD782658,Sofa,West,Delivered,2025-08-17,2025-08-24
SHP124659,ORD782659,Car Seat,South,Delivered,2025-06-28,2025-07-03
SHP124660,ORD782660,Jeans,South,Delivered,2025-07-12,2025-07-17
SHP124661,ORD782661,Shampoo,North,Delivered,2025-12-29,2026-01-05
SHP124662,ORD782662,Laptop,West,Delivered,2025-12-29,2026-01-02
SHP124663,ORD782663,Shampoo,North,Delivered,2025-06-13,2025-06-15
SHP124664,ORD782664,Jeans,South,Delivered,2025-07-17,2025-07-23
SHP124665,ORD782665,Laptop,South,Delivered,2025-09-29,2025-10-07
SHP124666,ORD782666,Car Seat,South,Delivered,2025-05-31,2025-06-06
SHP124667,ORD782667,Car Seat,West,Delivered,2025-09-02,2025-09-08
SHP124668,ORD782668,Sofa,West,Delivered,2025-12-13,2025-12-20
SHP124669,ORD782669,Headphones,North,Delivered,2025-08-07,2025-08-14
SHP124670,ORD782670,Car Seat,North,Delivered,2025-06-21,2025-06-26
SHP124671,ORD782671,Engine Oil,North,Delivered,2025-04-22,2025-04-24
SHP124672,ORD782672,Laptop,North,Delivered,2025-12-01,2025-12-08
SHP124673,ORD782673,Jacket,East,Delivered,2025-10-23,2025-10-26
SHP124674,ORD782674,T-Shirt,East,Delivered,2025-05-07,2025-05-11
SHP124675,ORD782675,Other Product,North,Delivered,2025-09-19,2025-09-24
SHP124676,ORD782676,Face Cream,West,Delivered,2025-05-14,2025-05-18
SHP124677,ORD782677,Shampoo,West,Delivered,2025-10-29,2025-11-03
SHP124678,ORD782678,Other Product,South,Delivered,2025-01-04,2025-01-08
SHP124679,ORD782679,Monitor,East,Delivered,2025-09-25,2025-09-30
SHP124680,ORD782680,Monitor,South,Delivered,2025-07-13,2025-07-18
SHP124681,ORD782681,Car Seat,North,Delayed,2025-09-30,2025-10-04
SHP124682,ORD782682,Face Cream,North,Delivered,2025-02-08,2025-02-10
SHP124683,ORD782683,Engine Oil,South,In Transit,2025-02-15,2025-02-19
SHP124684,ORD782684,Monitor,West,In Transit,2025-08-26,2025-09-03
SHP124685,ORD782685,Engine Oil,West,Delivered,2025-12-01,2025-12-04
SHP124686,ORD782686,Shampoo,North,In Transit,2025-07-26,2025-07-31
SHP124687,ORD782687,T-Shirt,East,Delivered,2025-04-23,2025-04-26
SHP124688,ORD782688,Keyboard,West,Delivered,2025-11-06,2025-11-11
SHP124689,ORD782689,Laptop,South,Delivered,2025-05-14,2025-05-20
SHP124690,ORD782690,Engine Oil,South,Delivered,2025-04-15,2025-04-17
SHP124691,ORD782691,T-Shirt,South,Delayed,2025-11-01,2025-11-07
SHP124692,ORD782692,Smartphone,South,Delivered,2025-05-26,2025-05-28
SHP124693,ORD782693,Dining Table,West,Delivered,2025-08-21,2025-08-29
SHP124694,ORD782694,Keyboard,West,Delivered,2025-06-24,2025-06-29
SHP124695,ORD782695,Keyboard,North,Delayed,2025-07-01,2025-07-09
SHP124696,ORD782696,T-Shirt,South,Delivered,2025-05-08,2025-05-10
SHP124697,ORD782697,T-Shirt,South,In Transit,2025-07-02,2025-07-07
SHP124698,ORD782698,Keyboard,North,Delivered,2025-07-19,2025-07-24
SHP124699,ORD782699,Keyboard,East,Delivered,2025-09-03,2025-09-07
SHP124700,ORD782700,Shampoo,West,Delivered,2025-11-08,2025-11-12
SHP124701,ORD782701,Headphones,East,Delayed,2025-05-05,2025-05-10
SHP124702,ORD782702,Engine Oil,South,Delivered,2025-06-01,2025-06-03
SHP124703,ORD782703,Shampoo,West,Delivered,2025-03-18,2025-03-21
SHP124704,ORD782704,Jeans,West,Delivered,2025-05-30,2025-06-02
SHP124705,ORD782705,Keyboard,West,Delivered,2025-04-07,2025-04-11
SHP124706,ORD782706,Sofa,East,Delivered,2025-12-15,2025-12-20
SHP124707,ORD782707,Car Seat,West,Delivered,2025-11-02,2025-11-05
SHP124708,ORD782708,Headphones,West,Delivered,2025-08-06,2025-08-10
SHP124709,ORD782709,Other Product,South,Delivered,2025-02-22,2025-02-25
SHP124710,ORD782710,Car Seat,South,Delivered,2025-10-23,2025-10-31
SHP124711,ORD782711,Face Cream,West,Delivered,2025-05-21,2025-05-24
SHP124712,ORD782712,Jeans,West,In Transit,2025-04-17,2025-04-23
SHP124713,ORD782713,T-Shirt,North,Delivered,2025-07-07,2025-07-13
SHP124714,ORD782714,Laptop,South,Delivered,2025-01-30,2025-02-02
SHP124715,ORD782715,Jeans,South,Delivered,2025-01-28,2025-02-02
SHP124716,ORD782716,Headphones,East,Delivered,2025-08-07,2025-08-09
SHP124717,ORD782717,Car Seat,East,Delivered,2025-01-23,2025-01-28
SHP124718,ORD782718,Monitor,East,Delayed,2025-09-13,2025-09-18
SHP124719,ORD782719,Jeans,North,Delivered,2025-11-20,2025-11-22
SHP124720,ORD782720,Shampoo,North,Delivered,2025-05-04,2025-05-06
